week_start,lcfs_cat,GHGE_weekly_mean,LU_weekly_mean,WU_weekly_mean,GHGE_perkg_weekly_mean,LU_perkg_weekly_mean,WU_perkg_weekly_mean,GHGE_weekly_rank,LU_weekly_rank,WU_weekly_rank,calendar_month,GHGE_annual_mean,GHGE_annual_min,GHGE_annual_max,GHGE_annual_share,GHGE_annual_rank,GHGE_pct_from_annual_mean,GHGE_perkg_annual_mean,GHGE_perkg_annual_min,GHGE_perkg_annual_max,GHGE_perkg_max_abs_dev,GHGE_perkg_annual_rank,GHGE_perkg_pct_from_annual_mean,LU_annual_mean,LU_annual_min,LU_annual_max,LU_annual_share,LU_annual_rank,LU_pct_from_annual_mean,LU_perkg_annual_mean,LU_perkg_annual_min,LU_perkg_annual_max,LU_perkg_max_abs_dev,LU_perkg_annual_rank,LU_perkg_pct_from_annual_mean,WU_annual_mean,WU_annual_min,WU_annual_max,WU_annual_share,WU_annual_rank,WU_pct_from_annual_mean,WU_perkg_annual_mean,WU_perkg_annual_min,WU_perkg_annual_max,WU_perkg_max_abs_dev,WU_perkg_annual_rank,WU_perkg_pct_from_annual_mean
2022-01-01,"Baker's yeast, dessert preparations, soups",10617.063414285714,10842.806014285714,1821937.0792428572,2.415499285714286,2.478836285714286,414.59755,14,18,12,0,7985.690448,5158.9966,11109.725871,0.799941,17,32.951102,2.638836,2.399434,3.01519,0.376354,15,-8.463444,10133.984543,7743.733817,12772.186,0.392559,18,6.994499,3.457694,2.339541,5.233981,1.776287,19,-28.309563,1385906.736596,932849.351929,1911053.4077,1.084137,15,31.461738,459.239816,405.329624,545.753175,86.513359,15,-9.720905
2022-01-01,Beef and Lamb,239387.2126714286,864035.0219428571,3895564.7691428573,91.95892528571429,331.6872632857143,1495.3008414285716,1,1,7,0,207224.686107,139791.837786,342066.711086,20.758075,2,15.520606,90.78412,81.878412,93.473207,8.905708,1,1.294065,762451.264726,511727.556257,1210221.180571,29.535021,1,13.323312,332.544384,330.582466,339.041855,6.497471,1,-0.257746,3446260.019342,2311457.704143,5441731.711429,2.695867,7,13.037459,1502.220715,1486.381377,1554.67736,52.456645,4,-0.460643
2022-01-01,Breads and cereals,36548.39978571429,89068.38407142856,12889430.886999998,1.724361,4.202072285714286,609.2282114285715,7,5,3,0,34676.828332,27259.42595,44667.298843,3.473641,8,5.397182,1.729168,1.706626,1.753884,0.024716,21,-0.277973,84408.522919,67389.80845,110732.959757,3.269727,6,5.520605,4.207487,4.155123,4.294658,0.087171,16,-0.128702,12243011.855362,9951514.284967,16090617.298671,9.577201,3,5.279902,610.467519,604.357677,626.34124,15.87372,12,-0.20301
2022-01-01,"Buns, crispbread and biscuits",10098.193457142857,12737.207014285714,824937.6713142857,4.368883428571428,5.501441714285714,359.6853427142857,15,16,20,0,14641.766396,7038.073033,18824.045329,1.466692,11,-31.03159,4.567265,3.926231,4.713494,0.641034,10,-4.343561,18464.739406,8809.09675,23471.154129,0.715267,15,-31.018756,5.761494,4.890149,5.974548,0.871345,12,-4.513619,1107429.666344,654959.338583,1873560.941871,0.866296,17,-25.508798,345.52277,336.010497,388.190236,42.667466,17,4.098883
2022-01-01,Cakes and puddings,9446.5345,19153.708185714288,1474606.8388571427,3.6751078571428573,7.454183428571429,573.8674635714286,17,14,15,0,12052.166693,9446.5345,27323.8271,1.207288,13,-21.619616,3.866842,3.605168,4.120057,0.261674,12,-4.95841,24195.206302,19153.708186,54549.739343,0.937248,13,-20.836764,7.761808,7.357303,8.090825,0.404506,11,-3.963317,1796396.537273,1442834.604586,4056742.431329,1.405247,13,-17.913066,574.910952,564.979312,581.588772,9.93164,13,-0.181504
2022-01-01,Chocolate,28600.258742857142,49479.91767142857,1514611.7915,26.64664757142857,46.09905942857143,1410.9859592857142,8,7,14,0,58315.82945,28150.229133,132547.293257,5.841603,5,-50.956269,26.648336,26.635705,26.70231,0.053974,3,-0.006336,100886.00487,48669.253133,229294.0415,3.908014,5,-50.954627,46.100992,46.086531,46.162786,0.061793,2,-0.004193,3087731.596088,1485490.099517,7016207.887686,2.415405,10,-50.947427,1410.912515,1408.565066,1411.461877,2.347449,5,0.005205
2022-01-01,Confectionery products,1765.3858,2750.634657142857,230446.14054285715,3.4583068571428575,5.392334142857143,454.39631099999997,27,26,24,0,2639.015552,1230.34235,3506.494586,0.264355,26,-33.104381,3.375115,3.076151,3.996045,0.620931,13,2.464867,4173.185967,1949.08865,5594.6689,0.161656,24,-34.087896,5.335199,4.888743,6.384052,1.048852,14,1.070903,365423.519615,182796.127083,451633.892,0.285856,24,-36.937245,467.73042,451.206086,488.80262,21.0722,14,-2.850811
2022-01-01,Dairy alternative,3278.0593285714285,2341.9335,93734.3442857143,0.9800175714285714,0.700136,28.020639857142857,25,27,29,0,2660.652938,1800.759517,3323.2613,0.266522,25,23.205071,0.980224,0.980018,0.980467,0.000243,24,-0.021071,1904.762021,1287.6059,2379.9254,0.073785,27,22.951501,0.701721,0.700136,0.703588,0.001867,27,-0.22583,76719.871596,51670.4985,95957.073143,0.060015,29,22.1774,28.261161,28.02064,28.544487,0.283326,29,-0.851066
2022-01-01,Dairy products and eggs,228607.73735714285,695242.3677571429,47451350.59338571,4.563031,13.874816714285714,947.127741,2,2,1,0,232477.799758,181843.006267,351065.404543,23.287725,1,-1.664702,4.695567,4.563031,5.229134,0.533567,8,-2.822574,710535.102733,556267.420133,1103935.183871,27.523948,2,-2.152284,14.350037,13.874504,16.437715,2.087678,7,-3.31163,48504478.375397,37951671.559517,74580377.351429,37.943045,1,-2.171197,979.638118,947.127741,1110.38497,130.746852,8,-3.318611
2022-01-01,Dried fruit and nuts,1440.2604142857142,8357.026028571428,2246022.0307285716,1.8896025714285716,10.957409142857143,2944.472457,28,20,10,0,1354.723428,1038.388929,3492.095486,0.135705,28,6.313981,1.889388,1.871719,1.912103,0.022716,18,0.011361,7856.897445,6027.1344,20353.999714,0.304352,20,6.365472,10.957706,10.926228,10.982189,0.031477,9,-0.002707,2111373.829218,1619963.4337,5475933.913743,1.65164,12,6.377279,2944.647013,2926.133188,2959.04748,18.513825,2,-0.005928
2022-01-01,Edible oils and plant-based spreads,11704.462928571429,33096.25662857143,2227346.4102285714,4.595404857142857,12.999301714285716,873.8474891428571,12,9,11,0,11516.024682,7616.68445,19449.161571,1.153581,14,1.636313,4.571062,4.524855,4.614628,0.046207,9,0.532537,32326.766906,21393.85755,58323.040243,1.25224,9,2.380349,12.826853,12.319996,13.748304,0.921451,8,1.344435,2159306.817661,1382403.26375,3664321.3365,1.689136,11,3.150992,859.015758,796.975647,904.810217,62.040111,9,1.726596
2022-01-01,Fish and fish products,48433.79454285714,28013.00562857143,12606519.529428571,14.164105285714285,8.182162428571429,3683.9001137142855,5,11,4,0,44048.218618,32840.772867,56109.634029,4.41239,6,9.956307,14.279638,14.164105,14.795633,0.515995,5,-0.809075,25097.448283,17677.2765,30066.8442,0.972198,12,11.616947,8.135042,7.924591,8.182162,0.210451,10,0.579229,11359882.239798,8182560.301667,13942633.360857,8.886365,4,10.974034,3682.364329,3675.505187,3683.900114,6.859142,1,0.041706
2022-01-01,"Fresh, chilled or frozen fruit",16129.553614285715,26813.5897,3411778.4392999997,0.8552609999999999,1.4213367142857145,181.192111,10,12,9,0,15789.317297,10891.896033,19602.676833,1.581645,10,2.154851,0.869141,0.801294,0.91134,0.067847,26,-1.596996,26149.090577,18436.855767,31249.10995,1.012935,11,2.541194,1.440723,1.375786,1.496551,0.064936,24,-1.345568,3309952.701717,2308666.66155,4022982.239033,2.589239,9,3.07635,182.199418,171.490344,193.700603,11.501184,24,-0.55286
2022-01-01,Fruit and vegetable juices,4102.438857142857,6734.1819428571425,1008403.9305428572,0.552747,0.9079084285714286,135.94392585714286,22,21,18,0,3956.552029,3322.8124,6014.348971,0.396335,21,3.687221,0.549655,0.523444,0.565905,0.026211,27,0.562471,6420.381727,5507.827633,10098.037914,0.248706,21,4.887563,0.890925,0.874856,0.907908,0.016983,26,1.906262,957660.438973,802306.9711,1466231.447171,0.749138,19,5.298694,133.064152,127.725177,136.908499,5.338975,25,2.1642
2022-01-01,"Leafy and stem vegetables, including cabbages",2878.9757,2893.5313,612337.9842571429,0.5211427142857142,0.5233854285714286,110.77811728571429,26,25,23,0,2757.371029,2291.510433,5559.985586,0.276211,24,4.410167,0.52777,0.516959,0.544295,0.016525,28,-1.255716,2803.538455,2332.706917,5906.793629,0.1086,26,3.209974,0.535526,0.508317,0.556186,0.027209,29,-2.267066,582885.201471,490911.0199,1223458.897614,0.455967,23,5.05293,111.33321,109.938657,113.745759,2.412549,26,-0.498587
2022-01-01,Meat alternative,3503.2967857142858,4499.523785714286,213911.03694285714,3.2363102857142856,4.1423945714285715,196.47185214285716,23,23,25,0,2334.920785,1507.460183,3546.6332,0.233893,27,50.039214,3.203856,3.15683,3.258684,0.054828,14,1.012973,2935.016621,1767.951217,4661.065671,0.113694,25,53.304883,4.007139,3.664715,4.363268,0.356129,17,3.375366,134877.095393,76279.345517,224216.564714,0.105509,27,58.597007,183.238195,156.950947,211.128878,27.890684,23,7.222107
2022-01-01,Other Meat,151538.62444285717,315748.5910285714,13319154.603757143,13.634735142857142,28.279106428571428,1201.3087152857145,3,3,2,0,155605.134295,120499.749017,240673.170914,15.58725,3,-2.613352,14.54359,13.440539,15.963764,1.420174,4,-6.249177,346493.577259,242973.5198,463373.103614,13.422097,3,-8.873176,32.476188,26.094584,40.120317,7.644129,4,-12.923567,12871723.378448,10935977.428233,23519542.951257,10.069016,2,3.476079,1196.865944,1171.617404,1306.265527,109.399583,7,0.3712
2022-01-01,Other vegetables,24022.90877142857,57133.87907142857,4683221.626914286,1.3548419999999999,3.200616,263.68783114285714,9,6,6,0,21710.047346,15914.283133,28532.786986,2.174735,9,10.653415,1.356362,1.328676,1.385649,0.029287,22,-0.112062,48418.258862,34800.809067,62979.575171,1.875575,7,18.000689,3.024343,2.70005,3.328264,0.324293,20,5.828476,4158886.236624,3003937.482633,5335174.981029,3.253324,6,12.607592,259.81835,251.354083,267.523771,8.464267,21,1.489302
2022-01-01,Pasta products,4231.418685714286,9202.505628571429,1572840.7931571428,1.7589784285714285,3.8296514285714283,653.689195,21,19,13,0,3786.170854,2469.686283,4294.3287,0.379268,22,11.759845,1.768948,1.755839,1.788505,0.019556,20,-0.563603,8190.71269,5343.18925,9354.024514,0.317283,19,12.352929,3.82556,3.819282,3.831063,0.006278,18,0.106951,1402184.256253,917760.774833,1595015.077443,1.096871,14,12.170764,655.192799,650.769265,663.292973,8.100175,11,-0.22949
2022-01-01,Pastry (savoury),11949.650385714285,30473.867185714284,840238.0782714287,9.030353285714286,22.95292314285714,640.5785577142857,11,10,19,0,12126.324274,10321.05505,19579.955629,1.214716,12,-1.456945,8.741523,6.799252,9.710859,1.942272,7,3.304114,29965.389169,23568.996617,40972.183471,1.160767,10,1.696884,21.659973,14.495135,25.177449,7.164837,6,5.969309,922921.302795,826556.673571,1901873.346986,0.721963,20,-8.95886,662.523247,612.539212,710.974256,49.984035,10,-3.31229
2022-01-01,"Potatoes, root crops, non-starchy bulbs and mushrooms",10674.474,15838.946871428572,1141050.4871428572,0.4638305714285714,0.6886312857142858,49.60294157142857,13,15,17,0,9479.581166,7237.189171,19570.309457,0.949587,16,12.604912,0.46348,0.458367,0.464637,0.005112,29,0.075699,14246.901157,10888.947086,28934.506829,0.551881,16,11.174681,0.697227,0.679129,0.705335,0.018099,28,-1.232911,1017563.41704,774128.405286,2033935.952857,0.795998,18,12.135565,49.794536,47.743595,50.189854,2.050941,28,-0.384771
2022-01-01,Preserved fruit and fruit based products,781.0496285714286,1158.7378857142858,166881.5844142857,0.8721274285714286,1.2971112857142857,186.68795414285714,29,29,26,0,792.376834,427.837867,909.3098,0.079374,29,-1.429523,0.873013,0.862756,0.878507,0.010257,25,-0.101486,1172.190112,623.814667,1352.714314,0.045407,30,-1.147615,1.290893,1.277285,1.314326,0.023434,25,0.481705,168954.540101,90254.870717,194439.635686,0.132166,25,-1.226931,186.086047,184.937372,188.026297,1.940251,22,0.323457
2022-01-01,Ready meals,68891.08775714286,232432.43784285712,7691810.415771429,11.413083714285715,38.37794185714286,1276.1609311428572,4,4,5,0,69234.105759,59992.4463,88710.792357,6.935307,4,-0.495447,11.115542,10.328625,11.579405,0.786918,6,2.676804,227633.511184,196833.1531,286054.254,8.817823,4,2.108181,36.533255,33.59909,38.377942,2.934165,3,5.049338,8015120.061351,6754268.6726,9946543.391871,6.269897,5,-4.033747,1287.886634,1233.17431,1329.759094,54.712323,6,-0.910461
2022-01-01,Rice,7405.989,4693.2589,3730970.033514286,4.397832857142857,2.786191,2215.7656662857144,18,22,8,0,6693.004805,4764.563817,7877.731471,0.670451,18,10.652677,4.413957,4.395409,4.435112,0.021155,11,-0.365302,4231.196538,3004.00565,4992.0532,0.163904,23,10.920371,2.790459,2.785549,2.796059,0.0056,21,-0.152957,3374950.652558,2405027.938333,3968670.926971,2.640084,8,10.548877,2225.728891,2214.268126,2238.80079,13.071899,3,-0.447639
2022-01-01,"Salt, spices, culinary herbs and other food products",440.14578571428575,1081.3372714285713,138777.7302,0.8974731428571429,2.2170381428571426,287.4816031428571,30,30,27,0,516.810652,379.375457,1145.614886,0.05177,30,-14.834227,1.074819,0.809817,1.221574,0.265002,23,-16.500064,1349.002485,884.187243,3982.261571,0.052256,29,-19.841714,2.758251,1.860042,4.102337,1.344086,22,-19.621581,163697.872327,91196.791014,737993.111686,0.128054,26,-15.223254,323.367205,227.575549,684.446814,361.079609,19,-11.097477
2022-01-01,"Sauces, condiments",9708.726200000001,19200.286485714285,1393990.6390285713,2.2537865714285714,4.467770285714286,323.93088842857145,16,13,16,0,9741.672716,6612.831643,16390.927014,0.975841,15,-0.338202,2.272242,2.219467,2.334464,0.062222,16,-0.812202,19720.604072,13509.463229,32628.764671,0.763916,14,-2.638446,4.633239,4.137111,5.845381,1.212142,15,-3.57134,1352646.415272,951675.764257,2346649.088014,1.058119,16,3.056543,315.774797,298.01131,338.335853,22.561056,20,2.582882
2022-01-01,Savoury snacks,3381.4493,10938.676071428572,799211.4382285714,1.8920635714285716,6.1094415714285715,437.7158464285714,24,17,21,0,3508.406924,2934.376717,6976.290086,0.351444,23,-3.618669,1.778011,1.72737,1.930614,0.152603,19,6.414621,11150.688654,9137.195133,21948.036743,0.431943,17,-1.901341,5.653864,5.480259,6.146643,0.492779,13,8.057803,678020.444067,547013.339467,1387744.531357,0.530387,22,17.874239,343.50234,316.547979,437.715846,94.213506,18,27.427326
2022-01-01,"Soft drinks (inc. fizzy and ready to drink fruit drinks), mineral or spring water",4758.8168000000005,1169.9967714285715,55096.7526,0.20639685714285713,0.05081485714285715,2.3955494285714285,19,28,30,0,5649.728345,4618.665886,10412.868729,0.565944,19,-15.769104,0.21015,0.205601,0.225306,0.015156,30,-1.785751,1483.983748,1169.996771,3335.102614,0.057485,28,-21.158384,0.055049,0.049885,0.071721,0.016672,30,-7.691485,65043.039427,52897.311257,116022.955314,0.05088,30,-15.291854,2.439413,2.236549,2.64423,0.204817,30,-1.798108
2022-01-01,"Sugar, sugar products, jams and marmalades",4492.125385714286,3793.1359571428575,776961.7570285714,2.1326945714285714,1.803174857142857,369.0708112857143,20,24,22,0,5300.058234,3688.53565,8378.2543,0.530917,20,-15.243849,2.154882,2.107335,2.194137,0.047547,17,-1.029632,4454.640753,3104.651483,7005.104414,0.172559,22,-14.84979,1.811221,1.793978,1.825456,0.017243,23,-0.444237,914944.404727,637128.790567,1443213.123371,0.715723,21,-15.080987,372.001013,365.721601,377.185269,6.279412,16,-0.787687
2022-01-01,"Tea, coffee, cocoa and powdered chocolate",42204.99171428571,45850.92747142857,111351.3862,26.715774142857146,28.951484285714287,70.38412414285715,6,8,28,0,39709.720555,28327.34405,54265.222929,3.977795,7,6.283779,26.740506,26.019858,27.627357,0.88685,2,-0.09249,42263.378573,30278.014383,59652.770557,1.637153,8,8.488552,28.425734,27.112628,30.299542,1.873808,5,1.849558,99012.963197,64382.544514,171887.487971,0.077454,28,12.461422,66.404043,50.741391,87.517516,21.113474,27,5.993734
2022-01-08,"Baker's yeast, dessert preparations, soups",11109.72587142857,11906.442442857142,1911053.4077,2.4438467142857143,2.6015179999999996,420.0741972857143,15,18,13,0,7985.690448,5158.9966,11109.725871,0.799941,17,39.120417,2.638836,2.399434,3.01519,0.376354,15,-7.389204,10133.984543,7743.733817,12772.186,0.392559,18,17.490237,3.457694,2.339541,5.233981,1.776287,19,-24.761484,1385906.736596,932849.351929,1911053.4077,1.084137,15,37.89192,459.239816,405.329624,545.753175,86.513359,15,-8.528359
2022-01-08,Beef and Lamb,253851.01537142857,917716.5920857143,4138477.0595714287,91.81228457142856,331.7942502857143,1496.1645884285715,1,1,7,0,207224.686107,139791.837786,342066.711086,20.758075,2,22.500374,90.78412,81.878412,93.473207,8.905708,1,1.132538,762451.264726,511727.556257,1210221.180571,29.535021,1,20.363967,332.544384,330.582466,339.041855,6.497471,1,-0.225574,3446260.019342,2311457.704143,5441731.711429,2.695867,7,20.086036,1502.220715,1486.381377,1554.67736,52.456645,4,-0.403145
2022-01-08,Breads and cereals,38419.837542857145,93714.2112857143,13511368.068542857,1.7343620000000002,4.229035285714286,609.4833844285714,7,5,3,0,34676.828332,27259.42595,44667.298843,3.473641,8,10.793978,1.729168,1.706626,1.753884,0.024716,21,0.300398,84408.522919,67389.80845,110732.959757,3.269727,6,11.024584,4.207487,4.155123,4.294658,0.087171,16,0.512132,12243011.855362,9951514.284967,16090617.298671,9.577201,3,10.359838,610.467519,604.357677,626.34124,15.87372,12,-0.16121
2022-01-08,"Buns, crispbread and biscuits",12372.7655,15619.127271428571,968492.0171428572,4.4945257142857145,5.676789285714285,352.0750262857143,12,16,19,0,14641.766396,7038.073033,18824.045329,1.466692,11,-15.49677,4.567265,3.926231,4.713494,0.641034,10,-1.59263,18464.739406,8809.09675,23471.154129,0.715267,15,-15.41106,5.761494,4.890149,5.974548,0.871345,12,-1.470179,1107429.666344,654959.338583,1873560.941871,0.866296,17,-12.545957,345.52277,336.010497,388.190236,42.667466,17,1.896331
2022-01-08,Cakes and puddings,10631.866842857142,21521.310971428575,1634683.1233571428,3.746434285714286,7.581823999999999,575.4164911428571,16,13,14,0,12052.166693,9446.5345,27323.8271,1.207288,13,-11.784602,3.866842,3.605168,4.120057,0.261674,12,-3.113845,24195.206302,19153.708186,54549.739343,0.937248,13,-11.051343,7.761808,7.357303,8.090825,0.404506,11,-2.318847,1796396.537273,1442834.604586,4056742.431329,1.405247,13,-9.0021,574.910952,564.979312,581.588772,9.93164,13,0.087933
2022-01-08,Chocolate,38052.65958571429,65833.0582,2015192.0294428573,26.644651714285715,46.09677471428571,1411.0727441428571,8,6,12,0,58315.82945,28150.229133,132547.293257,5.841603,5,-34.747289,26.648336,26.635705,26.70231,0.053974,3,-0.013826,100886.00487,48669.253133,229294.0415,3.908014,5,-34.745103,46.100992,46.086531,46.162786,0.061793,2,-0.009149,3087731.596088,1485490.099517,7016207.887686,2.415405,10,-34.735518,1410.912515,1408.565066,1411.461877,2.347449,5,0.011356
2022-01-08,Confectionery products,2239.5755142857142,3492.8063857142856,293966.071,3.4772347142857143,5.420474428571429,454.04582414285716,27,25,24,0,2639.015552,1230.34235,3506.494586,0.264355,26,-15.135949,3.375115,3.076151,3.996045,0.620931,13,3.025673,4173.185967,1949.08865,5594.6689,0.161656,24,-16.303601,5.335199,4.888743,6.384052,1.048852,14,1.598349,365423.519615,182796.127083,451633.892,0.285856,24,-19.554693,467.73042,451.206086,488.80262,21.0722,14,-2.925744
2022-01-08,Dairy alternative,3323.2612999999997,2379.9254,95957.07314285715,0.980259,0.7019877142857143,28.301672571428572,25,27,29,0,2660.652938,1800.759517,3323.2613,0.266522,25,24.903976,0.980224,0.980018,0.980467,0.000243,24,0.003559,1904.762021,1287.6059,2379.9254,0.073785,27,24.946076,0.701721,0.700136,0.703588,0.001867,27,0.038052,76719.871596,51670.4985,95957.073143,0.060015,29,25.074601,28.261161,28.02064,28.544487,0.283326,29,0.143347
2022-01-08,Dairy products and eggs,247935.39085714286,757470.4396714286,51620971.98335714,4.6506871428571435,14.212779571428571,968.4504211428572,2,2,1,0,232477.799758,181843.006267,351065.404543,23.287725,1,6.649061,4.695567,4.563031,5.229134,0.533567,8,-0.955789,710535.102733,556267.420133,1103935.183871,27.523948,2,6.605632,14.350037,13.874504,16.437715,2.087678,7,-0.956495,48504478.375397,37951671.559517,74580377.351429,37.943045,1,6.425167,979.638118,947.127741,1110.38497,130.746852,8,-1.142023
2022-01-08,Dried fruit and nuts,1578.1524714285715,9159.226371428571,2461748.8187,1.8874152857142856,10.960439571428571,2946.254869142857,28,20,10,0,1354.723428,1038.388929,3492.095486,0.135705,28,16.492595,1.889388,1.871719,1.912103,0.022716,18,-0.104406,7856.897445,6027.1344,20353.999714,0.304352,20,16.575613,10.957706,10.926228,10.982189,0.031477,9,0.024949,2111373.829218,1619963.4337,5475933.913743,1.65164,12,16.594645,2944.647013,2926.133188,2959.04748,18.513825,2,0.054603
2022-01-08,Edible oils and plant-based spreads,12586.19757142857,35492.91537142857,2387647.9150571427,4.614627857142857,13.023496857142858,875.8188965714286,11,9,11,0,11516.024682,7616.68445,19449.161571,1.153581,14,9.292902,4.571062,4.524855,4.614628,0.046207,9,0.953074,32326.766906,21393.85755,58323.040243,1.25224,9,9.794201,12.826853,12.319996,13.748304,0.921451,8,1.533064,2159306.817661,1382403.26375,3664321.3365,1.689136,11,10.574741,859.015758,796.975647,904.810217,62.040111,9,1.956092
2022-01-08,Fish and fish products,50657.542971428564,29235.898714285715,13167773.135,14.167874428571428,8.180625428571428,3683.8500097142855,5,11,4,0,44048.218618,32840.772867,56109.634029,4.41239,6,15.004748,14.279638,14.164105,14.795633,0.515995,5,-0.78268,25097.448283,17677.2765,30066.8442,0.972198,12,16.489527,8.135042,7.924591,8.182162,0.210451,10,0.560336,11359882.239798,8182560.301667,13942633.360857,8.886365,4,15.914698,3682.364329,3675.505187,3683.900114,6.859142,1,0.040346
2022-01-08,"Fresh, chilled or frozen fruit",17440.66804285714,28967.41478571429,3693384.8364285715,0.8531187142857143,1.4175257142857143,180.68698742857143,10,12,9,0,15789.317297,10891.896033,19602.676833,1.581645,10,10.458658,0.869141,0.801294,0.91134,0.067847,26,-1.843479,26149.090577,18436.855767,31249.10995,1.012935,11,10.777905,1.440723,1.375786,1.496551,0.064936,24,-1.610088,3309952.701717,2308666.66155,4022982.239033,2.589239,9,11.584218,182.199418,171.490344,193.700603,11.501184,24,-0.830097
2022-01-08,Fruit and vegetable juices,4212.864057142857,6876.2916,1030428.0536285714,0.556165,0.9065301428571428,136.02476757142855,22,21,18,0,3956.552029,3322.8124,6014.348971,0.396335,21,6.478166,0.549655,0.523444,0.565905,0.026211,27,1.184315,6420.381727,5507.827633,10098.037914,0.248706,21,7.100978,0.890925,0.874856,0.907908,0.016983,26,1.751559,957660.438973,802306.9711,1466231.447171,0.749138,19,7.598478,133.064152,127.725177,136.908499,5.338975,25,2.224954
2022-01-08,"Leafy and stem vegetables, including cabbages",3320.163628571429,3381.252085714286,710339.9938,0.5214525714285714,0.5308045714285715,111.523273,26,26,23,0,2757.371029,2291.510433,5559.985586,0.276211,24,20.410478,0.52777,0.516959,0.544295,0.016525,28,-1.197005,2803.538455,2332.706917,5906.793629,0.1086,26,20.606588,0.535526,0.508317,0.556186,0.027209,29,-0.881673,582885.201471,490911.0199,1223458.897614,0.455967,23,21.866191,111.33321,109.938657,113.745759,2.412549,26,0.170715
2022-01-08,Meat alternative,3546.6331999999998,4661.0656714285715,224216.56471428572,3.2481842857142857,4.267946428571428,205.14907157142858,24,23,25,0,2334.920785,1507.460183,3546.6332,0.233893,27,51.895226,3.203856,3.15683,3.258684,0.054828,14,1.383589,2935.016621,1767.951217,4661.065671,0.113694,25,58.808834,4.007139,3.664715,4.363268,0.356129,17,6.508571,134877.095393,76279.345517,224216.564714,0.105509,27,66.237688,183.238195,156.950947,211.128878,27.890684,23,11.957593
2022-01-08,Other Meat,165317.40452857144,345088.49444285716,14465673.905614287,13.683864428571429,28.61255585714286,1195.8635201428572,3,3,2,0,155605.134295,120499.749017,240673.170914,15.58725,3,6.241613,14.54359,13.440539,15.963764,1.420174,4,-5.91137,346493.577259,242973.5198,463373.103614,13.422097,3,-0.405515,32.476188,26.094584,40.120317,7.644129,4,-11.896816,12871723.378448,10935977.428233,23519542.951257,10.069016,2,12.38335,1196.865944,1171.617404,1306.265527,109.399583,7,-0.083754
2022-01-08,Other vegetables,25047.619514285714,58948.917442857135,4884448.145742857,1.3552971428571428,3.1925415714285714,264.33241485714285,9,7,6,0,21710.047346,15914.283133,28532.786986,2.174735,9,15.373399,1.356362,1.328676,1.385649,0.029287,22,-0.078506,48418.258862,34800.809067,62979.575171,1.875575,7,21.749354,3.024343,2.70005,3.328264,0.324293,20,5.561495,4158886.236624,3003937.482633,5335174.981029,3.253324,6,17.446063,259.81835,251.354083,267.523771,8.464267,21,1.737393
2022-01-08,Pasta products,4281.293414285714,9283.2851,1587834.4548571429,1.764697,3.8272779999999997,654.6353147142856,21,19,15,0,3786.170854,2469.686283,4294.3287,0.379268,22,13.077132,1.768948,1.755839,1.788505,0.019556,20,-0.240328,8190.71269,5343.18925,9354.024514,0.317283,19,13.339162,3.82556,3.819282,3.831063,0.006278,18,0.04491,1402184.256253,917760.774833,1595015.077443,1.096871,14,13.240072,655.192799,650.769265,663.292973,8.100175,11,-0.085087
2022-01-08,Pastry (savoury),12240.703857142857,31656.2853,853113.1932714286,9.710858714285715,25.177449285714285,673.7523,13,10,21,0,12126.324274,10321.05505,19579.955629,1.214716,12,0.943234,8.741523,6.799252,9.710859,1.942272,7,11.08886,29965.389169,23568.996617,40972.183471,1.160767,10,5.642831,21.659973,14.495135,25.177449,7.164837,6,16.239525,922921.302795,826556.673571,1901873.346986,0.721963,20,-7.56382,662.523247,612.539212,710.974256,49.984035,10,1.694892
2022-01-08,"Potatoes, root crops, non-starchy bulbs and mushrooms",11509.194214285715,17098.904042857142,1229831.829142857,0.463565,0.6885711428571428,49.514548285714284,14,15,17,0,9479.581166,7237.189171,19570.309457,0.949587,16,21.410366,0.46348,0.458367,0.464637,0.005112,29,0.0184,14246.901157,10888.947086,28934.506829,0.551881,16,20.018409,0.697227,0.679129,0.705335,0.018099,28,-1.241537,1017563.41704,774128.405286,2033935.952857,0.795998,18,20.86046,49.794536,47.743595,50.189854,2.050941,28,-0.562287
2022-01-08,Preserved fruit and fruit based products,865.8332857142858,1290.2029285714286,185608.90517142857,0.8709787142857143,1.2980264285714287,186.72827242857144,29,29,26,0,792.376834,427.837867,909.3098,0.079374,29,9.270394,0.873013,0.862756,0.878507,0.010257,25,-0.233066,1172.190112,623.814667,1352.714314,0.045407,30,10.06772,1.290893,1.277285,1.314326,0.023434,25,0.552598,168954.540101,90254.870717,194439.635686,0.132166,25,9.857305,186.086047,184.937372,188.026297,1.940251,22,0.345123
2022-01-08,Ready meals,73421.91694285713,245046.82784285716,8400049.131214285,11.371767571428572,37.94452714285715,1298.3541815714286,4,4,5,0,69234.105759,59992.4463,88710.792357,6.935307,4,6.048769,11.115542,10.328625,11.579405,0.786918,6,2.305107,227633.511184,196833.1531,286054.254,8.817823,4,7.649716,36.533255,33.59909,38.377942,2.934165,3,3.862981,8015120.061351,6754268.6726,9946543.391871,6.269897,5,4.802537,1287.886634,1233.17431,1329.759094,54.712323,6,0.812769
2022-01-08,Rice,7877.73147142857,4992.0532,3968670.9269714286,4.395409428571428,2.7855494285714286,2214.268126142857,18,22,8,0,6693.004805,4764.563817,7877.731471,0.670451,18,17.700968,4.413957,4.395409,4.435112,0.021155,11,-0.420205,4231.196538,3004.00565,4992.0532,0.163904,23,17.982069,2.790459,2.785549,2.796059,0.0056,21,-0.175949,3374950.652558,2405027.938333,3968670.926971,2.640084,8,17.591969,2225.728891,2214.268126,2238.80079,13.071899,3,-0.514922
2022-01-08,"Salt, spices, culinary herbs and other food products",469.1290714285714,1076.9457428571427,137367.42487142858,0.8098171428571429,1.8600418571428572,238.132007,30,30,27,0,516.810652,379.375457,1145.614886,0.05177,30,-9.226122,1.074819,0.809817,1.221574,0.265002,23,-24.655484,1349.002485,884.187243,3982.261571,0.052256,29,-20.167253,2.758251,1.860042,4.102337,1.344086,22,-32.564433,163697.872327,91196.791014,737993.111686,0.128054,26,-16.084783,323.367205,227.575549,684.446814,361.079609,19,-26.35864
2022-01-08,"Sauces, condiments",10399.123914285714,20598.937042857142,1496314.5048,2.2600472857142857,4.476844857142857,325.0879171428572,17,14,16,0,9741.672716,6612.831643,16390.927014,0.975841,15,6.748853,2.272242,2.219467,2.334464,0.062222,16,-0.536672,19720.604072,13509.463229,32628.764671,0.763916,14,4.453885,4.633239,4.137111,5.845381,1.212142,15,-3.375482,1352646.415272,951675.764257,2346649.088014,1.058119,16,10.62126,315.774797,298.01131,338.335853,22.561056,20,2.949292
2022-01-08,Savoury snacks,3769.371071428571,11998.498842857141,820854.5462,1.9306138571428573,6.146642857142857,421.34031085714287,23,17,22,0,3508.406924,2934.376717,6976.290086,0.351444,23,7.438252,1.778011,1.72737,1.930614,0.152603,19,8.58279,11150.688654,9137.195133,21948.036743,0.431943,17,7.603209,5.653864,5.480259,6.146643,0.492779,13,8.715783,678020.444067,547013.339467,1387744.531357,0.530387,22,21.066341,343.50234,316.547979,437.715846,94.213506,18,22.660099
2022-01-08,"Soft drinks (inc. fizzy and ready to drink fruit drinks), mineral or spring water",5234.845399999999,1334.4973714285713,59639.18942857143,0.20848042857142857,0.052976142857142854,2.397964571428571,20,28,30,0,5649.728345,4618.665886,10412.868729,0.565944,19,-7.343414,0.21015,0.205601,0.225306,0.015156,30,-0.794281,1483.983748,1169.996771,3335.102614,0.057485,28,-10.073316,0.055049,0.049885,0.071721,0.016672,30,-3.765368,65043.039427,52897.311257,116022.955314,0.05088,30,-8.308114,2.439413,2.236549,2.64423,0.204817,30,-1.699103
2022-01-08,"Sugar, sugar products, jams and marmalades",5344.337928571428,4482.106285714285,921760.6368285714,2.1626365714285716,1.8140328571428572,373.0251278571428,19,24,20,0,5300.058234,3688.53565,8378.2543,0.530917,20,0.835457,2.154882,2.107335,2.194137,0.047547,17,0.359864,4454.640753,3104.651483,7005.104414,0.172559,22,0.61656,1.811221,1.793978,1.825456,0.017243,23,0.155248,914944.404727,637128.790567,1443213.123371,0.715723,21,0.744989,372.001013,365.721601,377.185269,6.279412,16,0.275299
2022-01-08,"Tea, coffee, cocoa and powdered chocolate",44242.90931428572,47887.92895714286,116768.93437142856,26.750342857142858,28.972364571428574,70.81502157142857,6,8,28,0,39709.720555,28327.34405,54265.222929,3.977795,7,11.415816,26.740506,26.019858,27.627357,0.88685,2,0.036785,42263.378573,30278.014383,59652.770557,1.637153,8,13.308331,28.425734,27.112628,30.299542,1.873808,5,1.923014,99012.963197,64382.544514,171887.487971,0.077454,28,17.932976,66.404043,50.741391,87.517516,21.113474,27,6.642636
2022-01-15,"Baker's yeast, dessert preparations, soups",10497.290557142856,11629.303614285715,1811865.8947142859,2.467062142857143,2.710536571428572,425.5296288571429,17,17,13,0,7985.690448,5158.9966,11109.725871,0.799941,17,31.451258,2.638836,2.399434,3.01519,0.376354,15,-6.509444,10133.984543,7743.733817,12772.186,0.392559,18,14.75549,3.457694,2.339541,5.233981,1.776287,19,-21.608557,1385906.736596,932849.351929,1911053.4077,1.084137,15,30.735052,459.239816,405.329624,545.753175,86.513359,15,-7.340432
2022-01-15,Beef and Lamb,248531.68948571428,898759.6403714286,4053153.5735714287,91.79336,331.80805714285714,1496.276058857143,2,1,7,0,207224.686107,139791.837786,342066.711086,20.758075,2,19.933438,90.78412,81.878412,93.473207,8.905708,1,1.111693,762451.264726,511727.556257,1210221.180571,29.535021,1,17.877651,332.544384,330.582466,339.041855,6.497471,1,-0.221422,3446260.019342,2311457.704143,5441731.711429,2.695867,7,17.610208,1502.220715,1486.381377,1554.67736,52.456645,4,-0.395725
2022-01-15,Breads and cereals,38410.32065714285,93432.48734285714,13428473.714014288,1.7443422857142856,4.242163714285715,609.5477495714285,8,5,3,0,34676.828332,27259.42595,44667.298843,3.473641,8,10.766533,1.729168,1.706626,1.753884,0.024716,21,0.877571,84408.522919,67389.80845,110732.959757,3.269727,6,10.690821,4.207487,4.155123,4.294658,0.087171,16,0.824157,12243011.855362,9951514.284967,16090617.298671,9.577201,3,9.682763,610.467519,604.357677,626.34124,15.87372,12,-0.150666
2022-01-15,"Buns, crispbread and biscuits",14052.96452857143,17812.104385714287,1050240.1040571427,4.610272285714286,5.841510428571429,345.49010257142857,11,15,18,0,14641.766396,7038.073033,18824.045329,1.466692,11,-4.021385,4.567265,3.926231,4.713494,0.641034,10,0.941634,18464.739406,8809.09675,23471.154129,0.715267,15,-3.534494,5.761494,4.890149,5.974548,0.871345,12,1.388821,1107429.666344,654959.338583,1873560.941871,0.866296,17,-5.164171,345.52277,336.010497,388.190236,42.667466,17,-0.009454
2022-01-15,Cakes and puddings,11855.436357142857,23804.551757142854,1772660.1040428572,3.8315319999999997,7.697718142857143,573.7659691428572,14,13,14,0,12052.166693,9446.5345,27323.8271,1.207288,13,-1.632323,3.866842,3.605168,4.120057,0.261674,12,-0.913142,24195.206302,19153.708186,54549.739343,0.937248,13,-1.614595,7.761808,7.357303,8.090825,0.404506,11,-0.825714,1796396.537273,1442834.604586,4056742.431329,1.405247,13,-1.321336,574.910952,564.979312,581.588772,9.93164,13,-0.199158
2022-01-15,Chocolate,42054.22334285714,72757.11422857143,2227295.4111,26.642827285714283,46.09468571428572,1411.1520994285713,7,6,11,0,58315.82945,28150.229133,132547.293257,5.841603,5,-27.885407,26.648336,26.635705,26.70231,0.053974,3,-0.020672,100886.00487,48669.253133,229294.0415,3.908014,5,-27.881856,46.100992,46.086531,46.162786,0.061793,2,-0.01368,3087731.596088,1485490.099517,7016207.887686,2.415405,10,-27.866288,1410.912515,1408.565066,1411.461877,2.347449,5,0.016981
2022-01-15,Confectionery products,2668.5898857142856,4150.869642857143,340495.73472857143,3.5423398571428573,5.509484428571429,451.20608628571426,27,25,24,0,2639.015552,1230.34235,3506.494586,0.264355,26,1.120658,3.375115,3.076151,3.996045,0.620931,13,4.954649,4173.185967,1949.08865,5594.6689,0.161656,24,-0.534755,5.335199,4.888743,6.384052,1.048852,14,3.266703,365423.519615,182796.127083,451633.892,0.285856,24,-6.821615,467.73042,451.206086,488.80262,21.0722,14,-3.532876
2022-01-15,Dairy alternative,3170.9762285714282,2270.6877999999997,91530.56485714286,0.9802551428571428,0.701957142857143,28.297078428571428,26,27,29,0,2660.652938,1800.759517,3323.2613,0.266522,25,19.180378,0.980224,0.980018,0.980467,0.000243,24,0.003165,1904.762021,1287.6059,2379.9254,0.073785,27,19.211102,0.701721,0.700136,0.703588,0.001867,27,0.033695,76719.871596,51670.4985,95957.073143,0.060015,29,19.304898,28.261161,28.02064,28.544487,0.283326,29,0.127091
2022-01-15,Dairy products and eggs,248960.79187142855,761288.0872285714,51869313.76417143,4.653826714285715,14.23476542857143,969.7231762857143,1,2,1,0,232477.799758,181843.006267,351065.404543,23.287725,1,7.090136,4.695567,4.563031,5.229134,0.533567,8,-0.888926,710535.102733,556267.420133,1103935.183871,27.523948,2,7.142924,14.350037,13.874504,16.437715,2.087678,7,-0.803283,48504478.375397,37951671.559517,74580377.351429,37.943045,1,6.937164,979.638118,947.127741,1110.38497,130.746852,8,-1.012102
2022-01-15,Dried fruit and nuts,1273.895,7290.767728571429,1953241.007242857,1.9088405714285714,10.93075,2928.792399428571,28,20,12,0,1354.723428,1038.388929,3492.095486,0.135705,28,-5.966415,1.889388,1.871719,1.912103,0.022716,18,1.029574,7856.897445,6027.1344,20353.999714,0.304352,20,-7.205512,10.957706,10.926228,10.982189,0.031477,9,-0.245998,2111373.829218,1619963.4337,5475933.913743,1.65164,12,-7.48957,2944.647013,2926.133188,2959.04748,18.513825,2,-0.538422
2022-01-15,Edible oils and plant-based spreads,12259.683185714284,34888.887357142856,2334896.960385714,4.596011428571429,13.088018714285713,876.2208017142857,13,9,10,0,11516.024682,7616.68445,19449.161571,1.153581,14,6.457597,4.571062,4.524855,4.614628,0.046207,9,0.545807,32326.766906,21393.85755,58323.040243,1.25224,9,7.925693,12.826853,12.319996,13.748304,0.921451,8,2.036086,2159306.817661,1382403.26375,3664321.3365,1.689136,11,8.131783,859.015758,796.975647,904.810217,62.040111,9,2.002879
2022-01-15,Fish and fish products,49735.963800000005,28540.317514285714,12882807.59057143,14.213670857142857,8.161947,3683.241235142857,5,12,4,0,44048.218618,32840.772867,56109.634029,4.41239,6,12.912543,14.279638,14.164105,14.795633,0.515995,5,-0.461968,25097.448283,17677.2765,30066.8442,0.972198,12,13.718005,8.135042,7.924591,8.182162,0.210451,10,0.330731,11359882.239798,8182560.301667,13942633.360857,8.886365,4,13.406172,3682.364329,3675.505187,3683.900114,6.859142,1,0.023814
2022-01-15,"Fresh, chilled or frozen fruit",17370.27037142857,29054.97717142857,3670060.7975285714,0.8480841428571428,1.418922,179.23845742857142,10,11,9,0,15789.317297,10891.896033,19602.676833,1.581645,10,10.012802,0.869141,0.801294,0.91134,0.067847,26,-2.422738,26149.090577,18436.855767,31249.10995,1.012935,11,11.112764,1.440723,1.375786,1.496551,0.064936,24,-1.513173,3309952.701717,2308666.66155,4022982.239033,2.589239,9,10.879554,182.199418,171.490344,193.700603,11.501184,24,-1.625121
2022-01-15,Fruit and vegetable juices,4212.421214285714,6908.0229714285715,1024348.9946571429,0.551862,0.905894,134.15704642857142,21,21,19,0,3956.552029,3322.8124,6014.348971,0.396335,21,6.466974,0.549655,0.523444,0.565905,0.026211,27,0.401461,6420.381727,5507.827633,10098.037914,0.248706,21,7.595206,0.890925,0.874856,0.907908,0.016983,26,1.680157,957660.438973,802306.9711,1466231.447171,0.749138,19,6.963695,133.064152,127.725177,136.908499,5.338975,25,0.821329
2022-01-15,"Leafy and stem vegetables, including cabbages",3196.163171428572,3248.787757142857,683147.2461571429,0.5214284285714286,0.5294288571428571,111.35343685714285,25,26,22,0,2757.371029,2291.510433,5559.985586,0.276211,24,15.913424,0.52777,0.516959,0.544295,0.016525,28,-1.20158,2803.538455,2332.706917,5906.793629,0.1086,26,15.881691,0.535526,0.508317,0.556186,0.027209,29,-1.138563,582885.201471,490911.0199,1223458.897614,0.455967,23,17.200993,111.33321,109.938657,113.745759,2.412549,26,0.018167
2022-01-15,Meat alternative,3355.4861857142855,4464.762614285714,217088.76802857145,3.2586842857142857,4.331874285714286,210.44754828571428,24,24,25,0,2334.920785,1507.460183,3546.6332,0.233893,27,43.70878,3.203856,3.15683,3.258684,0.054828,14,1.711319,2935.016621,1767.951217,4661.065671,0.113694,25,52.120522,4.007139,3.664715,4.363268,0.356129,17,8.10392,134877.095393,76279.345517,224216.564714,0.105509,27,60.953027,183.238195,156.950947,211.128878,27.890684,23,14.849171
2022-01-15,Other Meat,164200.1423142857,350389.25228571426,14113456.507971426,13.878320571428572,29.680489714285716,1190.5324617142855,3,3,2,0,155605.134295,120499.749017,240673.170914,15.58725,3,5.523602,14.54359,13.440539,15.963764,1.420174,4,-4.574313,346493.577259,242973.5198,463373.103614,13.422097,3,1.124314,32.476188,26.094584,40.120317,7.644129,4,-8.608457,12871723.378448,10935977.428233,23519542.951257,10.069016,2,9.646984,1196.865944,1171.617404,1306.265527,109.399583,7,-0.529172
2022-01-15,Other vegetables,24502.2866,56689.96301428571,4751990.324071429,1.3552664285714286,3.142315142857143,262.983249,9,7,6,0,21710.047346,15914.283133,28532.786986,2.174735,9,12.861507,1.356362,1.328676,1.385649,0.029287,22,-0.080771,48418.258862,34800.809067,62979.575171,1.875575,7,17.083853,3.024343,2.70005,3.328264,0.324293,20,3.900756,4158886.236624,3003937.482633,5335174.981029,3.253324,6,14.261128,259.81835,251.354083,267.523771,8.464267,21,1.21812
2022-01-15,Pasta products,4184.066971428571,9045.018685714285,1545275.5323142856,1.7697260000000001,3.8257407142857143,653.7263961428571,22,19,15,0,3786.170854,2469.686283,4294.3287,0.379268,22,10.509196,1.768948,1.755839,1.788505,0.019556,20,0.043966,8190.71269,5343.18925,9354.024514,0.317283,19,10.430179,3.82556,3.819282,3.831063,0.006278,18,0.004725,1402184.256253,917760.774833,1595015.077443,1.096871,14,10.204884,655.192799,650.769265,663.292973,8.100175,11,-0.223812
2022-01-15,Pastry (savoury),12426.667485714284,31533.260914285715,906942.1326,9.254815857142857,23.492459,675.1000321428571,12,10,21,0,12126.324274,10321.05505,19579.955629,1.214716,12,2.476787,8.741523,6.799252,9.710859,1.942272,7,5.871888,29965.389169,23568.996617,40972.183471,1.160767,10,5.232276,21.659973,14.495135,25.177449,7.164837,6,8.460244,922921.302795,826556.673571,1901873.346986,0.721963,20,-1.731369,662.523247,612.539212,710.974256,49.984035,10,1.898316
2022-01-15,"Potatoes, root crops, non-starchy bulbs and mushrooms",11267.328014285715,16813.370514285714,1206721.7524285712,0.46343900000000005,0.6916701428571429,49.63292,15,16,17,0,9479.581166,7237.189171,19570.309457,0.949587,16,18.858922,0.46348,0.458367,0.464637,0.005112,29,-0.008786,14246.901157,10888.947086,28934.506829,0.551881,16,18.014229,0.697227,0.679129,0.705335,0.018099,28,-0.797063,1017563.41704,774128.405286,2033935.952857,0.795998,18,18.589341,49.794536,47.743595,50.189854,2.050941,28,-0.324566
2022-01-15,Preserved fruit and fruit based products,904.0047857142856,1333.9432714285715,192390.56447142857,0.8741127142857142,1.289673,186.01183871428572,29,29,26,0,792.376834,427.837867,909.3098,0.079374,29,14.087735,0.873013,0.862756,0.878507,0.010257,25,0.12592,1172.190112,623.814667,1352.714314,0.045407,30,13.799226,1.290893,1.277285,1.314326,0.023434,25,-0.094507,168954.540101,90254.870717,194439.635686,0.132166,25,13.871201,186.086047,184.937372,188.026297,1.940251,22,-0.039878
2022-01-15,Ready meals,72671.887,242654.95472857144,8420796.201285714,11.27770657142857,37.657911428571424,1301.673413714286,4,4,5,0,69234.105759,59992.4463,88710.792357,6.935307,4,4.965445,11.115542,10.328625,11.579405,0.786918,6,1.458895,227633.511184,196833.1531,286054.254,8.817823,4,6.59896,36.533255,33.59909,38.377942,2.934165,3,3.078447,8015120.061351,6754268.6726,9946543.391871,6.269897,5,5.061386,1287.886634,1233.17431,1329.759094,54.712323,6,1.070496
2022-01-15,Rice,7517.467771428571,4763.029771428571,3787400.9698285717,4.396907714285715,2.785946,2215.1939725714287,18,22,8,0,6693.004805,4764.563817,7877.731471,0.670451,18,12.318278,4.413957,4.395409,4.435112,0.021155,11,-0.386261,4231.196538,3004.00565,4992.0532,0.163904,23,12.569334,2.790459,2.785549,2.796059,0.0056,21,-0.161737,3374950.652558,2405027.938333,3968670.926971,2.640084,8,12.220929,2225.728891,2214.268126,2238.80079,13.071899,3,-0.473324
2022-01-15,"Salt, spices, culinary herbs and other food products",451.78490000000005,1033.8678285714286,129635.82519999999,0.8631187142857143,1.9796657142857141,249.54526057142857,30,30,27,0,516.810652,379.375457,1145.614886,0.05177,30,-12.582123,1.074819,0.809817,1.221574,0.265002,23,-19.696363,1349.002485,884.187243,3982.261571,0.052256,29,-23.360569,2.758251,1.860042,4.102337,1.344086,22,-28.227487,163697.872327,91196.791014,737993.111686,0.128054,26,-20.807874,323.367205,227.575549,684.446814,361.079609,19,-22.829138
2022-01-15,"Sauces, condiments",10509.184342857143,20735.723385714286,1503179.5109714286,2.2590135714285715,4.462502714285714,323.1123705714286,16,14,16,0,9741.672716,6612.831643,16390.927014,0.975841,15,7.878643,2.272242,2.219467,2.334464,0.062222,16,-0.582165,19720.604072,13509.463229,32628.764671,0.763916,14,5.147506,4.633239,4.137111,5.845381,1.212142,15,-3.685031,1352646.415272,951675.764257,2346649.088014,1.058119,16,11.128784,315.774797,298.01131,338.335853,22.561056,20,2.323673
2022-01-15,Savoury snacks,3508.579214285714,11058.189185714285,662861.0875,1.7998464285714284,5.679312285714286,341.407945,23,18,23,0,3508.406924,2934.376717,6976.290086,0.351444,23,0.004911,1.778011,1.72737,1.930614,0.152603,19,1.228087,11150.688654,9137.195133,21948.036743,0.431943,17,-0.82954,5.653864,5.480259,6.146643,0.492779,13,0.450099,678020.444067,547013.339467,1387744.531357,0.530387,22,-2.235826,343.50234,316.547979,437.715846,94.213506,18,-0.609718
2022-01-15,"Soft drinks (inc. fizzy and ready to drink fruit drinks), mineral or spring water",5388.028814285714,1339.4203571428573,59289.52055714286,0.20695314285714286,0.05129714285714286,2.292627142857143,19,28,30,0,5649.728345,4618.665886,10412.868729,0.565944,19,-4.632073,0.21015,0.205601,0.225306,0.015156,30,-1.521042,1483.983748,1169.996771,3335.102614,0.057485,28,-9.741575,0.055049,0.049885,0.071721,0.016672,30,-6.815381,65043.039427,52897.311257,116022.955314,0.05088,30,-8.84571,2.439413,2.236549,2.64423,0.204817,30,-6.01725
2022-01-15,"Sugar, sugar products, jams and marmalades",5330.396228571429,4474.4478285714285,919698.4715428572,2.159354,1.8128427142857144,372.5916084285714,20,23,20,0,5300.058234,3688.53565,8378.2543,0.530917,20,0.572409,2.154882,2.107335,2.194137,0.047547,17,0.207532,4454.640753,3104.651483,7005.104414,0.172559,22,0.444639,1.811221,1.793978,1.825456,0.017243,23,0.089539,914944.404727,637128.790567,1443213.123371,0.715723,21,0.519602,372.001013,365.721601,377.185269,6.279412,16,0.158762
2022-01-15,"Tea, coffee, cocoa and powdered chocolate",42953.31284285714,46029.45897142857,112433.92391428571,26.921565285714287,28.825079999999996,70.960857,6,8,28,0,39709.720555,28327.34405,54265.222929,3.977795,7,8.168258,26.740506,26.019858,27.627357,0.88685,2,0.677096,42263.378573,30278.014383,59652.770557,1.637153,8,8.910978,28.425734,27.112628,30.299542,1.873808,5,1.404876,99012.963197,64382.544514,171887.487971,0.077454,28,13.554751,66.404043,50.741391,87.517516,21.113474,27,6.862254
2022-01-22,"Baker's yeast, dessert preparations, soups",9912.331557142856,11173.678514285713,1712420.074057143,2.4808635714285714,2.7687337142857147,428.1286097142857,17,18,14,0,7985.690448,5158.9966,11109.725871,0.799941,17,24.126168,2.638836,2.399434,3.01519,0.376354,15,-5.986432,10133.984543,7743.733817,12772.186,0.392559,18,10.259479,3.457694,2.339541,5.233981,1.776287,19,-19.925437,1385906.736596,932849.351929,1911053.4077,1.084137,15,23.559546,459.239816,405.329624,545.753175,86.513359,15,-6.774501
2022-01-22,Beef and Lamb,238587.34494285713,862954.3742571428,3891775.356714286,91.78526285714285,331.8139648571428,1496.3237524285717,2,1,7,0,207224.686107,139791.837786,342066.711086,20.758075,2,15.134615,90.78412,81.878412,93.473207,8.905708,1,1.102774,762451.264726,511727.556257,1210221.180571,29.535021,1,13.181578,332.544384,330.582466,339.041855,6.497471,1,-0.219646,3446260.019342,2311457.704143,5441731.711429,2.695867,7,12.927502,1502.220715,1486.381377,1554.67736,52.456645,4,-0.39255
2022-01-22,Breads and cereals,37159.406957142855,90251.55708571429,12907705.621342856,1.753883857142857,4.25689,608.8605937142858,8,5,3,0,34676.828332,27259.42595,44667.298843,3.473641,8,7.159186,1.729168,1.706626,1.753884,0.024716,21,1.429372,84408.522919,67389.80845,110732.959757,3.269727,6,6.922327,4.207487,4.155123,4.294658,0.087171,16,1.174159,12243011.855362,9951514.284967,16090617.298671,9.577201,3,5.429169,610.467519,604.357677,626.34124,15.87372,12,-0.263229
2022-01-22,"Buns, crispbread and biscuits",14720.12562857143,18705.604828571428,1084213.7907,4.666439285714286,5.929444857142856,343.56579800000003,11,15,18,0,14641.766396,7038.073033,18824.045329,1.466692,11,0.535176,4.567265,3.926231,4.713494,0.641034,10,2.171407,18464.739406,8809.09675,23471.154129,0.715267,15,1.304462,5.761494,4.890149,5.974548,0.871345,12,2.915065,1107429.666344,654959.338583,1873560.941871,0.866296,17,-2.096375,345.52277,336.010497,388.190236,42.667466,17,-0.56638
2022-01-22,Cakes and puddings,12799.162599999998,25495.47182857143,1860591.5345285716,3.9411534285714285,7.850250142857143,572.451989,12,13,13,0,12052.166693,9446.5345,27323.8271,1.207288,13,6.198022,3.866842,3.605168,4.120057,0.261674,12,1.921767,24195.206302,19153.708186,54549.739343,0.937248,13,5.374063,7.761808,7.357303,8.090825,0.404506,11,1.139447,1796396.537273,1442834.604586,4056742.431329,1.405247,13,3.573543,574.910952,564.979312,581.588772,9.93164,13,-0.427712
2022-01-22,Chocolate,50765.71262857143,87832.30008571429,2689274.6378714284,26.640290142857143,46.091781142857144,1411.2624437142856,5,6,10,0,58315.82945,28150.229133,132547.293257,5.841603,5,-12.946942,26.648336,26.635705,26.70231,0.053974,3,-0.030193,100886.00487,48669.253133,229294.0415,3.908014,5,-12.939064,46.100992,46.086531,46.162786,0.061793,2,-0.019981,3087731.596088,1485490.099517,7016207.887686,2.415405,10,-12.904521,1410.912515,1408.565066,1411.461877,2.347449,5,0.024802
2022-01-22,Confectionery products,2939.351742857143,4597.796428571428,372572.7084714286,3.615208142857143,5.649119857142857,456.72168957142856,26,23,24,0,2639.015552,1230.34235,3506.494586,0.264355,26,11.380615,3.375115,3.076151,3.996045,0.620931,13,7.113636,4173.185967,1949.08865,5594.6689,0.161656,24,10.174731,5.335199,4.888743,6.384052,1.048852,14,5.883951,365423.519615,182796.127083,451633.892,0.285856,24,1.956412,467.73042,451.206086,488.80262,21.0722,14,-2.353649
2022-01-22,Dairy alternative,2882.4124571428574,2067.7316,83801.84614285713,0.9804267142857144,0.7032761428571429,28.497229142857144,27,27,29,0,2660.652938,1800.759517,3323.2613,0.266522,25,8.334778,0.980224,0.980018,0.980467,0.000243,24,0.020669,1904.762021,1287.6059,2379.9254,0.073785,27,8.555902,0.701721,0.700136,0.703588,0.001867,27,0.221662,76719.871596,51670.4985,95957.073143,0.060015,29,9.230952,28.261161,28.02064,28.544487,0.283326,29,0.835309
2022-01-22,Dairy products and eggs,248700.4774142857,760209.8208999999,51825142.92844285,4.661458571428571,14.254716285714286,971.5857785714286,1,2,1,0,232477.799758,181843.006267,351065.404543,23.287725,1,6.978162,4.695567,4.563031,5.229134,0.533567,8,-0.726393,710535.102733,556267.420133,1103935.183871,27.523948,2,6.99117,14.350037,13.874504,16.437715,2.087678,7,-0.664253,48504478.375397,37951671.559517,74580377.351429,37.943045,1,6.846099,979.638118,947.127741,1110.38497,130.746852,8,-0.821971
2022-01-22,Dried fruit and nuts,1256.0661428571427,7203.982528571428,1930942.8976857143,1.9068892857142856,10.933453571428572,2930.3826104285718,28,20,12,0,1354.723428,1038.388929,3492.095486,0.135705,28,-7.282467,1.889388,1.871719,1.912103,0.022716,18,0.926298,7856.897445,6027.1344,20353.999714,0.304352,20,-8.310086,10.957706,10.926228,10.982189,0.031477,9,-0.221325,2111373.829218,1619963.4337,5475933.913743,1.65164,12,-8.545665,2944.647013,2926.133188,2959.04748,18.513825,2,-0.484418
2022-01-22,Edible oils and plant-based spreads,12205.408742857142,34741.63702857143,2361626.5333285714,4.597263142857143,13.104084714285715,891.034146,14,9,11,0,11516.024682,7616.68445,19449.161571,1.153581,14,5.986302,4.571062,4.524855,4.614628,0.046207,9,0.573191,32326.766906,21393.85755,58323.040243,1.25224,9,7.470188,12.826853,12.319996,13.748304,0.921451,8,2.161338,2159306.817661,1382403.26375,3664321.3365,1.689136,11,9.36966,859.015758,796.975647,904.810217,62.040111,9,3.727334
2022-01-22,Fish and fish products,49361.52898571429,28144.796485714287,12735706.596571429,14.270002285714286,8.138972,3682.4924235714284,6,12,4,0,44048.218618,32840.772867,56109.634029,4.41239,6,12.062486,14.279638,14.164105,14.795633,0.515995,5,-0.067481,25097.448283,17677.2765,30066.8442,0.972198,12,12.142064,8.135042,7.924591,8.182162,0.210451,10,0.048311,11359882.239798,8182560.301667,13942633.360857,8.886365,4,12.111255,3682.364329,3675.505187,3683.900114,6.859142,1,0.003479
2022-01-22,"Fresh, chilled or frozen fruit",17015.707142857143,28425.995385714286,3602430.635071429,0.8567987142857143,1.4316098571428573,181.46377285714286,10,11,9,0,15789.317297,10891.896033,19602.676833,1.581645,10,7.767213,0.869141,0.801294,0.91134,0.067847,26,-1.420073,26149.090577,18436.855767,31249.10995,1.012935,11,8.707396,1.440723,1.375786,1.496551,0.064936,24,-0.632513,3309952.701717,2308666.66155,4022982.239033,2.589239,9,8.836318,182.199418,171.490344,193.700603,11.501184,24,-0.403758
2022-01-22,Fruit and vegetable juices,4174.255528571429,6685.1512,1009390.854,0.565905,0.9055857142857143,136.90849942857145,21,21,19,0,3956.552029,3322.8124,6014.348971,0.396335,21,5.502354,0.549655,0.523444,0.565905,0.026211,27,2.956335,6420.381727,5507.827633,10098.037914,0.248706,21,4.12389,0.890925,0.874856,0.907908,0.016983,26,1.645554,957660.438973,802306.9711,1466231.447171,0.749138,19,5.401749,133.064152,127.725177,136.908499,5.338975,25,2.889093
2022-01-22,"Leafy and stem vegetables, including cabbages",3126.2331285714286,3170.044885714286,667376.3423428572,0.5215925714285714,0.5284208571428571,111.25349285714286,25,26,22,0,2757.371029,2291.510433,5559.985586,0.276211,24,13.377311,0.52777,0.516959,0.544295,0.016525,28,-1.170478,2803.538455,2332.706917,5906.793629,0.1086,26,13.072995,0.535526,0.508317,0.556186,0.027209,29,-1.326789,582885.201471,490911.0199,1223458.897614,0.455967,23,14.495331,111.33321,109.938657,113.745759,2.412549,26,-0.071603
2022-01-22,Meat alternative,3209.5134,4179.932014285714,200060.5571142857,3.244529,4.223192285714285,202.17011842857144,24,25,25,0,2334.920785,1507.460183,3546.6332,0.233893,27,37.457057,3.203856,3.15683,3.258684,0.054828,14,1.269499,2935.016621,1767.951217,4661.065671,0.113694,25,42.415957,4.007139,3.664715,4.363268,0.356129,17,5.39171,134877.095393,76279.345517,224216.564714,0.105509,27,48.328044,183.238195,156.950947,211.128878,27.890684,23,10.331866
2022-01-22,Other Meat,159417.66628571428,339097.2922142857,13693107.674757143,13.829351142857144,29.483242714285716,1185.027750285714,3,3,2,0,155605.134295,120499.749017,240673.170914,15.58725,3,2.450133,14.54359,13.440539,15.963764,1.420174,4,-4.911021,346493.577259,242973.5198,463373.103614,13.422097,3,-2.13461,32.476188,26.094584,40.120317,7.644129,4,-9.215816,12871723.378448,10935977.428233,23519542.951257,10.069016,2,6.381308,1196.865944,1171.617404,1306.265527,109.399583,7,-0.989099
2022-01-22,Other vegetables,23634.826999999997,53408.09041428572,4559198.397228572,1.3541384285714284,3.063986285714286,261.29805557142856,9,7,6,0,21710.047346,15914.283133,28532.786986,2.174735,9,8.865847,1.356362,1.328676,1.385649,0.029287,22,-0.163934,48418.258862,34800.809067,62979.575171,1.875575,7,10.305682,3.024343,2.70005,3.328264,0.324293,20,1.31081,4158886.236624,3003937.482633,5335174.981029,3.253324,6,9.625466,259.81835,251.354083,267.523771,8.464267,21,0.569515
2022-01-22,Pasta products,4085.1843,8814.478028571428,1510275.0659285714,1.7728987142857144,3.824105142857143,655.2620331428571,22,19,15,0,3786.170854,2469.686283,4294.3287,0.379268,22,7.897516,1.768948,1.755839,1.788505,0.019556,20,0.223322,8190.71269,5343.18925,9354.024514,0.317283,19,7.61552,3.82556,3.819282,3.831063,0.006278,18,-0.038029,1402184.256253,917760.774833,1595015.077443,1.096871,14,7.708745,655.192799,650.769265,663.292973,8.100175,11,0.010567
2022-01-22,Pastry (savoury),12662.127271428571,31700.6037,936251.3636714286,8.856588142857143,22.188419714285715,654.2846668571428,13,10,20,0,12126.324274,10321.05505,19579.955629,1.214716,12,4.418511,8.741523,6.799252,9.710859,1.942272,7,1.316301,29965.389169,23568.996617,40972.183471,1.160767,10,5.790729,21.659973,14.495135,25.177449,7.164837,6,2.439741,922921.302795,826556.673571,1901873.346986,0.721963,20,1.444333,662.523247,612.539212,710.974256,49.984035,10,-1.243516
2022-01-22,"Potatoes, root crops, non-starchy bulbs and mushrooms",11032.896085714285,16455.128985714287,1179713.0645714286,0.4632975714285714,0.6908825714285715,49.51187914285714,15,16,17,0,9479.581166,7237.189171,19570.309457,0.949587,16,16.385902,0.46348,0.458367,0.464637,0.005112,29,-0.039301,14246.901157,10888.947086,28934.506829,0.551881,16,15.499706,0.697227,0.679129,0.705335,0.018099,28,-0.91002,1017563.41704,774128.405286,2033935.952857,0.795998,18,15.93509,49.794536,47.743595,50.189854,2.050941,28,-0.567647
2022-01-22,Preserved fruit and fruit based products,909.3098,1348.9767285714286,194291.03792857143,0.8721468571428571,1.2940387142857142,186.37069971428573,29,28,26,0,792.376834,427.837867,909.3098,0.079374,29,14.757242,0.873013,0.862756,0.878507,0.010257,25,-0.09926,1172.190112,623.814667,1352.714314,0.045407,30,15.081736,1.290893,1.277285,1.314326,0.023434,25,0.243686,168954.540101,90254.870717,194439.635686,0.132166,25,14.996044,186.086047,184.937372,188.026297,1.940251,22,0.152969
2022-01-22,Ready meals,75528.26187142858,249744.05447142856,8552056.799671428,11.453760714285712,37.86894471428571,1295.3892548571428,4,4,5,0,69234.105759,59992.4463,88710.792357,6.935307,4,9.091121,11.115542,10.328625,11.579405,0.786918,6,3.042751,227633.511184,196833.1531,286054.254,8.817823,4,9.71322,36.533255,33.59909,38.377942,2.934165,3,3.656094,8015120.061351,6754268.6726,9946543.391871,6.269897,5,6.699048,1287.886634,1233.17431,1329.759094,54.712323,6,0.582553
2022-01-22,Rice,7442.932442857143,4714.115785714285,3750371.4348999998,4.398772714285714,2.7864397142857142,2216.3463968571427,18,22,8,0,6693.004805,4764.563817,7877.731471,0.670451,18,11.204648,4.413957,4.395409,4.435112,0.021155,11,-0.344009,4231.196538,3004.00565,4992.0532,0.163904,23,11.413302,2.790459,2.785549,2.796059,0.0056,21,-0.144044,3374950.652558,2405027.938333,3968670.926971,2.640084,8,11.123741,2225.728891,2214.268126,2238.80079,13.071899,3,-0.421547
2022-01-22,"Salt, spices, culinary herbs and other food products",450.1370571428571,1043.0782,126762.29795714284,0.9194098571428572,2.125966857142857,258.94921714285715,30,30,27,0,516.810652,379.375457,1145.614886,0.05177,30,-12.900971,1.074819,0.809817,1.221574,0.265002,23,-14.459096,1349.002485,884.187243,3982.261571,0.052256,29,-22.677815,2.758251,1.860042,4.102337,1.344086,22,-22.923358,163697.872327,91196.791014,737993.111686,0.128054,26,-22.563259,323.367205,227.575549,684.446814,361.079609,19,-19.921002
2022-01-22,"Sauces, condiments",10193.6011,20046.06877142857,1450682.0984857143,2.2350978571428572,4.397495142857143,318.132698,16,14,16,0,9741.672716,6612.831643,16390.927014,0.975841,15,4.639125,2.272242,2.219467,2.334464,0.062222,16,-1.634681,19720.604072,13509.463229,32628.764671,0.763916,14,1.650379,4.633239,4.137111,5.845381,1.212142,15,-5.0881,1352646.415272,951675.764257,2346649.088014,1.058119,16,7.247695,315.774797,298.01131,338.335853,22.561056,20,0.746703
2022-01-22,Savoury snacks,3525.7484285714286,11178.911157142857,660474.8512,1.7539742857142857,5.567131857142857,329.7006382857143,23,17,23,0,3508.406924,2934.376717,6976.290086,0.351444,23,0.494284,1.778011,1.72737,1.930614,0.152603,19,-1.351883,11150.688654,9137.195133,21948.036743,0.431943,17,0.253101,5.653864,5.480259,6.146643,0.492779,13,-1.534039,678020.444067,547013.339467,1387744.531357,0.530387,22,-2.587768,343.50234,316.547979,437.715846,94.213506,18,-4.017935
2022-01-22,"Soft drinks (inc. fizzy and ready to drink fruit drinks), mineral or spring water",5422.481614285714,1319.9358142857143,60931.22647142857,0.20560099999999998,0.04988485714285714,2.3163771428571427,19,29,30,0,5649.728345,4618.665886,10412.868729,0.565944,19,-4.022259,0.21015,0.205601,0.225306,0.015156,30,-2.164461,1483.983748,1169.996771,3335.102614,0.057485,28,-11.054564,0.055049,0.049885,0.071721,0.016672,30,-9.380891,65043.039427,52897.311257,116022.955314,0.05088,30,-6.32168,2.439413,2.236549,2.64423,0.204817,30,-5.043655
2022-01-22,"Sugar, sugar products, jams and marmalades",5292.737957142856,4453.583257142857,914113.2190714285,2.1505175714285714,1.8096384285714286,371.42466457142854,20,24,21,0,5300.058234,3688.53565,8378.2543,0.530917,20,-0.138117,2.154882,2.107335,2.194137,0.047547,17,-0.202533,4454.640753,3104.651483,7005.104414,0.172559,22,-0.023739,1.811221,1.793978,1.825456,0.017243,23,-0.087374,914944.404727,637128.790567,1443213.123371,0.715723,21,-0.090845,372.001013,365.721601,377.185269,6.279412,16,-0.154932
2022-01-22,"Tea, coffee, cocoa and powdered chocolate",42573.7288,45922.59715714286,109341.84731428571,26.66049342857143,28.739344999999997,68.27735471428572,7,8,28,0,39709.720555,28327.34405,54265.222929,3.977795,7,7.212361,26.740506,26.019858,27.627357,0.88685,2,-0.29922,42263.378573,30278.014383,59652.770557,1.637153,8,8.658131,28.425734,27.112628,30.299542,1.873808,5,1.103265,99012.963197,64382.544514,171887.487971,0.077454,28,10.43185,66.404043,50.741391,87.517516,21.113474,27,2.821081
2022-01-29,"Baker's yeast, dessert preparations, soups",9618.474885714286,11037.108300000002,1660665.7879142857,2.4992382857142856,2.8409349999999995,431.05488942857147,17,18,14,0,7985.690448,5158.9966,11109.725871,0.799941,17,20.446378,2.638836,2.399434,3.01519,0.376354,15,-5.290113,10133.984543,7743.733817,12772.186,0.392559,18,8.911833,3.457694,2.339541,5.233981,1.776287,19,-17.837304,1385906.736596,932849.351929,1911053.4077,1.084137,15,19.825219,459.239816,405.329624,545.753175,86.513359,15,-6.1373
2022-01-29,Beef and Lamb,234416.16628571428,853378.7512285715,3851887.573,91.26514414285714,332.1934357142857,1499.387371142857,2,1,8,0,207224.686107,139791.837786,342066.711086,20.758075,2,13.121738,90.78412,81.878412,93.473207,8.905708,1,0.529855,762451.264726,511727.556257,1210221.180571,29.535021,1,11.925678,332.544384,330.582466,339.041855,6.497471,1,-0.105534,3446260.019342,2311457.704143,5441731.711429,2.695867,7,11.77008,1502.220715,1486.381377,1554.67736,52.456645,4,-0.18861
2022-01-29,Breads and cereals,37915.40307142858,91962.93485714286,13169269.187771428,1.7522301428571427,4.247222,607.9659531428571,8,6,3,0,34676.828332,27259.42595,44667.298843,3.473641,8,9.339305,1.729168,1.706626,1.753884,0.024716,21,1.333736,84408.522919,67389.80845,110732.959757,3.269727,6,8.949821,4.207487,4.155123,4.294658,0.087171,16,0.944378,12243011.855362,9951514.284967,16090617.298671,9.577201,3,7.5656,610.467519,604.357677,626.34124,15.87372,12,-0.409779
2022-01-29,"Buns, crispbread and biscuits",15344.29312857143,19483.401371428572,1125118.0133142858,4.6720755714285715,5.9345735714285714,342.6262134285715,11,15,18,0,14641.766396,7038.073033,18824.045329,1.466692,11,4.798101,4.567265,3.926231,4.713494,0.641034,10,2.294813,18464.739406,8809.09675,23471.154129,0.715267,15,5.516796,5.761494,4.890149,5.974548,0.871345,12,3.004082,1107429.666344,654959.338583,1873560.941871,0.866296,17,1.597243,345.52277,336.010497,388.190236,42.667466,17,-0.838311
2022-01-29,Cakes and puddings,12961.208442857143,25773.2353,1874816.0417857144,3.9590922857142856,7.867485857142857,571.4342484285714,12,13,13,0,12052.166693,9446.5345,27323.8271,1.207288,13,7.542559,3.866842,3.605168,4.120057,0.261674,12,2.385682,24195.206302,19153.708186,54549.739343,0.937248,13,6.522073,7.761808,7.357303,8.090825,0.404506,11,1.361505,1796396.537273,1442834.604586,4056742.431329,1.405247,13,4.365378,574.910952,564.979312,581.588772,9.93164,13,-0.604738
2022-01-29,Chocolate,55424.17572857143,95889.69104285714,2935649.5482,26.64249542857143,46.09430614285714,1411.1665288571428,5,5,10,0,58315.82945,28150.229133,132547.293257,5.841603,5,-4.958609,26.648336,26.635705,26.70231,0.053974,3,-0.021917,100886.00487,48669.253133,229294.0415,3.908014,5,-4.952435,46.100992,46.086531,46.162786,0.061793,2,-0.014504,3087731.596088,1485490.099517,7016207.887686,2.415405,10,-4.925365,1410.912515,1408.565066,1411.461877,2.347449,5,0.018004
2022-01-29,Confectionery products,3247.8927857142858,5053.393157142857,394350.03738571424,3.8024,5.910044,459.39584185714284,24,22,24,0,2639.015552,1230.34235,3506.494586,0.264355,26,23.072135,3.375115,3.076151,3.996045,0.620931,13,12.659873,4173.185967,1949.08865,5594.6689,0.161656,24,21.091971,5.335199,4.888743,6.384052,1.048852,14,10.774568,365423.519615,182796.127083,451633.892,0.285856,24,7.915888,467.73042,451.206086,488.80262,21.0722,14,-1.781919
2022-01-29,Dairy alternative,3064.1398142857142,2197.0742999999998,88918.54985714285,0.9803941428571428,0.7030272857142857,28.459453,27,27,29,0,2660.652938,1800.759517,3323.2613,0.266522,25,15.164957,0.980224,0.980018,0.980467,0.000243,24,0.017346,1904.762021,1287.6059,2379.9254,0.073785,27,15.346394,0.701721,0.700136,0.703588,0.001867,27,0.186198,76719.871596,51670.4985,95957.073143,0.060015,29,15.900285,28.261161,28.02064,28.544487,0.283326,29,0.701641
2022-01-29,Dairy products and eggs,248863.2542,760184.1901,51842003.5022,4.647466571428572,14.200536571428572,968.2792751428572,1,2,1,0,232477.799758,181843.006267,351065.404543,23.287725,1,7.04818,4.695567,4.563031,5.229134,0.533567,8,-1.024376,710535.102733,556267.420133,1103935.183871,27.523948,2,6.987563,14.350037,13.874504,16.437715,2.087678,7,-1.041811,48504478.375397,37951671.559517,74580377.351429,37.943045,1,6.88086,979.638118,947.127741,1110.38497,130.746852,8,-1.159494
2022-01-29,Dried fruit and nuts,1316.8781999999999,7726.339971428571,2081767.9201,1.872021,10.98177142857143,2958.801714,28,20,12,0,1354.723428,1038.388929,3492.095486,0.135705,28,-2.793576,1.889388,1.871719,1.912103,0.022716,18,-0.919183,7856.897445,6027.1344,20353.999714,0.304352,20,-1.661692,10.957706,10.926228,10.982189,0.031477,9,0.219623,2111373.829218,1619963.4337,5475933.913743,1.65164,12,-1.402211,2944.647013,2926.133188,2959.04748,18.513825,2,0.480693
2022-01-29,Edible oils and plant-based spreads,12408.333128571428,35121.06442857143,2361674.6866142857,4.593468857142858,13.017719,875.968086,14,9,11,0,11516.024682,7616.68445,19449.161571,1.153581,14,7.748407,4.571062,4.524855,4.614628,0.046207,9,0.490184,32326.766906,21393.85755,58323.040243,1.25224,9,8.643913,12.826853,12.319996,13.748304,0.921451,8,1.488019,2159306.817661,1382403.26375,3664321.3365,1.689136,11,9.37189,859.015758,796.975647,904.810217,62.040111,9,1.973459
2022-01-29,Fish and fish products,50009.50328571429,28380.24737142857,12865716.130571429,14.307791,8.123559714285715,3681.990095,6,12,4,0,44048.218618,32840.772867,56109.634029,4.41239,6,13.533543,14.279638,14.164105,14.795633,0.515995,5,0.197153,25097.448283,17677.2765,30066.8442,0.972198,12,13.080211,8.135042,7.924591,8.182162,0.210451,10,-0.141145,11359882.239798,8182560.301667,13942633.360857,8.886365,4,13.255717,3682.364329,3675.505187,3683.900114,6.859142,1,-0.010163
2022-01-29,"Fresh, chilled or frozen fruit",17317.14427142857,28956.240471428573,3667383.0277428566,0.8557835714285715,1.431245,181.23818028571426,10,11,9,0,15789.317297,10891.896033,19602.676833,1.581645,10,9.676333,0.869141,0.801294,0.91134,0.067847,26,-1.536871,26149.090577,18436.855767,31249.10995,1.012935,11,10.735172,1.440723,1.375786,1.496551,0.064936,24,-0.657838,3309952.701717,2308666.66155,4022982.239033,2.589239,9,10.798654,182.199418,171.490344,193.700603,11.501184,24,-0.527575
2022-01-29,Fruit and vegetable juices,4321.750142857143,6965.856457142857,1045550.7403714285,0.5615938571428571,0.9043491428571429,135.90833457142858,21,21,19,0,3956.552029,3322.8124,6014.348971,0.396335,21,9.230211,0.549655,0.523444,0.565905,0.026211,27,2.171999,6420.381727,5507.827633,10098.037914,0.248706,21,8.495986,0.890925,0.874856,0.907908,0.016983,26,1.506757,957660.438973,802306.9711,1466231.447171,0.749138,19,9.177606,133.064152,127.725177,136.908499,5.338975,25,2.137452
2022-01-29,"Leafy and stem vegetables, including cabbages",3092.901257142857,3141.7814,660788.8916857142,0.5217452857142857,0.5293497142857142,111.37137171428571,26,26,23,0,2757.371029,2291.510433,5559.985586,0.276211,24,12.168483,0.52777,0.516959,0.544295,0.016525,28,-1.141543,2803.538455,2332.706917,5906.793629,0.1086,26,12.064858,0.535526,0.508317,0.556186,0.027209,29,-1.153341,582885.201471,490911.0199,1223458.897614,0.455967,23,13.365186,111.33321,109.938657,113.745759,2.412549,26,0.034277
2022-01-29,Meat alternative,3105.2588,3933.528342857143,183890.60441428568,3.2230627142857142,4.080996857142857,190.75805657142857,25,25,26,0,2334.920785,1507.460183,3546.6332,0.233893,27,32.992041,3.203856,3.15683,3.258684,0.054828,14,0.599485,2935.016621,1767.951217,4661.065671,0.113694,25,34.02065,4.007139,3.664715,4.363268,0.356129,17,1.843158,134877.095393,76279.345517,224216.564714,0.105509,27,36.339387,183.238195,156.950947,211.128878,27.890684,23,4.103873
2022-01-29,Other Meat,158520.09670000002,333913.03614285716,13666728.932185713,13.774460000000001,29.069720714285715,1185.4665907142858,3,3,2,0,155605.134295,120499.749017,240673.170914,15.58725,3,1.873307,14.54359,13.440539,15.963764,1.420174,4,-5.288446,346493.577259,242973.5198,463373.103614,13.422097,3,-3.630815,32.476188,26.094584,40.120317,7.644129,4,-10.489124,12871723.378448,10935977.428233,23519542.951257,10.069016,2,6.176372,1196.865944,1171.617404,1306.265527,109.399583,7,-0.952434
2022-01-29,Other vegetables,23653.820014285713,53646.37442857143,4568905.468928571,1.3486,3.0640485714285717,260.57996142857144,9,7,6,0,21710.047346,15914.283133,28532.786986,2.174735,9,8.953332,1.356362,1.328676,1.385649,0.029287,22,-0.572264,48418.258862,34800.809067,62979.575171,1.875575,7,10.797818,3.024343,2.70005,3.328264,0.324293,20,1.312869,4158886.236624,3003937.482633,5335174.981029,3.253324,6,9.858871,259.81835,251.354083,267.523771,8.464267,21,0.293132
2022-01-29,Pasta products,4270.629014285714,9226.8513,1578423.2337285713,1.7702721428571428,3.8253224285714285,654.4241472857144,22,19,15,0,3786.170854,2469.686283,4294.3287,0.379268,22,12.795465,1.768948,1.755839,1.788505,0.019556,20,0.07484,8190.71269,5343.18925,9354.024514,0.317283,19,12.650164,3.82556,3.819282,3.831063,0.006278,18,-0.006209,1402184.256253,917760.774833,1595015.077443,1.096871,14,12.568889,655.192799,650.769265,663.292973,8.100175,11,-0.117317
2022-01-29,Pastry (savoury),12490.538414285713,31254.885042857142,924443.4458714286,8.827783142857143,22.11290142857143,652.5124042857143,13,10,20,0,12126.324274,10321.05505,19579.955629,1.214716,12,3.0035,8.741523,6.799252,9.710859,1.942272,7,0.986782,29965.389169,23568.996617,40972.183471,1.160767,10,4.303284,21.659973,14.495135,25.177449,7.164837,6,2.091087,922921.302795,826556.673571,1901873.346986,0.721963,20,0.164927,662.523247,612.539212,710.974256,49.984035,10,-1.511018
2022-01-29,"Potatoes, root crops, non-starchy bulbs and mushrooms",11049.73932857143,16527.79004285714,1184236.7702857142,0.4633608571428572,0.6933174285714285,49.655051,15,16,17,0,9479.581166,7237.189171,19570.309457,0.949587,16,16.563582,0.46348,0.458367,0.464637,0.005112,29,-0.025646,14246.901157,10888.947086,28934.506829,0.551881,16,16.009719,0.697227,0.679129,0.705335,0.018099,28,-0.5608,1017563.41704,774128.405286,2033935.952857,0.795998,18,16.379653,49.794536,47.743595,50.189854,2.050941,28,-0.280122
2022-01-29,Preserved fruit and fruit based products,904.6802142857143,1352.7143142857144,194439.63568571428,0.8693384285714286,1.2992775714285716,186.780009,29,29,25,0,792.376834,427.837867,909.3098,0.079374,29,14.172976,0.873013,0.862756,0.878507,0.010257,25,-0.420954,1172.190112,623.814667,1352.714314,0.045407,30,15.400591,1.290893,1.277285,1.314326,0.023434,25,0.649518,168954.540101,90254.870717,194439.635686,0.132166,25,15.083996,186.086047,184.937372,188.026297,1.940251,22,0.372926
2022-01-29,Ready meals,76976.01145714286,255249.82417142857,8680809.82702857,11.439052142857141,37.91636428571428,1287.9430008571428,4,4,5,0,69234.105759,59992.4463,88710.792357,6.935307,4,11.182214,11.115542,10.328625,11.579405,0.786918,6,2.910426,227633.511184,196833.1531,286054.254,8.817823,4,12.131919,36.533255,33.59909,38.377942,2.934165,3,3.785893,8015120.061351,6754268.6726,9946543.391871,6.269897,5,8.305425,1287.886634,1233.17431,1329.759094,54.712323,6,0.004377
2022-01-29,Rice,7687.6792,4867.471428571428,3874208.477285714,4.401999714285714,2.7872941428571427,2218.3403384285716,18,23,7,0,6693.004805,4764.563817,7877.731471,0.670451,18,14.861403,4.413957,4.395409,4.435112,0.021155,11,-0.2709,4231.196538,3004.00565,4992.0532,0.163904,23,15.037706,2.790459,2.785549,2.796059,0.0056,21,-0.113425,3374950.652558,2405027.938333,3968670.926971,2.640084,8,14.793041,2225.728891,2214.268126,2238.80079,13.071899,3,-0.331961
2022-01-29,"Salt, spices, culinary herbs and other food products",481.6704285714286,1162.2411,132823.9963857143,0.9987661428571428,2.4095874285714283,275.71531771428573,30,30,27,0,516.810652,379.375457,1145.614886,0.05177,30,-6.799439,1.074819,0.809817,1.221574,0.265002,23,-7.075873,1349.002485,884.187243,3982.261571,0.052256,29,-13.844406,2.758251,1.860042,4.102337,1.344086,22,-12.640733,163697.872327,91196.791014,737993.111686,0.128054,26,-18.860279,323.367205,227.575549,684.446814,361.079609,19,-14.736153
2022-01-29,"Sauces, condiments",10261.331257142858,20231.809985714288,1454699.5538571428,2.2357887142857145,4.405790714285714,316.99131928571427,16,14,16,0,9741.672716,6612.831643,16390.927014,0.975841,15,5.334387,2.272242,2.219467,2.334464,0.062222,16,-1.604277,19720.604072,13509.463229,32628.764671,0.763916,14,2.592243,4.633239,4.137111,5.845381,1.212142,15,-4.909056,1352646.415272,951675.764257,2346649.088014,1.058119,16,7.544702,315.774797,298.01131,338.335853,22.561056,20,0.38525
2022-01-29,Savoury snacks,3628.0417714285713,11469.313014285714,672401.5829571428,1.7621494285714285,5.572939142857143,327.00794585714283,23,17,22,0,3508.406924,2934.376717,6976.290086,0.351444,23,3.409948,1.778011,1.72737,1.930614,0.152603,19,-0.892091,11150.688654,9137.195133,21948.036743,0.431943,17,2.857441,5.653864,5.480259,6.146643,0.492779,13,-1.431325,678020.444067,547013.339467,1387744.531357,0.530387,22,-0.828716,343.50234,316.547979,437.715846,94.213506,18,-4.801829
2022-01-29,"Soft drinks (inc. fizzy and ready to drink fruit drinks), mineral or spring water",5463.234828571428,1365.6726571428571,61973.05001428571,0.20696785714285712,0.051466571428571424,2.3466495714285713,19,28,30,0,5649.728345,4618.665886,10412.868729,0.565944,19,-3.300929,0.21015,0.205601,0.225306,0.015156,30,-1.51404,1483.983748,1169.996771,3335.102614,0.057485,28,-7.972533,0.055049,0.049885,0.071721,0.016672,30,-6.507603,65043.039427,52897.311257,116022.955314,0.05088,30,-4.719935,2.439413,2.236549,2.64423,0.204817,30,-3.802683
2022-01-29,"Sugar, sugar products, jams and marmalades",5334.3499571428565,4501.9532,922433.7614000001,2.1390982857142857,1.8054972857142857,369.916532,20,24,21,0,5300.058234,3688.53565,8378.2543,0.530917,20,0.647007,2.154882,2.107335,2.194137,0.047547,17,-0.732459,4454.640753,3104.651483,7005.104414,0.172559,22,1.062093,1.811221,1.793978,1.825456,0.017243,23,-0.316013,914944.404727,637128.790567,1443213.123371,0.715723,21,0.818559,372.001013,365.721601,377.185269,6.279412,16,-0.560343
2022-01-29,"Tea, coffee, cocoa and powdered chocolate",42462.04721428572,45947.4238,109579.46748571428,26.642774714285714,28.829659142857142,68.85768628571428,7,8,28,0,39709.720555,28327.34405,54265.222929,3.977795,7,6.931116,26.740506,26.019858,27.627357,0.88685,2,-0.365482,42263.378573,30278.014383,59652.770557,1.637153,8,8.716873,28.425734,27.112628,30.299542,1.873808,5,1.420985,99012.963197,64382.544514,171887.487971,0.077454,28,10.671839,66.404043,50.741391,87.517516,21.113474,27,3.695021
2022-02-05,"Baker's yeast, dessert preparations, soups",9677.169842857142,11549.611257142857,1676069.0495285713,2.529136571428571,2.9819542857142856,437.54429557142856,17,17,14,1,7985.690448,5158.9966,11109.725871,0.799941,17,21.181379,2.638836,2.399434,3.01519,0.376354,15,-4.157103,10133.984543,7743.733817,12772.186,0.392559,18,13.969103,3.457694,2.339541,5.233981,1.776287,19,-13.758884,1385906.736596,932849.351929,1911053.4077,1.084137,15,20.936641,459.239816,405.329624,545.753175,86.513359,15,-4.724225
2022-02-05,Beef and Lamb,240121.02034285714,870023.5023142857,3924566.265,91.67787385714284,331.8923142857143,1496.9562981428571,2,1,7,1,207224.686107,139791.837786,342066.711086,20.758075,2,15.874718,90.78412,81.878412,93.473207,8.905708,1,0.984483,762451.264726,511727.556257,1210221.180571,29.535021,1,14.108736,332.544384,330.582466,339.041855,6.497471,1,-0.196085,3446260.019342,2311457.704143,5441731.711429,2.695867,7,13.878995,1502.220715,1486.381377,1554.67736,52.456645,4,-0.350442
2022-02-05,Breads and cereals,37880.010200000004,91794.53972857143,13178333.305999998,1.7460895714285714,4.229667857142857,606.937751,8,6,3,1,34676.828332,27259.42595,44667.298843,3.473641,8,9.23724,1.729168,1.706626,1.753884,0.024716,21,0.978619,84408.522919,67389.80845,110732.959757,3.269727,6,8.750321,4.207487,4.155123,4.294658,0.087171,16,0.527166,12243011.855362,9951514.284967,16090617.298671,9.577201,3,7.639635,610.467519,604.357677,626.34124,15.87372,12,-0.578207
2022-02-05,"Buns, crispbread and biscuits",15525.980628571428,19655.158499999998,1131637.5411714285,4.664040142857144,5.903392285714285,340.63820671428573,11,15,18,1,14641.766396,7038.073033,18824.045329,1.466692,11,6.038986,4.567265,3.926231,4.713494,0.641034,10,2.118878,18464.739406,8809.09675,23471.154129,0.715267,15,6.446986,5.761494,4.890149,5.974548,0.871345,12,2.462881,1107429.666344,654959.338583,1873560.941871,0.866296,17,2.185951,345.52277,336.010497,388.190236,42.667466,17,-1.413673
2022-02-05,Cakes and puddings,12893.296385714286,25613.056571428573,1879082.4088285714,3.916876857142857,7.779020714285714,569.5494717142857,12,13,13,1,12052.166693,9446.5345,27323.8271,1.207288,13,6.979075,3.866842,3.605168,4.120057,0.261674,12,1.293953,24195.206302,19153.708186,54549.739343,0.937248,13,5.860046,7.761808,7.357303,8.090825,0.404506,11,0.221756,1796396.537273,1442834.604586,4056742.431329,1.405247,13,4.602874,574.910952,564.979312,581.588772,9.93164,13,-0.932576
2022-02-05,Chocolate,59590.44967142857,103080.1692,3153420.9008000004,26.65486842857143,46.108470857142855,1410.6284125714285,5,5,10,1,58315.82945,28150.229133,132547.293257,5.841603,5,2.185719,26.648336,26.635705,26.70231,0.053974,3,0.024513,100886.00487,48669.253133,229294.0415,3.908014,5,2.174895,46.100992,46.086531,46.162786,0.061793,2,0.016222,3087731.596088,1485490.099517,7016207.887686,2.415405,10,2.127429,1410.912515,1408.565066,1411.461877,2.347449,5,-0.020136
2022-02-05,Confectionery products,3165.8843714285717,5005.252814285714,403722.7496142857,3.721085,5.880564714285714,474.48765999999995,24,22,24,1,2639.015552,1230.34235,3506.494586,0.264355,26,19.964597,3.375115,3.076151,3.996045,0.620931,13,10.250621,4173.185967,1949.08865,5594.6689,0.161656,24,19.938408,5.335199,4.888743,6.384052,1.048852,14,10.222025,365423.519615,182796.127083,451633.892,0.285856,24,10.480779,467.73042,451.206086,488.80262,21.0722,14,1.444687
2022-02-05,Dairy alternative,3090.303957142857,2214.5295,89464.74642857142,0.9803287142857143,0.7025232857142857,28.382966857142858,25,27,29,1,2660.652938,1800.759517,3323.2613,0.266522,25,16.14833,0.980224,0.980018,0.980467,0.000243,24,0.010671,1904.762021,1287.6059,2379.9254,0.073785,27,16.262792,0.701721,0.700136,0.703588,0.001867,27,0.114374,76719.871596,51670.4985,95957.073143,0.060015,29,16.612221,28.261161,28.02064,28.544487,0.283326,29,0.431001
2022-02-05,Dairy products and eggs,245403.3688857143,749831.8932999999,51131091.05385714,4.650894285714286,14.213486857142856,969.1153397142856,1,2,1,1,232477.799758,181843.006267,351065.404543,23.287725,1,5.559915,4.695567,4.563031,5.229134,0.533567,8,-0.951377,710535.102733,556267.420133,1103935.183871,27.523948,2,5.530591,14.350037,13.874504,16.437715,2.087678,7,-0.951566,48504478.375397,37951671.559517,74580377.351429,37.943045,1,5.415196,979.638118,947.127741,1110.38497,130.746852,8,-1.07415
2022-02-05,Dried fruit and nuts,1203.0203571428572,7038.125142857143,1895107.1651142857,1.8748935714285715,10.97779057142857,2956.4602954285715,28,20,12,1,1354.723428,1038.388929,3492.095486,0.135705,28,-11.198084,1.889388,1.871719,1.912103,0.022716,18,-0.767146,7856.897445,6027.1344,20353.999714,0.304352,20,-10.421064,10.957706,10.926228,10.982189,0.031477,9,0.183294,2111373.829218,1619963.4337,5475933.913743,1.65164,12,-10.242936,2944.647013,2926.133188,2959.04748,18.513825,2,0.401178
2022-02-05,Edible oils and plant-based spreads,12308.067171428573,34504.18475714286,2313014.2003428573,4.587575857142857,12.89708357142857,864.8755488571429,13,9,11,1,11516.024682,7616.68445,19449.161571,1.153581,14,6.877742,4.571062,4.524855,4.614628,0.046207,9,0.361264,32326.766906,21393.85755,58323.040243,1.25224,9,6.73565,12.826853,12.319996,13.748304,0.921451,8,0.547528,2159306.817661,1382403.26375,3664321.3365,1.689136,11,7.118367,859.015758,796.975647,904.810217,62.040111,9,0.682152
2022-02-05,Fish and fish products,48192.42565714286,27594.7026,12466384.776142856,14.239167857142858,8.151548,3682.9023045714284,6,12,4,1,44048.218618,32840.772867,56109.634029,4.41239,6,9.408342,14.279638,14.164105,14.795633,0.515995,5,-0.283413,25097.448283,17677.2765,30066.8442,0.972198,12,9.950232,8.135042,7.924591,8.182162,0.210451,10,0.202901,11359882.239798,8182560.301667,13942633.360857,8.886365,4,9.74044,3682.364329,3675.505187,3683.900114,6.859142,1,0.01461
2022-02-05,"Fresh, chilled or frozen fruit",17045.205628571428,28521.908985714286,3615964.6703285715,0.8591672857142857,1.437604285714286,182.19098214285714,10,11,8,1,15789.317297,10891.896033,19602.676833,1.581645,10,7.954038,0.869141,0.801294,0.91134,0.067847,26,-1.147554,26149.090577,18436.855767,31249.10995,1.012935,11,9.074191,1.440723,1.375786,1.496551,0.064936,24,-0.216442,3309952.701717,2308666.66155,4022982.239033,2.589239,9,9.245207,182.199418,171.490344,193.700603,11.501184,24,-0.00463
2022-02-05,Fruit and vegetable juices,4201.509814285714,6823.501071428572,1014603.4846285714,0.5546221428571428,0.8993998571428572,133.90049314285713,21,21,19,1,3956.552029,3322.8124,6014.348971,0.396335,21,6.191193,0.549655,0.523444,0.565905,0.026211,27,0.90362,6420.381727,5507.827633,10098.037914,0.248706,21,6.278744,0.890925,0.874856,0.907908,0.016983,26,0.951235,957660.438973,802306.9711,1466231.447171,0.749138,19,5.946058,133.064152,127.725177,136.908499,5.338975,25,0.628525
2022-02-05,"Leafy and stem vegetables, including cabbages",3042.1019428571426,3093.8989285714283,649625.8061714285,0.52154,0.5294357142857143,111.25047771428571,26,26,23,1,2757.371029,2291.510433,5559.985586,0.276211,24,10.326173,0.52777,0.516959,0.544295,0.016525,28,-1.180439,2803.538455,2332.706917,5906.793629,0.1086,26,10.356929,0.535526,0.508317,0.556186,0.027209,29,-1.137282,582885.201471,490911.0199,1223458.897614,0.455967,23,11.450043,111.33321,109.938657,113.745759,2.412549,26,-0.074311
2022-02-05,Meat alternative,2773.3368,3569.2976999999996,169440.91324285715,3.234798428571428,4.154077,196.76213285714286,27,25,26,1,2334.920785,1507.460183,3546.6332,0.233893,27,18.776483,3.203856,3.15683,3.258684,0.054828,14,0.965785,2935.016621,1767.951217,4661.065671,0.113694,25,21.610817,4.007139,3.664715,4.363268,0.356129,17,3.666907,134877.095393,76279.345517,224216.564714,0.105509,27,25.626158,183.238195,156.950947,211.128878,27.890684,23,7.380524
2022-02-05,Other Meat,155226.02998571427,328160.71691428573,13347588.327814285,13.796979142857143,29.22696842857143,1183.279392857143,3,3,2,1,155605.134295,120499.749017,240673.170914,15.58725,3,-0.243632,14.54359,13.440539,15.963764,1.420174,4,-5.133607,346493.577259,242973.5198,463373.103614,13.422097,3,-5.290967,32.476188,26.094584,40.120317,7.644129,4,-10.00493,12871723.378448,10935977.428233,23519542.951257,10.069016,2,3.696979,1196.865944,1171.617404,1306.265527,109.399583,7,-1.135177
2022-02-05,Other vegetables,23098.177428571427,52719.51467142857,4464110.062371428,1.3490307142857143,3.0760338571428574,260.6954761428571,9,7,6,1,21710.047346,15914.283133,28532.786986,2.174735,9,6.393952,1.356362,1.328676,1.385649,0.029287,22,-0.540509,48418.258862,34800.809067,62979.575171,1.875575,7,8.883541,3.024343,2.70005,3.328264,0.324293,20,1.709163,4158886.236624,3003937.482633,5335174.981029,3.253324,6,7.339076,259.81835,251.354083,267.523771,8.464267,21,0.337592
2022-02-05,Pasta products,3954.884285714286,8612.657042857143,1465987.404057143,1.7590907142857142,3.830033428571429,652.3495778571429,22,19,15,1,3786.170854,2469.686283,4294.3287,0.379268,22,4.456044,1.768948,1.755839,1.788505,0.019556,20,-0.557255,8190.71269,5343.18925,9354.024514,0.317283,19,5.151497,3.82556,3.819282,3.831063,0.006278,18,0.116937,1402184.256253,917760.774833,1595015.077443,1.096871,14,4.550268,655.192799,650.769265,663.292973,8.100175,11,-0.433952
2022-02-05,Pastry (savoury),12294.8234,30842.613514285713,906192.6460857142,8.880620714285714,22.297434428571428,654.137709,14,10,21,1,12126.324274,10321.05505,19579.955629,1.214716,12,1.389532,8.741523,6.799252,9.710859,1.942272,7,1.591225,29965.389169,23568.996617,40972.183471,1.160767,10,2.927459,21.659973,14.495135,25.177449,7.164837,6,2.943041,922921.302795,826556.673571,1901873.346986,0.721963,20,-1.812577,662.523247,612.539212,710.974256,49.984035,10,-1.265697
2022-02-05,"Potatoes, root crops, non-starchy bulbs and mushrooms",10676.232285714286,15978.086314285714,1145959.801857143,0.4633521428571429,0.6933842857142858,49.713392999999996,15,16,17,1,9479.581166,7237.189171,19570.309457,0.949587,16,12.62346,0.46348,0.458367,0.464637,0.005112,29,-0.027526,14246.901157,10888.947086,28934.506829,0.551881,16,12.15131,0.697227,0.679129,0.705335,0.018099,28,-0.551211,1017563.41704,774128.405286,2033935.952857,0.795998,18,12.618023,49.794536,47.743595,50.189854,2.050941,28,-0.162956
2022-02-05,Preserved fruit and fruit based products,874.4596571428572,1317.7826571428573,189036.5936,0.8667197142857143,1.306449142857143,187.398499,29,29,25,1,792.376834,427.837867,909.3098,0.079374,29,10.359064,0.873013,0.862756,0.878507,0.010257,25,-0.720917,1172.190112,623.814667,1352.714314,0.045407,30,12.420557,1.290893,1.277285,1.314326,0.023434,25,1.20507,168954.540101,90254.870717,194439.635686,0.132166,25,11.886069,186.086047,184.937372,188.026297,1.940251,22,0.705293
2022-02-05,Ready meals,75794.30397142857,249689.00481428573,8586282.076757142,11.33912857142857,37.362968714285714,1286.4346182857141,4,4,5,1,69234.105759,59992.4463,88710.792357,6.935307,4,9.475385,11.115542,10.328625,11.579405,0.786918,6,2.011473,227633.511184,196833.1531,286054.254,8.817823,4,9.689036,36.533255,33.59909,38.377942,2.934165,3,2.27112,8015120.061351,6754268.6726,9946543.391871,6.269897,5,7.126057,1287.886634,1233.17431,1329.759094,54.712323,6,-0.112744
2022-02-05,Rice,7111.147128571429,4499.259642857143,3584648.2254285715,4.408109142857143,2.7889112857142857,2222.115335,18,24,9,1,6693.004805,4764.563817,7877.731471,0.670451,18,6.247453,4.413957,4.395409,4.435112,0.021155,11,-0.132488,4231.196538,3004.00565,4992.0532,0.163904,23,6.335397,2.790459,2.785549,2.796059,0.0056,21,-0.055472,3374950.652558,2405027.938333,3968670.926971,2.640084,8,6.213352,2225.728891,2214.268126,2238.80079,13.071899,3,-0.162354
2022-02-05,"Salt, spices, culinary herbs and other food products",458.7476428571429,1076.7804428571428,127352.66922857144,0.9653161428571428,2.2612195714285717,267.2409488571429,30,30,27,1,516.810652,379.375457,1145.614886,0.05177,30,-11.234871,1.074819,0.809817,1.221574,0.265002,23,-10.188025,1349.002485,884.187243,3982.261571,0.052256,29,-20.179506,2.758251,1.860042,4.102337,1.344086,22,-18.019789,163697.872327,91196.791014,737993.111686,0.128054,26,-22.202612,323.367205,227.575549,684.446814,361.079609,19,-17.356818
2022-02-05,"Sauces, condiments",10080.649000000001,19870.316157142857,1432461.458657143,2.2541534285714286,4.440043714285714,320.2422302857143,16,14,16,1,9741.672716,6612.831643,16390.927014,0.975841,15,3.479652,2.272242,2.219467,2.334464,0.062222,16,-0.796057,19720.604072,13509.463229,32628.764671,0.763916,14,0.759166,4.633239,4.137111,5.845381,1.212142,15,-4.169767,1352646.415272,951675.764257,2346649.088014,1.058119,16,5.900658,315.774797,298.01131,338.335853,22.561056,20,1.414753
2022-02-05,Savoury snacks,3596.879242857143,11420.669042857144,664155.3526428572,1.7474734285714284,5.549942142857143,323.35520828571424,23,18,22,1,3508.406924,2934.376717,6976.290086,0.351444,23,2.521723,1.778011,1.72737,1.930614,0.152603,19,-1.717508,11150.688654,9137.195133,21948.036743,0.431943,17,2.421199,5.653864,5.480259,6.146643,0.492779,13,-1.838073,678020.444067,547013.339467,1387744.531357,0.530387,22,-2.044937,343.50234,316.547979,437.715846,94.213506,18,-5.865209
2022-02-05,"Soft drinks (inc. fizzy and ready to drink fruit drinks), mineral or spring water",5301.2468714285715,1349.0650285714287,63081.36665714286,0.20775885714285716,0.05258971428571429,2.479930857142857,20,28,30,1,5649.728345,4618.665886,10412.868729,0.565944,19,-6.16811,0.21015,0.205601,0.225306,0.015156,30,-1.137642,1483.983748,1169.996771,3335.102614,0.057485,28,-9.091657,0.055049,0.049885,0.071721,0.016672,30,-4.46734,65043.039427,52897.311257,116022.955314,0.05088,30,-3.015961,2.439413,2.236549,2.64423,0.204817,30,1.66098
2022-02-05,"Sugar, sugar products, jams and marmalades",5447.8078000000005,4605.7333,942734.6309571428,2.134025285714286,1.8036577142857144,369.24656914285714,19,23,20,1,5300.058234,3688.53565,8378.2543,0.530917,20,2.787697,2.154882,2.107335,2.194137,0.047547,17,-0.967878,4454.640753,3104.651483,7005.104414,0.172559,22,3.391801,1.811221,1.793978,1.825456,0.017243,23,-0.417578,914944.404727,637128.790567,1443213.123371,0.715723,21,3.037368,372.001013,365.721601,377.185269,6.279412,16,-0.74044
2022-02-05,"Tea, coffee, cocoa and powdered chocolate",45816.07924285714,48460.8953,119724.75345714286,27.013737142857142,28.647170428571428,70.25715128571429,7,8,28,1,39709.720555,28327.34405,54265.222929,3.977795,7,15.377491,26.740506,26.019858,27.627357,0.88685,2,1.021786,42263.378573,30278.014383,59652.770557,1.637153,8,14.664035,28.425734,27.112628,30.299542,1.873808,5,0.779001,99012.963197,64382.544514,171887.487971,0.077454,28,20.918261,66.404043,50.741391,87.517516,21.113474,27,5.802521
2022-02-12,"Baker's yeast, dessert preparations, soups",10011.431785714285,12324.959214285715,1732367.9408714287,2.5718807142857143,3.147701571428571,444.4243085714285,17,17,14,1,7985.690448,5158.9966,11109.725871,0.799941,17,25.367141,2.638836,2.399434,3.01519,0.376354,15,-2.537292,10133.984543,7743.733817,12772.186,0.392559,18,21.620071,3.457694,2.339541,5.233981,1.776287,19,-8.965306,1385906.736596,932849.351929,1911053.4077,1.084137,15,24.998883,459.239816,405.329624,545.753175,86.513359,15,-3.226094
2022-02-12,Beef and Lamb,239386.58304285715,863508.2953142857,3892875.616857142,91.99560985714285,331.6604988571429,1495.084761857143,2,1,7,1,207224.686107,139791.837786,342066.711086,20.758075,2,15.520302,90.78412,81.878412,93.473207,8.905708,1,1.334474,762451.264726,511727.556257,1210221.180571,29.535021,1,13.254228,332.544384,330.582466,339.041855,6.497471,1,-0.265795,3446260.019342,2311457.704143,5441731.711429,2.695867,7,12.959428,1502.220715,1486.381377,1554.67736,52.456645,4,-0.475027
2022-02-12,Breads and cereals,37681.607571428576,91458.58889999999,13182051.051771428,1.735059142857143,4.209376714285715,606.398081,8,6,3,1,34676.828332,27259.42595,44667.298843,3.473641,8,8.665092,1.729168,1.706626,1.753884,0.024716,21,0.340715,84408.522919,67389.80845,110732.959757,3.269727,6,8.352315,4.207487,4.155123,4.294658,0.087171,16,0.044904,12243011.855362,9951514.284967,16090617.298671,9.577201,3,7.670002,610.467519,604.357677,626.34124,15.87372,12,-0.66661
2022-02-12,"Buns, crispbread and biscuits",16125.143685714285,20440.343214285713,1156412.7900142858,4.712794571428572,5.9745484285714285,338.00890342857144,11,14,17,1,14641.766396,7038.073033,18824.045329,1.466692,11,10.131136,4.567265,3.926231,4.713494,0.641034,10,3.186353,18464.739406,8809.09675,23471.154129,0.715267,15,10.699332,5.761494,4.890149,5.974548,0.871345,12,3.69791,1107429.666344,654959.338583,1873560.941871,0.866296,17,4.423136,345.52277,336.010497,388.190236,42.667466,17,-2.174637
2022-02-12,Cakes and puddings,13095.548328571429,25992.993371428573,1907875.8563857141,3.9109405714285717,7.764722,570.0044024285714,12,13,12,1,12052.166693,9446.5345,27323.8271,1.207288,13,8.657212,3.866842,3.605168,4.120057,0.261674,12,1.140435,24195.206302,19153.708186,54549.739343,0.937248,13,7.430344,7.761808,7.357303,8.090825,0.404506,11,0.037537,1796396.537273,1442834.604586,4056742.431329,1.405247,13,6.205719,574.910952,564.979312,581.588772,9.93164,13,-0.853445
2022-02-12,Chocolate,56305.433899999996,97383.37042857143,2977219.3885142854,26.668453285714286,46.124024,1410.0375737142858,5,5,10,1,58315.82945,28150.229133,132547.293257,5.841603,5,-3.447427,26.648336,26.635705,26.70231,0.053974,3,0.075492,100886.00487,48669.253133,229294.0415,3.908014,5,-3.471873,46.100992,46.086531,46.162786,0.061793,2,0.049959,3087731.596088,1485490.099517,7016207.887686,2.415405,10,-3.579074,1410.912515,1408.565066,1411.461877,2.347449,5,-0.062012
2022-02-12,Confectionery products,3427.4321714285716,5458.746171428572,431043.7421428571,3.839235,6.113816571428571,480.0267674285714,24,22,24,1,2639.015552,1230.34235,3506.494586,0.264355,26,29.875406,3.375115,3.076151,3.996045,0.620931,13,13.751243,4173.185967,1949.08865,5594.6689,0.161656,24,30.805246,5.335199,4.888743,6.384052,1.048852,14,14.593967,365423.519615,182796.127083,451633.892,0.285856,24,17.957307,467.73042,451.206086,488.80262,21.0722,14,2.628939
2022-02-12,Dairy alternative,3181.8863142857144,2277.7869,91729.02242857144,0.9802197142857142,0.7016867142857143,28.255998428571427,25,27,29,1,2660.652938,1800.759517,3323.2613,0.266522,25,19.590431,0.980224,0.980018,0.980467,0.000243,24,-0.000449,1904.762021,1287.6059,2379.9254,0.073785,27,19.583805,0.701721,0.700136,0.703588,0.001867,27,-0.004843,76719.871596,51670.4985,95957.073143,0.060015,29,19.563577,28.261161,28.02064,28.544487,0.283326,29,-0.018267
2022-02-12,Dairy products and eggs,245455.61205714286,750792.3893428572,51167166.889785714,4.673948285714286,14.298980857142856,974.420853,1,2,1,1,232477.799758,181843.006267,351065.404543,23.287725,1,5.582388,4.695567,4.563031,5.229134,0.533567,8,-0.460404,710535.102733,556267.420133,1103935.183871,27.523948,2,5.66577,14.350037,13.874504,16.437715,2.087678,7,-0.35579,48504478.375397,37951671.559517,74580377.351429,37.943045,1,5.489573,979.638118,947.127741,1110.38497,130.746852,8,-0.532571
2022-02-12,Dried fruit and nuts,1214.8299142857143,7058.775842857142,1897709.3861714285,1.8860134285714287,10.962381714285714,2947.3972395714286,28,20,13,1,1354.723428,1038.388929,3492.095486,0.135705,28,-10.326352,1.889388,1.871719,1.912103,0.022716,18,-0.178603,7856.897445,6027.1344,20353.999714,0.304352,20,-10.158229,10.957706,10.926228,10.982189,0.031477,9,0.042673,2111373.829218,1619963.4337,5475933.913743,1.65164,12,-10.119688,2944.647013,2926.133188,2959.04748,18.513825,2,0.093398
2022-02-12,Edible oils and plant-based spreads,12510.395542857144,35161.68645714286,2373366.2997571426,4.587788571428571,12.893547857142858,869.9031291428572,13,9,11,1,11516.024682,7616.68445,19449.161571,1.153581,14,8.634671,4.571062,4.524855,4.614628,0.046207,9,0.365918,32326.766906,21393.85755,58323.040243,1.25224,9,8.769573,12.826853,12.319996,13.748304,0.921451,8,0.519963,2159306.817661,1382403.26375,3664321.3365,1.689136,11,9.913343,859.015758,796.975647,904.810217,62.040111,9,1.267424
2022-02-12,Fish and fish products,48238.36785714286,27550.565228571428,12458728.344857143,14.251112142857142,8.146676428571428,3682.743527857143,6,12,4,1,44048.218618,32840.772867,56109.634029,4.41239,6,9.512642,14.279638,14.164105,14.795633,0.515995,5,-0.199768,25097.448283,17677.2765,30066.8442,0.972198,12,9.774368,8.135042,7.924591,8.182162,0.210451,10,0.143018,11359882.239798,8182560.301667,13942633.360857,8.886365,4,9.673041,3682.364329,3675.505187,3683.900114,6.859142,1,0.010298
2022-02-12,"Fresh, chilled or frozen fruit",16648.803557142855,27846.163571428573,3550752.4705857146,0.8628545714285715,1.4431475714285715,184.01056357142858,10,11,9,1,15789.317297,10891.896033,19602.676833,1.581645,10,5.443467,0.869141,0.801294,0.91134,0.067847,26,-0.72331,26149.090577,18436.855767,31249.10995,1.012935,11,6.489989,1.440723,1.375786,1.496551,0.064936,24,0.168315,3309952.701717,2308666.66155,4022982.239033,2.589239,9,7.275021,182.199418,171.490344,193.700603,11.501184,24,0.994046
2022-02-12,Fruit and vegetable juices,4088.6222428571427,6682.2787285714285,991349.3294857143,0.5503794285714286,0.8986007142857143,133.43268614285714,21,21,19,1,3956.552029,3322.8124,6014.348971,0.396335,21,3.338013,0.549655,0.523444,0.565905,0.026211,27,0.131734,6420.381727,5507.827633,10098.037914,0.248706,21,4.07915,0.890925,0.874856,0.907908,0.016983,26,0.861537,957660.438973,802306.9711,1466231.447171,0.749138,19,3.517833,133.064152,127.725177,136.908499,5.338975,25,0.27696
2022-02-12,"Leafy and stem vegetables, including cabbages",3042.3708714285713,3097.9876,649776.6247714285,0.5213084285714286,0.5304208571428571,111.268339,26,26,23,1,2757.371029,2291.510433,5559.985586,0.276211,24,10.335926,0.52777,0.516959,0.544295,0.016525,28,-1.224317,2803.538455,2332.706917,5906.793629,0.1086,26,10.502768,0.535526,0.508317,0.556186,0.027209,29,-0.953324,582885.201471,490911.0199,1223458.897614,0.455967,23,11.475917,111.33321,109.938657,113.745759,2.412549,26,-0.058268
2022-02-12,Meat alternative,2515.3873714285714,3226.9998857142855,152450.1298857143,3.2328914285714285,4.150993285714286,196.22980471428573,27,25,26,1,2334.920785,1507.460183,3546.6332,0.233893,27,7.729024,3.203856,3.15683,3.258684,0.054828,14,0.906263,2935.016621,1767.951217,4661.065671,0.113694,25,9.948266,4.007139,3.664715,4.363268,0.356129,17,3.589951,134877.095393,76279.345517,224216.564714,0.105509,27,13.028924,183.238195,156.950947,211.128878,27.890684,23,7.090012
2022-02-12,Other Meat,156059.8666285714,330080.94854285714,13421625.190257145,13.796411142857142,29.242828285714285,1183.592231857143,3,3,2,1,155605.134295,120499.749017,240673.170914,15.58725,3,0.292235,14.54359,13.440539,15.963764,1.420174,4,-5.137512,346493.577259,242973.5198,463373.103614,13.422097,3,-4.736777,32.476188,26.094584,40.120317,7.644129,4,-9.956095,12871723.378448,10935977.428233,23519542.951257,10.069016,2,4.272169,1196.865944,1171.617404,1306.265527,109.399583,7,-1.109039
2022-02-12,Other vegetables,23427.834414285717,54252.70151428571,4535007.897185714,1.3646672857142856,3.1596734285714283,264.178438,9,7,6,1,21710.047346,15914.283133,28532.786986,2.174735,9,7.912406,1.356362,1.328676,1.385649,0.029287,22,0.612323,48418.258862,34800.809067,62979.575171,1.875575,7,12.050088,3.024343,2.70005,3.328264,0.324293,20,4.474708,4158886.236624,3003937.482633,5335174.981029,3.253324,6,9.043807,259.81835,251.354083,267.523771,8.464267,21,1.678129
2022-02-12,Pasta products,4024.1904142857143,8780.923871428571,1496616.5311,1.7558388571428571,3.831063142857143,652.8241762857143,22,19,15,1,3786.170854,2469.686283,4294.3287,0.379268,22,6.286551,1.768948,1.755839,1.788505,0.019556,20,-0.741085,8190.71269,5343.18925,9354.024514,0.317283,19,7.205859,3.82556,3.819282,3.831063,0.006278,18,0.143853,1402184.256253,917760.774833,1595015.077443,1.096871,14,6.734655,655.192799,650.769265,663.292973,8.100175,11,-0.361515
2022-02-12,Pastry (savoury),12408.971699999998,31055.41417142857,921750.3376,8.885951571428572,22.243796571428568,660.5188959999999,14,10,21,1,12126.324274,10321.05505,19579.955629,1.214716,12,2.330858,8.741523,6.799252,9.710859,1.942272,7,1.652208,29965.389169,23568.996617,40972.183471,1.160767,10,3.637613,21.659973,14.495135,25.177449,7.164837,6,2.695405,922921.302795,826556.673571,1901873.346986,0.721963,20,-0.126876,662.523247,612.539212,710.974256,49.984035,10,-0.302533
2022-02-12,"Potatoes, root crops, non-starchy bulbs and mushrooms",10692.805600000002,16060.97607142857,1152847.0184285713,0.4633128571428572,0.6962361428571429,49.95266857142857,15,16,18,1,9479.581166,7237.189171,19570.309457,0.949587,16,12.798292,0.46348,0.458367,0.464637,0.005112,29,-0.036003,14246.901157,10888.947086,28934.506829,0.551881,16,12.733119,0.697227,0.679129,0.705335,0.018099,28,-0.142183,1017563.41704,774128.405286,2033935.952857,0.795998,18,13.294857,49.794536,47.743595,50.189854,2.050941,28,0.317569
2022-02-12,Preserved fruit and fruit based products,893.6008428571429,1321.884842857143,190525.16857142857,0.8732082857142858,1.2927404285714286,186.28657742857143,29,29,25,1,792.376834,427.837867,909.3098,0.079374,29,12.774731,0.873013,0.862756,0.878507,0.010257,25,0.022322,1172.190112,623.814667,1352.714314,0.045407,30,12.770516,1.290893,1.277285,1.314326,0.023434,25,0.143114,168954.540101,90254.870717,194439.635686,0.132166,25,12.76712,186.086047,184.937372,188.026297,1.940251,22,0.107762
2022-02-12,Ready meals,77892.70574285714,257196.87159999998,8765704.455585714,11.430418,37.748313714285715,1284.9847835714286,4,4,5,1,69234.105759,59992.4463,88710.792357,6.935307,4,12.506264,11.115542,10.328625,11.579405,0.786918,6,2.83275,227633.511184,196833.1531,286054.254,8.817823,4,12.987262,36.533255,33.59909,38.377942,2.934165,3,3.325899,8015120.061351,6754268.6726,9946543.391871,6.269897,5,9.364606,1287.886634,1233.17431,1329.759094,54.712323,6,-0.225319
2022-02-12,Rice,7225.929157142858,4566.461528571429,3644185.2788714287,4.416378142857143,2.7911,2227.2249114285714,18,24,8,1,6693.004805,4764.563817,7877.731471,0.670451,18,7.962408,4.413957,4.395409,4.435112,0.021155,11,0.054849,4231.196538,3004.00565,4992.0532,0.163904,23,7.923645,2.790459,2.785549,2.796059,0.0056,21,0.022963,3374950.652558,2405027.938333,3968670.926971,2.640084,8,7.977439,2225.728891,2214.268126,2238.80079,13.071899,3,0.067215
2022-02-12,"Salt, spices, culinary herbs and other food products",476.6487,1154.8751857142856,126836.03508571429,1.0551214285714285,2.5634144285714284,280.9224382857143,30,30,27,1,516.810652,379.375457,1145.614886,0.05177,30,-7.771115,1.074819,0.809817,1.221574,0.265002,23,-1.832637,1349.002485,884.187243,3982.261571,0.052256,29,-14.390433,2.758251,1.860042,4.102337,1.344086,22,-7.063756,163697.872327,91196.791014,737993.111686,0.128054,26,-22.518214,323.367205,227.575549,684.446814,361.079609,19,-13.125872
2022-02-12,"Sauces, condiments",10033.960414285713,19761.84972857143,1423878.4436714288,2.2612151428571425,4.449592428571429,320.84369699999996,16,15,16,1,9741.672716,6612.831643,16390.927014,0.975841,15,3.000385,2.272242,2.219467,2.334464,0.062222,16,-0.485275,19720.604072,13509.463229,32628.764671,0.763916,14,0.20915,4.633239,4.137111,5.845381,1.212142,15,-3.963676,1352646.415272,951675.764257,2346649.088014,1.058119,16,5.266123,315.774797,298.01131,338.335853,22.561056,20,1.605226
2022-02-12,Savoury snacks,3673.5239,11713.641099999999,683429.5835,1.7418894285714284,5.555954714285714,324.39778971428575,23,18,22,1,3508.406924,2934.376717,6976.290086,0.351444,23,4.706323,1.778011,1.72737,1.930614,0.152603,19,-2.031567,11150.688654,9137.195133,21948.036743,0.431943,17,5.048589,5.653864,5.480259,6.146643,0.492779,13,-1.731729,678020.444067,547013.339467,1387744.531357,0.530387,22,0.797784,343.50234,316.547979,437.715846,94.213506,18,-5.561694
2022-02-12,"Soft drinks (inc. fizzy and ready to drink fruit drinks), mineral or spring water",5490.019871428572,1399.4040285714286,65637.49211428572,0.20781628571428573,0.05288014285714286,2.4910734285714287,20,28,30,1,5649.728345,4618.665886,10412.868729,0.565944,19,-2.826835,0.21015,0.205601,0.225306,0.015156,30,-1.110314,1483.983748,1169.996771,3335.102614,0.057485,28,-5.699504,0.055049,0.049885,0.071721,0.016672,30,-3.939758,65043.039427,52897.311257,116022.955314,0.05088,30,0.913937,2.439413,2.236549,2.64423,0.204817,30,2.117752
2022-02-12,"Sugar, sugar products, jams and marmalades",5546.092757142857,4705.1362714285715,961127.2076857144,2.120047571428571,1.7985887142857142,367.40056328571427,19,23,20,1,5300.058234,3688.53565,8378.2543,0.530917,20,4.64211,2.154882,2.107335,2.194137,0.047547,17,-1.616532,4454.640753,3104.651483,7005.104414,0.172559,22,5.623248,1.811221,1.793978,1.825456,0.017243,23,-0.697444,914944.404727,637128.790567,1443213.123371,0.715723,21,5.047608,372.001013,365.721601,377.185269,6.279412,16,-1.236677
2022-02-12,"Tea, coffee, cocoa and powdered chocolate",48089.65342857143,50272.64891428572,124946.24077142857,27.268046142857145,28.49301171428571,70.98608285714286,7,8,28,1,39709.720555,28327.34405,54265.222929,3.977795,7,21.102976,26.740506,26.019858,27.627357,0.88685,2,1.972811,42263.378573,30278.014383,59652.770557,1.637153,8,18.950852,28.425734,27.112628,30.299542,1.873808,5,0.23668,99012.963197,64382.544514,171887.487971,0.077454,28,26.1918,66.404043,50.741391,87.517516,21.113474,27,6.900243
2022-02-19,"Baker's yeast, dessert preparations, soups",10167.39554285714,12247.604871428572,1752898.8473142856,2.5514494285714284,3.050574714285714,439.46465099999995,16,17,14,1,7985.690448,5158.9966,11109.725871,0.799941,17,27.320181,2.638836,2.399434,3.01519,0.376354,15,-3.311546,10133.984543,7743.733817,12772.186,0.392559,18,20.856755,3.457694,2.339541,5.233981,1.776287,19,-11.774312,1385906.736596,932849.351929,1911053.4077,1.084137,15,26.480289,459.239816,405.329624,545.753175,86.513359,15,-4.306065
2022-02-19,Beef and Lamb,228456.12105714282,829417.3256285714,3742387.4887142857,91.45766857142857,332.05297299999995,1498.2533587142857,2,1,7,1,207224.686107,139791.837786,342066.711086,20.758075,2,10.245611,90.78412,81.878412,93.473207,8.905708,1,0.741924,762451.264726,511727.556257,1210221.180571,29.535021,1,8.782996,332.544384,330.582466,339.041855,6.497471,1,-0.147773,3446260.019342,2311457.704143,5441731.711429,2.695867,7,8.59272,1502.220715,1486.381377,1554.67736,52.456645,4,-0.264099
2022-02-19,Breads and cereals,37691.48798571429,91665.58364285715,13235342.487714287,1.7322222857142857,4.211518857142857,607.8504474285713,8,6,3,1,34676.828332,27259.42595,44667.298843,3.473641,8,8.693585,1.729168,1.706626,1.753884,0.024716,21,0.176656,84408.522919,67389.80845,110732.959757,3.269727,6,8.597545,4.207487,4.155123,4.294658,0.087171,16,0.095816,12243011.855362,9951514.284967,16090617.298671,9.577201,3,8.105282,610.467519,604.357677,626.34124,15.87372,12,-0.4287
2022-02-19,"Buns, crispbread and biscuits",16515.06532857143,20853.09257142857,1189143.601857143,4.688162714285714,5.922417285714286,337.3614707142857,11,14,17,1,14641.766396,7038.073033,18824.045329,1.466692,11,12.794214,4.567265,3.926231,4.713494,0.641034,10,2.64704,18464.739406,8809.09675,23471.154129,0.715267,15,12.93467,5.761494,4.890149,5.974548,0.871345,12,2.79309,1107429.666344,654959.338583,1873560.941871,0.866296,17,7.378702,345.52277,336.010497,388.190236,42.667466,17,-2.362015
2022-02-19,Cakes and puddings,13298.455471428571,26324.802042857144,1938072.7361857144,3.8982884285714285,7.7168920000000005,567.6258794285715,12,13,12,1,12052.166693,9446.5345,27323.8271,1.207288,13,10.340786,3.866842,3.605168,4.120057,0.261674,12,0.81324,24195.206302,19153.708186,54549.739343,0.937248,13,8.801726,7.761808,7.357303,8.090825,0.404506,11,-0.578686,1796396.537273,1442834.604586,4056742.431329,1.405247,13,7.886688,574.910952,564.979312,581.588772,9.93164,13,-1.267165
2022-02-19,Chocolate,54196.36194285714,93734.46234285714,2865509.8227000004,26.66806557142857,46.123580142857136,1410.0544395714285,5,5,10,1,58315.82945,28150.229133,132547.293257,5.841603,5,-7.064064,26.648336,26.635705,26.70231,0.053974,3,0.074037,100886.00487,48669.253133,229294.0415,3.908014,5,-7.088736,46.100992,46.086531,46.162786,0.061793,2,0.048996,3087731.596088,1485490.099517,7016207.887686,2.415405,10,-7.196926,1410.912515,1408.565066,1411.461877,2.347449,5,-0.060817
2022-02-19,Confectionery products,3506.4945857142857,5594.6689,439843.3303714286,3.853770142857143,6.148248142857143,482.2665255714286,24,22,24,1,2639.015552,1230.34235,3506.494586,0.264355,26,32.871312,3.375115,3.076151,3.996045,0.620931,13,14.181899,4173.185967,1949.08865,5594.6689,0.161656,24,34.062295,5.335199,4.888743,6.384052,1.048852,14,15.239333,365423.519615,182796.127083,451633.892,0.285856,24,20.365359,467.73042,451.206086,488.80262,21.0722,14,3.107796
2022-02-19,Dairy alternative,3010.0739,2155.6034,86908.18742857143,0.980262,0.7020107142857144,28.305195142857144,25,27,29,1,2660.652938,1800.759517,3323.2613,0.266522,25,13.132903,0.980224,0.980018,0.980467,0.000243,24,0.003865,1904.762021,1287.6059,2379.9254,0.073785,27,13.169172,0.701721,0.700136,0.703588,0.001867,27,0.041329,76719.871596,51670.4985,95957.073143,0.060015,29,13.279892,28.261161,28.02064,28.544487,0.283326,29,0.155811
2022-02-19,Dairy products and eggs,243115.73765714286,742551.7725285714,50635034.052028574,4.666835428571429,14.257290857142857,972.0998855714286,1,2,1,1,232477.799758,181843.006267,351065.404543,23.287725,1,4.575894,4.695567,4.563031,5.229134,0.533567,8,-0.611884,710535.102733,556267.420133,1103935.183871,27.523948,2,4.505994,14.350037,13.874504,16.437715,2.087678,7,-0.646312,48504478.375397,37951671.559517,74580377.351429,37.943045,1,4.392493,979.638118,947.127741,1110.38497,130.746852,8,-0.769492
2022-02-19,Dried fruit and nuts,1227.5121571428572,7010.505085714286,1877232.7718142855,1.9121034285714287,10.926228428571429,2926.1331875714286,28,20,13,1,1354.723428,1038.388929,3492.095486,0.135705,28,-9.390202,1.889388,1.871719,1.912103,0.022716,18,1.202268,7856.897445,6027.1344,20353.999714,0.304352,20,-10.772603,10.957706,10.926228,10.982189,0.031477,9,-0.287262,2111373.829218,1619963.4337,5475933.913743,1.65164,12,-11.089512,2944.647013,2926.133188,2959.04748,18.513825,2,-0.628728
2022-02-19,Edible oils and plant-based spreads,12759.339685714285,35954.97247142858,2432251.4122142857,4.589841142857144,12.950382857142857,875.9584150000001,14,9,11,1,11516.024682,7616.68445,19449.161571,1.153581,14,10.796391,4.571062,4.524855,4.614628,0.046207,9,0.410821,32326.766906,21393.85755,58323.040243,1.25224,9,11.223534,12.826853,12.319996,13.748304,0.921451,8,0.963057,2159306.817661,1382403.26375,3664321.3365,1.689136,11,12.64038,859.015758,796.975647,904.810217,62.040111,9,1.972334
2022-02-19,Fish and fish products,47899.84982857143,27424.817228571428,12390047.320571428,14.238802428571429,8.151696857142857,3682.9071608571426,6,12,4,1,44048.218618,32840.772867,56109.634029,4.41239,6,8.744125,14.279638,14.164105,14.795633,0.515995,5,-0.285973,25097.448283,17677.2765,30066.8442,0.972198,12,9.273329,8.135042,7.924591,8.182162,0.210451,10,0.204731,11359882.239798,8182560.301667,13942633.360857,8.886365,4,9.068449,3682.364329,3675.505187,3683.900114,6.859142,1,0.014741
2022-02-19,"Fresh, chilled or frozen fruit",16661.78452857143,27849.638799999997,3550411.092714286,0.8625488571428572,1.4420644285714286,183.82028214285714,10,11,9,1,15789.317297,10891.896033,19602.676833,1.581645,10,5.525681,0.869141,0.801294,0.91134,0.067847,26,-0.758484,26149.090577,18436.855767,31249.10995,1.012935,11,6.503279,1.440723,1.375786,1.496551,0.064936,24,0.093134,3309952.701717,2308666.66155,4022982.239033,2.589239,9,7.264708,182.199418,171.490344,193.700603,11.501184,24,0.88961
2022-02-19,Fruit and vegetable juices,3990.9736857142857,6557.304142857143,969521.3197999999,0.5504351428571429,0.9028938571428571,133.82293957142858,22,21,20,1,3956.552029,3322.8124,6014.348971,0.396335,21,0.869991,0.549655,0.523444,0.565905,0.026211,27,0.14187,6420.381727,5507.827633,10098.037914,0.248706,21,2.132621,0.890925,0.874856,0.907908,0.016983,26,1.343412,957660.438973,802306.9711,1466231.447171,0.749138,19,1.238527,133.064152,127.725177,136.908499,5.338975,25,0.570242
2022-02-19,"Leafy and stem vegetables, including cabbages",2979.5417714285713,3025.909342857143,635696.6511,0.5217808571428572,0.5293771428571429,111.24438428571429,26,26,23,1,2757.371029,2291.510433,5559.985586,0.276211,24,8.057339,0.52777,0.516959,0.544295,0.016525,28,-1.134803,2803.538455,2332.706917,5906.793629,0.1086,26,7.931794,0.535526,0.508317,0.556186,0.027209,29,-1.14822,582885.201471,490911.0199,1223458.897614,0.455967,23,9.060352,111.33321,109.938657,113.745759,2.412549,26,-0.079784
2022-02-19,Meat alternative,2537.609242857143,3279.1146428571424,154884.69475714286,3.229565,4.161786428571428,196.11659685714287,27,25,26,1,2334.920785,1507.460183,3546.6332,0.233893,27,8.680742,3.203856,3.15683,3.258684,0.054828,14,0.802437,2935.016621,1767.951217,4661.065671,0.113694,25,11.723887,4.007139,3.664715,4.363268,0.356129,17,3.859299,134877.095393,76279.345517,224216.564714,0.105509,27,14.833949,183.238195,156.950947,211.128878,27.890684,23,7.02823
2022-02-19,Other Meat,154982.0066,327962.0166714286,13350957.649042858,13.804636714285715,29.25330957142857,1187.183922142857,3,3,2,1,155605.134295,120499.749017,240673.170914,15.58725,3,-0.400454,14.54359,13.440539,15.963764,1.420174,4,-5.080954,346493.577259,242973.5198,463373.103614,13.422097,3,-5.348313,32.476188,26.094584,40.120317,7.644129,4,-9.923821,12871723.378448,10935977.428233,23519542.951257,10.069016,2,3.723155,1196.865944,1171.617404,1306.265527,109.399583,7,-0.808948
2022-02-19,Other vegetables,23247.996728571427,54068.24431428571,4498132.446642857,1.3642014285714286,3.173996857142857,263.964948,9,7,6,1,21710.047346,15914.283133,28532.786986,2.174735,9,7.084044,1.356362,1.328676,1.385649,0.029287,22,0.577977,48418.258862,34800.809067,62979.575171,1.875575,7,11.669121,3.024343,2.70005,3.328264,0.324293,20,4.948313,4158886.236624,3003937.482633,5335174.981029,3.253324,6,8.157141,259.81835,251.354083,267.523771,8.464267,21,1.59596
2022-02-19,Pasta products,4000.6683857142857,8697.508285714286,1481853.6898999999,1.7619057142857142,3.8289389999999996,652.5816548571429,21,19,15,1,3786.170854,2469.686283,4294.3287,0.379268,22,5.665289,1.768948,1.755839,1.788505,0.019556,20,-0.398121,8190.71269,5343.18925,9354.024514,0.317283,19,6.187442,3.82556,3.819282,3.831063,0.006278,18,0.088328,1402184.256253,917760.774833,1595015.077443,1.096871,14,5.681809,655.192799,650.769265,663.292973,8.100175,11,-0.398531
2022-02-19,Pastry (savoury),12815.033057142855,32028.353700000003,953348.1482857143,8.845166142857142,22.099640571428573,658.5072237142857,13,10,21,1,12126.324274,10321.05505,19579.955629,1.214716,12,5.679452,8.741523,6.799252,9.710859,1.942272,7,1.185637,29965.389169,23568.996617,40972.183471,1.160767,10,6.884491,21.659973,14.495135,25.177449,7.164837,6,2.029864,922921.302795,826556.673571,1901873.346986,0.721963,20,3.296797,662.523247,612.539212,710.974256,49.984035,10,-0.606171
2022-02-19,"Potatoes, root crops, non-starchy bulbs and mushrooms",10555.934028571428,15845.812757142858,1135297.957,0.46336628571428573,0.6956325714285715,49.81828228571429,15,16,18,1,9479.581166,7237.189171,19570.309457,0.949587,16,11.354435,0.46348,0.458367,0.464637,0.005112,29,-0.024475,14246.901157,10888.947086,28934.506829,0.551881,16,11.222873,0.697227,0.679129,0.705335,0.018099,28,-0.22875,1017563.41704,774128.405286,2033935.952857,0.795998,18,11.570241,49.794536,47.743595,50.189854,2.050941,28,0.047688
2022-02-19,Preserved fruit and fruit based products,876.0773428571429,1307.5856,188033.78712857142,0.8702820000000001,1.2988138571428571,186.77676314285713,29,30,25,1,792.376834,427.837867,909.3098,0.079374,29,10.56322,0.873013,0.862756,0.878507,0.010257,25,-0.312872,1172.190112,623.814667,1352.714314,0.045407,30,11.550642,1.290893,1.277285,1.314326,0.023434,25,0.613596,168954.540101,90254.870717,194439.635686,0.132166,25,11.292533,186.086047,184.937372,188.026297,1.940251,22,0.371181
2022-02-19,Ready meals,75784.41014285714,249905.4295857143,8669377.032357143,11.244903285714287,37.07107857142857,1285.161909714286,4,4,5,1,69234.105759,59992.4463,88710.792357,6.935307,4,9.461095,11.115542,10.328625,11.579405,0.786918,6,1.163783,227633.511184,196833.1531,286054.254,8.817823,4,9.784112,36.533255,33.59909,38.377942,2.934165,3,1.472149,8015120.061351,6754268.6726,9946543.391871,6.269897,5,8.162784,1287.886634,1233.17431,1329.759094,54.712323,6,-0.211566
2022-02-19,Rice,7322.1524714285715,4628.995771428571,3692179.0529714287,4.413981571428572,2.790465857142857,2225.744010857143,18,24,8,1,6693.004805,4764.563817,7877.731471,0.670451,18,9.400078,4.413957,4.395409,4.435112,0.021155,11,0.000554,4231.196538,3004.00565,4992.0532,0.163904,23,9.401578,2.790459,2.785549,2.796059,0.0056,21,0.000238,3374950.652558,2405027.938333,3968670.926971,2.640084,8,9.399497,2225.728891,2214.268126,2238.80079,13.071899,3,0.000679
2022-02-19,"Salt, spices, culinary herbs and other food products",572.5207,1439.0730857142858,148094.58658571428,1.1447701428571428,2.871968142857143,297.51714814285714,30,29,27,1,516.810652,379.375457,1145.614886,0.05177,30,10.779586,1.074819,0.809817,1.221574,0.265002,23,6.508183,1349.002485,884.187243,3982.261571,0.052256,29,6.67683,2.758251,1.860042,4.102337,1.344086,22,4.122818,163697.872327,91196.791014,737993.111686,0.128054,26,-9.531758,323.367205,227.575549,684.446814,361.079609,19,-7.994026
2022-02-19,"Sauces, condiments",10100.959628571427,19782.476714285713,1435447.5862857143,2.260131142857143,4.4260980000000005,321.282419,17,15,16,1,9741.672716,6612.831643,16390.927014,0.975841,15,3.688144,2.272242,2.219467,2.334464,0.062222,16,-0.532981,19720.604072,13509.463229,32628.764671,0.763916,14,0.313746,4.633239,4.137111,5.845381,1.212142,15,-4.47076,1352646.415272,951675.764257,2346649.088014,1.058119,16,6.12142,315.774797,298.01131,338.335853,22.561056,20,1.744161
2022-02-19,Savoury snacks,3620.4314000000004,11529.261428571428,677232.5955142857,1.757175,5.596813,329.18643285714285,23,18,22,1,3508.406924,2934.376717,6976.290086,0.351444,23,3.19303,1.778011,1.72737,1.930614,0.152603,19,-1.171866,11150.688654,9137.195133,21948.036743,0.431943,17,3.395062,5.653864,5.480259,6.146643,0.492779,13,-1.009068,678020.444067,547013.339467,1387744.531357,0.530387,22,-0.116198,343.50234,316.547979,437.715846,94.213506,18,-4.16763
2022-02-19,"Soft drinks (inc. fizzy and ready to drink fruit drinks), mineral or spring water",5536.329,1455.9981142857143,68448.73868571428,0.20995157142857143,0.055064714285714286,2.608439,20,28,30,1,5649.728345,4618.665886,10412.868729,0.565944,19,-2.007165,0.21015,0.205601,0.225306,0.015156,30,-0.094235,1483.983748,1169.996771,3335.102614,0.057485,28,-1.885845,0.055049,0.049885,0.071721,0.016672,30,0.028659,65043.039427,52897.311257,116022.955314,0.05088,30,5.23607,2.439413,2.236549,2.64423,0.204817,30,6.928975
2022-02-19,"Sugar, sugar products, jams and marmalades",5840.057957142858,4964.0688,1012880.7472,2.112034714285714,1.795683142857143,366.3423518571429,19,23,19,1,5300.058234,3688.53565,8378.2543,0.530917,20,10.188562,2.154882,2.107335,2.194137,0.047547,17,-1.988378,4454.640753,3104.651483,7005.104414,0.172559,22,11.435895,1.811221,1.793978,1.825456,0.017243,23,-0.857865,914944.404727,637128.790567,1443213.123371,0.715723,21,10.704076,372.001013,365.721601,377.185269,6.279412,16,-1.521141
2022-02-19,"Tea, coffee, cocoa and powdered chocolate",47143.108400000005,49993.2276,126439.94851428572,27.192819000000004,28.82571385714286,73.0475392857143,7,8,28,1,39709.720555,28327.34405,54265.222929,3.977795,7,18.719315,26.740506,26.019858,27.627357,0.88685,2,1.691489,42263.378573,30278.014383,59652.770557,1.637153,8,18.289709,28.425734,27.112628,30.299542,1.873808,5,1.407106,99012.963197,64382.544514,171887.487971,0.077454,28,27.700398,66.404043,50.741391,87.517516,21.113474,27,10.004657
2022-02-26,"Baker's yeast, dessert preparations, soups",9817.89552857143,11812.710142857144,1701492.0633,2.5412857142857144,3.035855,440.21961728571426,17,17,14,1,7985.690448,5158.9966,11109.725871,0.799941,17,22.943603,2.638836,2.399434,3.01519,0.376354,15,-3.696705,10133.984543,7743.733817,12772.186,0.392559,18,16.565307,3.457694,2.339541,5.233981,1.776287,19,-12.200021,1385906.736596,932849.351929,1911053.4077,1.084137,15,22.771036,459.239816,405.329624,545.753175,86.513359,15,-4.14167
2022-02-26,Beef and Lamb,229047.07318571428,828920.8899714287,3738573.1667142855,91.7540477142857,331.83673885714285,1496.5076162857144,2,1,7,1,207224.686107,139791.837786,342066.711086,20.758075,2,10.530785,90.78412,81.878412,93.473207,8.905708,1,1.06839,762451.264726,511727.556257,1210221.180571,29.535021,1,8.717885,332.544384,330.582466,339.041855,6.497471,1,-0.212797,3446260.019342,2311457.704143,5441731.711429,2.695867,7,8.48204,1502.220715,1486.381377,1554.67736,52.456645,4,-0.38031
2022-02-26,Breads and cereals,39180.95157142857,95174.31714285714,13697659.145542856,1.7419591428571428,4.229175428571429,608.5350075714287,8,6,2,1,34676.828332,27259.42595,44667.298843,3.473641,8,12.988856,1.729168,1.706626,1.753884,0.024716,21,0.739751,84408.522919,67389.80845,110732.959757,3.269727,6,12.754392,4.207487,4.155123,4.294658,0.087171,16,0.515463,12243011.855362,9951514.284967,16090617.298671,9.577201,3,11.88145,610.467519,604.357677,626.34124,15.87372,12,-0.316563
2022-02-26,"Buns, crispbread and biscuits",16404.834985714286,20731.578257142857,1209001.1023,4.637709714285714,5.861757428571429,341.2535162857143,11,14,17,1,14641.766396,7038.073033,18824.045329,1.466692,11,12.041365,4.567265,3.926231,4.713494,0.641034,10,1.542375,18464.739406,8809.09675,23471.154129,0.715267,15,12.276582,5.761494,4.890149,5.974548,0.871345,12,1.740241,1107429.666344,654959.338583,1873560.941871,0.866296,17,9.171818,345.52277,336.010497,388.190236,42.667466,17,-1.235593
2022-02-26,Cakes and puddings,13660.265685714287,26926.715914285716,1970193.8795571427,3.9080378571428573,7.701475142857142,564.9793122857143,12,13,13,1,12052.166693,9446.5345,27323.8271,1.207288,13,13.342821,3.866842,3.605168,4.120057,0.261674,12,1.065368,24195.206302,19153.708186,54549.739343,0.937248,13,11.289466,7.761808,7.357303,8.090825,0.404506,11,-0.77731,1796396.537273,1442834.604586,4056742.431329,1.405247,13,9.674776,574.910952,564.979312,581.588772,9.93164,13,-1.727509
2022-02-26,Chocolate,57218.33185714285,98976.42764285715,3027821.9749571425,26.65825342857143,46.112346571428574,1410.4811787142858,5,5,10,1,58315.82945,28150.229133,132547.293257,5.841603,5,-1.881989,26.648336,26.635705,26.70231,0.053974,3,0.037216,100886.00487,48669.253133,229294.0415,3.908014,5,-1.892807,46.100992,46.086531,46.162786,0.061793,2,0.024629,3087731.596088,1485490.099517,7016207.887686,2.415405,10,-1.940247,1410.912515,1408.565066,1411.461877,2.347449,5,-0.030571
2022-02-26,Confectionery products,3346.3787857142856,5320.680114285715,409818.4063857143,3.8879312857142856,6.182369285714286,475.7123468571429,24,22,24,1,2639.015552,1230.34235,3506.494586,0.264355,26,26.804057,3.375115,3.076151,3.996045,0.620931,13,15.194047,4173.185967,1949.08865,5594.6689,0.161656,24,27.496837,5.335199,4.888743,6.384052,1.048852,14,15.878881,365423.519615,182796.127083,451633.892,0.285856,24,12.148886,467.73042,451.206086,488.80262,21.0722,14,1.706523
2022-02-26,Dairy alternative,3054.9402999999998,2187.7279000000003,88202.66814285715,0.9802504285714286,0.7019232857142857,28.291926571428572,25,27,29,1,2660.652938,1800.759517,3323.2613,0.266522,25,14.819196,0.980224,0.980018,0.980467,0.000243,24,0.002684,1904.762021,1287.6059,2379.9254,0.073785,27,14.855708,0.701721,0.700136,0.703588,0.001867,27,0.02887,76719.871596,51670.4985,95957.073143,0.060015,29,14.967174,28.261161,28.02064,28.544487,0.283326,29,0.108862
2022-02-26,Dairy products and eggs,247817.65472857142,756537.4308857144,51589644.35387143,4.657443857142858,14.219982142857143,969.6297067142857,1,2,1,1,232477.799758,181843.006267,351065.404543,23.287725,1,6.598417,4.695567,4.563031,5.229134,0.533567,8,-0.811893,710535.102733,556267.420133,1103935.183871,27.523948,2,6.474322,14.350037,13.874504,16.437715,2.087678,7,-0.906303,48504478.375397,37951671.559517,74580377.351429,37.943045,1,6.36058,979.638118,947.127741,1110.38497,130.746852,8,-1.021644
2022-02-26,Dried fruit and nuts,1285.3074,7385.136842857143,1980336.751457143,1.9041845714285714,10.937201714285715,2932.5871854285715,28,20,12,1,1354.723428,1038.388929,3492.095486,0.135705,28,-5.124,1.889388,1.871719,1.912103,0.022716,18,0.783145,7856.897445,6027.1344,20353.999714,0.304352,20,-6.004413,10.957706,10.926228,10.982189,0.031477,9,-0.18712,2111373.829218,1619963.4337,5475933.913743,1.65164,12,-6.206247,2944.647013,2926.133188,2959.04748,18.513825,2,-0.409551
2022-02-26,Edible oils and plant-based spreads,13119.032657142858,37504.743442857136,2508341.5477,4.600009714285714,13.164877714285714,882.0268548571429,13,9,11,1,11516.024682,7616.68445,19449.161571,1.153581,14,13.919803,4.571062,4.524855,4.614628,0.046207,9,0.633277,32326.766906,21393.85755,58323.040243,1.25224,9,16.017613,12.826853,12.319996,13.748304,0.921451,8,2.635289,2159306.817661,1382403.26375,3664321.3365,1.689136,11,16.164203,859.015758,796.975647,904.810217,62.040111,9,2.678775
2022-02-26,Fish and fish products,48332.39117142857,27795.684085714285,12536110.935571428,14.197439142857144,8.168567285714285,3683.457004857143,6,12,4,1,44048.218618,32840.772867,56109.634029,4.41239,6,9.726097,14.279638,14.164105,14.795633,0.515995,5,-0.575639,25097.448283,17677.2765,30066.8442,0.972198,12,10.751036,8.135042,7.924591,8.182162,0.210451,10,0.412111,11359882.239798,8182560.301667,13942633.360857,8.886365,4,10.354233,3682.364329,3675.505187,3683.900114,6.859142,1,0.029673
2022-02-26,"Fresh, chilled or frozen fruit",17046.10194285714,28650.239985714285,3655670.9287428567,0.8597405714285714,1.4459345714285714,184.4376977142857,10,11,9,1,15789.317297,10891.896033,19602.676833,1.581645,10,7.959715,0.869141,0.801294,0.91134,0.067847,26,-1.081594,26149.090577,18436.855767,31249.10995,1.012935,11,9.564958,1.440723,1.375786,1.496551,0.064936,24,0.36176,3309952.701717,2308666.66155,4022982.239033,2.589239,9,10.444809,182.199418,171.490344,193.700603,11.501184,24,1.228478
2022-02-26,Fruit and vegetable juices,4131.0754,6717.279014285714,1001073.6170571428,0.5552217142857143,0.9023417142857143,134.61338485714285,22,21,20,1,3956.552029,3322.8124,6014.348971,0.396335,21,4.410996,0.549655,0.523444,0.565905,0.026211,27,1.012701,6420.381727,5507.827633,10098.037914,0.248706,21,4.624293,0.890925,0.874856,0.907908,0.016983,26,1.281438,957660.438973,802306.9711,1466231.447171,0.749138,19,4.533254,133.064152,127.725177,136.908499,5.338975,25,1.164275
2022-02-26,"Leafy and stem vegetables, including cabbages",2998.329185714286,3033.8307,638095.3869714286,0.5218748571428572,0.5275324285714286,110.98112414285715,26,26,23,1,2757.371029,2291.510433,5559.985586,0.276211,24,8.738692,0.52777,0.516959,0.544295,0.016525,28,-1.116992,2803.538455,2332.706917,5906.793629,0.1086,26,8.214342,0.535526,0.508317,0.556186,0.027209,29,-1.492687,582885.201471,490911.0199,1223458.897614,0.455967,23,9.47188,111.33321,109.938657,113.745759,2.412549,26,-0.316246
2022-02-26,Meat alternative,2549.0433428571428,3313.3951428571427,156434.61382857143,3.2293692857142853,4.188921714285714,197.44619200000002,27,25,26,1,2334.920785,1507.460183,3546.6332,0.233893,27,9.170442,3.203856,3.15683,3.258684,0.054828,14,0.796328,2935.016621,1767.951217,4661.065671,0.113694,25,12.89187,4.007139,3.664715,4.363268,0.356129,17,4.536472,134877.095393,76279.345517,224216.564714,0.105509,27,15.983083,183.238195,156.950947,211.128878,27.890684,23,7.753841
2022-02-26,Other Meat,155984.39047142857,330994.4254571429,13397886.885942858,13.815668857142857,29.369237285714284,1183.862502,3,3,3,1,155605.134295,120499.749017,240673.170914,15.58725,3,0.24373,14.54359,13.440539,15.963764,1.420174,4,-5.005099,346493.577259,242973.5198,463373.103614,13.422097,3,-4.473143,32.476188,26.094584,40.120317,7.644129,4,-9.566859,12871723.378448,10935977.428233,23519542.951257,10.069016,2,4.087747,1196.865944,1171.617404,1306.265527,109.399583,7,-1.086458
2022-02-26,Other vegetables,23684.068900000002,55249.11102857143,4582835.500371428,1.362690142857143,3.1799977142857143,263.6965904285714,9,7,6,1,21710.047346,15914.283133,28532.786986,2.174735,9,9.092664,1.356362,1.328676,1.385649,0.029287,22,0.466555,48418.258862,34800.809067,62979.575171,1.875575,7,14.108009,3.024343,2.70005,3.328264,0.324293,20,5.146732,4158886.236624,3003937.482633,5335174.981029,3.253324,6,10.193817,259.81835,251.354083,267.523771,8.464267,21,1.492674
2022-02-26,Pasta products,4277.0468,9310.819457142858,1581978.6690285713,1.7593547142857144,3.830402142857143,650.87726,21,19,15,1,3786.170854,2469.686283,4294.3287,0.379268,22,12.964971,1.768948,1.755839,1.788505,0.019556,20,-0.542331,8190.71269,5343.18925,9354.024514,0.317283,19,13.675327,3.82556,3.819282,3.831063,0.006278,18,0.126575,1402184.256253,917760.774833,1595015.077443,1.096871,14,12.822453,655.192799,650.769265,663.292973,8.100175,11,-0.658667
2022-02-26,Pastry (savoury),12865.715085714286,32606.95237142857,933089.9462285715,8.963449571428571,22.703701857142857,651.2107248571428,14,10,21,1,12126.324274,10321.05505,19579.955629,1.214716,12,6.097403,8.741523,6.799252,9.710859,1.942272,7,2.538759,29965.389169,23568.996617,40972.183471,1.160767,10,8.815381,21.659973,14.495135,25.177449,7.164837,6,4.818701,922921.302795,826556.673571,1901873.346986,0.721963,20,1.101789,662.523247,612.539212,710.974256,49.984035,10,-1.707491
2022-02-26,"Potatoes, root crops, non-starchy bulbs and mushrooms",10445.19557142857,15684.226428571428,1124302.120142857,0.4632572857142857,0.6955925714285714,49.837177714285716,15,16,18,1,9479.581166,7237.189171,19570.309457,0.949587,16,10.186256,0.46348,0.458367,0.464637,0.005112,29,-0.047993,14246.901157,10888.947086,28934.506829,0.551881,16,10.088687,0.697227,0.679129,0.705335,0.018099,28,-0.234487,1017563.41704,774128.405286,2033935.952857,0.795998,18,10.489636,49.794536,47.743595,50.189854,2.050941,28,0.085635
2022-02-26,Preserved fruit and fruit based products,868.2853857142857,1311.2642714285714,188001.46334285714,0.866019,1.3074624285714285,187.47023599999997,29,29,25,1,792.376834,427.837867,909.3098,0.079374,29,9.579855,0.873013,0.862756,0.878507,0.010257,25,-0.801181,1172.190112,623.814667,1352.714314,0.045407,30,11.864471,1.290893,1.277285,1.314326,0.023434,25,1.283565,168954.540101,90254.870717,194439.635686,0.132166,25,11.273401,186.086047,184.937372,188.026297,1.940251,22,0.743844
2022-02-26,Ready meals,76723.51812857144,251917.41112857143,8696462.542285714,11.348958714285715,37.27987585714286,1284.2715411428574,4,4,5,1,69234.105759,59992.4463,88710.792357,6.935307,4,10.817519,11.115542,10.328625,11.579405,0.786918,6,2.099909,227633.511184,196833.1531,286054.254,8.817823,4,10.667981,36.533255,33.59909,38.377942,2.934165,3,2.043676,8015120.061351,6754268.6726,9946543.391871,6.269897,5,8.500715,1287.886634,1233.17431,1329.759094,54.712323,6,-0.2807
2022-02-26,Rice,7271.208728571429,4595.125542857143,3667005.412828571,4.416308857142857,2.7910818571428573,2227.1820704285715,18,24,8,1,6693.004805,4764.563817,7877.731471,0.670451,18,8.638929,4.413957,4.395409,4.435112,0.021155,11,0.05328,4231.196538,3004.00565,4992.0532,0.163904,23,8.60109,2.790459,2.785549,2.796059,0.0056,21,0.022313,3374950.652558,2405027.938333,3968670.926971,2.640084,8,8.653601,2225.728891,2214.268126,2238.80079,13.071899,3,0.06529
2022-02-26,"Salt, spices, culinary herbs and other food products",533.8309857142857,1262.980757142857,142482.5500857143,1.0667184285714286,2.5273767142857144,284.65565642857143,30,30,27,1,516.810652,379.375457,1145.614886,0.05177,30,3.29334,1.074819,0.809817,1.221574,0.265002,23,-0.753665,1349.002485,884.187243,3982.261571,0.052256,29,-6.376692,2.758251,1.860042,4.102337,1.344086,22,-8.370298,163697.872327,91196.791014,737993.111686,0.128054,26,-12.960048,323.367205,227.575549,684.446814,361.079609,19,-11.97139
2022-02-26,"Sauces, condiments",10334.538499999999,20361.765600000002,1462217.6821428572,2.2725497142857143,4.475885,321.426297,16,15,16,1,9741.672716,6612.831643,16390.927014,0.975841,15,6.085873,2.272242,2.219467,2.334464,0.062222,16,0.013552,19720.604072,13509.463229,32628.764671,0.763916,14,3.251227,4.633239,4.137111,5.845381,1.212142,15,-3.396199,1352646.415272,951675.764257,2346649.088014,1.058119,16,8.100511,315.774797,298.01131,338.335853,22.561056,20,1.789725
2022-02-26,Savoury snacks,3571.844114285714,11382.147257142859,681681.9354,1.7693384285714286,5.643606857142857,338.26195371428577,23,18,22,1,3508.406924,2934.376717,6976.290086,0.351444,23,1.808148,1.778011,1.72737,1.930614,0.152603,19,-0.487763,11150.688654,9137.195133,21948.036743,0.431943,17,2.075734,5.653864,5.480259,6.146643,0.492779,13,-0.181424,678020.444067,547013.339467,1387744.531357,0.530387,22,0.540027,343.50234,316.547979,437.715846,94.213506,18,-1.525575
2022-02-26,"Soft drinks (inc. fizzy and ready to drink fruit drinks), mineral or spring water",5585.003,1425.5866571428571,64998.16717142857,0.20807585714285715,0.052974428571428575,2.4309872857142856,20,28,30,1,5649.728345,4618.665886,10412.868729,0.565944,19,-1.145636,0.21015,0.205601,0.225306,0.015156,30,-0.986797,1483.983748,1169.996771,3335.102614,0.057485,28,-3.935157,0.055049,0.049885,0.071721,0.016672,30,-3.768482,65043.039427,52897.311257,116022.955314,0.05088,30,-0.068989,2.439413,2.236549,2.64423,0.204817,30,-0.345387
2022-02-26,"Sugar, sugar products, jams and marmalades",6089.219857142858,5185.207828571429,1056888.3042285715,2.1073345714285714,1.7939782857142856,365.72160114285714,19,23,19,1,5300.058234,3688.53565,8378.2543,0.530917,20,14.889678,2.154882,2.107335,2.194137,0.047547,17,-2.206494,4454.640753,3104.651483,7005.104414,0.172559,22,16.400135,1.811221,1.793978,1.825456,0.017243,23,-0.951992,914944.404727,637128.790567,1443213.123371,0.715723,21,15.513937,372.001013,365.721601,377.185269,6.279412,16,-1.688009
2022-02-26,"Tea, coffee, cocoa and powdered chocolate",45300.714542857146,48342.68268571429,113476.55454285713,26.774208285714284,28.532743285714286,67.51140071428571,7,8,28,1,39709.720555,28327.34405,54265.222929,3.977795,7,14.079661,26.740506,26.019858,27.627357,0.88685,2,0.126033,42263.378573,30278.014383,59652.770557,1.637153,8,14.384331,28.425734,27.112628,30.299542,1.873808,5,0.376453,99012.963197,64382.544514,171887.487971,0.077454,28,14.607775,66.404043,50.741391,87.517516,21.113474,27,1.667606
2022-03-05,"Baker's yeast, dessert preparations, soups",9333.77397142857,11409.503814285714,1612865.3349857144,2.562597,3.1088607142857145,442.60488971428566,17,17,14,2,7985.690448,5158.9966,11109.725871,0.799941,17,16.881239,2.638836,2.399434,3.01519,0.376354,15,-2.889103,10133.984543,7743.733817,12772.186,0.392559,18,12.586552,3.457694,2.339541,5.233981,1.776287,19,-10.088623,1385906.736596,932849.351929,1911053.4077,1.084137,15,16.376181,459.239816,405.329624,545.753175,86.513359,15,-3.622274
2022-03-05,Beef and Lamb,222556.89055714285,802171.4502285713,3615978.8934285715,92.11981414285715,331.5698811428571,1494.3531695714285,2,1,8,2,207224.686107,139791.837786,342066.711086,20.758075,2,7.398831,90.78412,81.878412,93.473207,8.905708,1,1.471287,762451.264726,511727.556257,1210221.180571,29.535021,1,5.209538,332.544384,330.582466,339.041855,6.497471,1,-0.293044,3446260.019342,2311457.704143,5441731.711429,2.695867,7,4.924726,1502.220715,1486.381377,1554.67736,52.456645,4,-0.523728
2022-03-05,Breads and cereals,38159.59115714285,92793.40359999999,13326601.074942857,1.7475854285714285,4.247494857142857,609.64967,8,6,2,2,34676.828332,27259.42595,44667.298843,3.473641,8,10.043487,1.729168,1.706626,1.753884,0.024716,21,1.065126,84408.522919,67389.80845,110732.959757,3.269727,6,9.93369,4.207487,4.155123,4.294658,0.087171,16,0.950863,12243011.855362,9951514.284967,16090617.298671,9.577201,3,8.850675,610.467519,604.357677,626.34124,15.87372,12,-0.133971
2022-03-05,"Buns, crispbread and biscuits",15927.285142857143,20094.797414285713,1192885.3342285713,4.589443714285714,5.791932285714286,343.79557857142856,11,15,17,2,14641.766396,7038.073033,18824.045329,1.466692,11,8.779806,4.567265,3.926231,4.713494,0.641034,10,0.485593,18464.739406,8809.09675,23471.154129,0.715267,15,8.82795,5.761494,4.890149,5.974548,0.871345,12,0.528313,1107429.666344,654959.338583,1873560.941871,0.866296,17,7.716577,345.52277,336.010497,388.190236,42.667466,17,-0.499878
2022-03-05,Cakes and puddings,13759.288100000002,27029.037500000002,1904635.1814571428,4.120057142857143,8.090824714285715,569.6235137142857,12,13,13,2,12052.166693,9446.5345,27323.8271,1.207288,13,14.164436,3.866842,3.605168,4.120057,0.261674,12,6.548378,24195.206302,19153.708186,54549.739343,0.937248,13,11.712366,7.761808,7.357303,8.090825,0.404506,11,4.238912,1796396.537273,1442834.604586,4056742.431329,1.405247,13,6.02532,574.910952,564.979312,581.588772,9.93164,13,-0.919697
2022-03-05,Chocolate,63287.302657142856,109498.31167142859,3352889.982957143,26.638967,46.09026642857143,1411.3199912857142,5,5,10,2,58315.82945,28150.229133,132547.293257,5.841603,5,8.525084,26.648336,26.635705,26.70231,0.053974,3,-0.035158,100886.00487,48669.253133,229294.0415,3.908014,5,8.536671,46.100992,46.086531,46.162786,0.061793,2,-0.023266,3087731.596088,1485490.099517,7016207.887686,2.415405,10,8.587482,1410.912515,1408.565066,1411.461877,2.347449,5,0.02888
2022-03-05,Confectionery products,3396.419385714286,5392.365485714286,404490.1473714286,3.988364142857143,6.331207999999999,471.56424585714285,24,22,24,2,2639.015552,1230.34235,3506.494586,0.264355,26,28.700241,3.375115,3.076151,3.996045,0.620931,13,18.169734,4173.185967,1949.08865,5594.6689,0.161656,24,29.214598,5.335199,4.888743,6.384052,1.048852,14,18.668631,365423.519615,182796.127083,451633.892,0.285856,24,10.690781,467.73042,451.206086,488.80262,21.0722,14,0.819666
2022-03-05,Dairy alternative,2895.8861,2074.7345,83758.93785714285,0.9803115714285715,0.7023917142857143,28.363016,26,27,29,2,2660.652938,1800.759517,3323.2613,0.266522,25,8.841182,0.980224,0.980018,0.980467,0.000243,24,0.008922,1904.762021,1287.6059,2379.9254,0.073785,27,8.923555,0.701721,0.700136,0.703588,0.001867,27,0.095624,76719.871596,51670.4985,95957.073143,0.060015,29,9.175024,28.261161,28.02064,28.544487,0.283326,29,0.360406
2022-03-05,Dairy products and eggs,239078.40047142858,731345.8428428571,49845041.48491429,4.662749428571429,14.265893285714286,972.2006892857142,1,2,1,2,232477.799758,181843.006267,351065.404543,23.287725,1,2.839239,4.695567,4.563031,5.229134,0.533567,8,-0.698902,710535.102733,556267.420133,1103935.183871,27.523948,2,2.928883,14.350037,13.874504,16.437715,2.087678,7,-0.586365,48504478.375397,37951671.559517,74580377.351429,37.943045,1,2.763792,979.638118,947.127741,1110.38497,130.746852,8,-0.759202
2022-03-05,Dried fruit and nuts,1357.9777857142856,7795.499528571429,2089929.2837714287,1.905154,10.93585842857143,2931.797112428572,28,20,12,2,1354.723428,1038.388929,3492.095486,0.135705,28,0.240223,1.889388,1.871719,1.912103,0.022716,18,0.834454,7856.897445,6027.1344,20353.999714,0.304352,20,-0.781452,10.957706,10.926228,10.982189,0.031477,9,-0.199379,2111373.829218,1619963.4337,5475933.913743,1.65164,12,-1.015668,2944.647013,2926.133188,2959.04748,18.513825,2,-0.436382
2022-03-05,Edible oils and plant-based spreads,12966.867242857144,37345.90647142857,2467338.843485714,4.605024857142857,13.307957571428572,881.4966144285715,14,9,11,2,11516.024682,7616.68445,19449.161571,1.153581,14,12.598467,4.571062,4.524855,4.614628,0.046207,9,0.742992,32326.766906,21393.85755,58323.040243,1.25224,9,15.526265,12.826853,12.319996,13.748304,0.921451,8,3.750761,2159306.817661,1382403.26375,3664321.3365,1.689136,11,14.26532,859.015758,796.975647,904.810217,62.040111,9,2.617048
2022-03-05,Fish and fish products,47659.77307142857,27291.759085714286,12329167.299142858,14.235810571428571,8.152917285714285,3682.9469317142857,6,12,4,2,44048.218618,32840.772867,56109.634029,4.41239,6,8.199093,14.279638,14.164105,14.795633,0.515995,5,-0.306924,25097.448283,17677.2765,30066.8442,0.972198,12,8.743163,8.135042,7.924591,8.182162,0.210451,10,0.219733,11359882.239798,8182560.301667,13942633.360857,8.886365,4,8.532527,3682.364329,3675.505187,3683.900114,6.859142,1,0.015821
2022-03-05,"Fresh, chilled or frozen fruit",16736.03517142857,27840.774814285713,3593329.7488714284,0.8712908571428571,1.449636,187.1487184285714,10,11,9,2,15789.317297,10891.896033,19602.676833,1.581645,10,5.995939,0.869141,0.801294,0.91134,0.067847,26,0.247337,26149.090577,18436.855767,31249.10995,1.012935,11,6.469381,1.440723,1.375786,1.496551,0.064936,24,0.618674,3309952.701717,2308666.66155,4022982.239033,2.589239,9,8.561362,182.199418,171.490344,193.700603,11.501184,24,2.716419
2022-03-05,Fruit and vegetable juices,4058.9862,6538.748542857144,976175.1495428571,0.5594391428571429,0.9001565714285714,134.53280342857144,22,21,19,2,3956.552029,3322.8124,6014.348971,0.396335,21,2.588976,0.549655,0.523444,0.565905,0.026211,27,1.779987,6420.381727,5507.827633,10098.037914,0.248706,21,1.84361,0.890925,0.874856,0.907908,0.016983,26,1.036171,957660.438973,802306.9711,1466231.447171,0.749138,19,1.933327,133.064152,127.725177,136.908499,5.338975,25,1.103717
2022-03-05,"Leafy and stem vegetables, including cabbages",2928.7194714285715,2956.765728571428,622977.3845999999,0.5219254285714287,0.5262142857142857,110.92079742857143,25,26,23,2,2757.371029,2291.510433,5559.985586,0.276211,24,6.214196,0.52777,0.516959,0.544295,0.016525,28,-1.10741,2803.538455,2332.706917,5906.793629,0.1086,26,5.465496,0.535526,0.508317,0.556186,0.027209,29,-1.738827,582885.201471,490911.0199,1223458.897614,0.455967,23,6.87823,111.33321,109.938657,113.745759,2.412549,26,-0.370431
2022-03-05,Meat alternative,2536.090957142857,3228.0590714285713,152061.56905714286,3.2282447142857142,4.099341,192.70708657142856,27,25,27,2,2334.920785,1507.460183,3546.6332,0.233893,27,8.615717,3.203856,3.15683,3.258684,0.054828,14,0.761228,2935.016621,1767.951217,4661.065671,0.113694,25,9.984354,4.007139,3.664715,4.363268,0.356129,17,2.300944,134877.095393,76279.345517,224216.564714,0.105509,27,12.740839,183.238195,156.950947,211.128878,27.890684,23,5.167532
2022-03-05,Other Meat,155051.1071,335650.54354285717,13039787.03157143,14.14901942857143,30.671364714285712,1187.6805864285714,3,3,3,2,155605.134295,120499.749017,240673.170914,15.58725,3,-0.356047,14.54359,13.440539,15.963764,1.420174,4,-2.71302,346493.577259,242973.5198,463373.103614,13.422097,3,-3.129361,32.476188,26.094584,40.120317,7.644129,4,-5.557375,12871723.378448,10935977.428233,23519542.951257,10.069016,2,1.305681,1196.865944,1171.617404,1306.265527,109.399583,7,-0.767451
2022-03-05,Other vegetables,23530.951857142856,53879.56918571429,4536693.494628572,1.3732628571428571,3.1438367142857144,264.7667492857143,9,7,6,2,21710.047346,15914.283133,28532.786986,2.174735,9,8.387382,1.356362,1.328676,1.385649,0.029287,22,1.246045,48418.258862,34800.809067,62979.575171,1.875575,7,11.279444,3.024343,2.70005,3.328264,0.324293,20,3.951067,4158886.236624,3003937.482633,5335174.981029,3.253324,6,9.084337,259.81835,251.354083,267.523771,8.464267,21,1.904561
2022-03-05,Pasta products,4294.3287,9354.024514285715,1595015.077442857,1.759130857142857,3.8297274285714282,653.2723538571429,21,19,15,2,3786.170854,2469.686283,4294.3287,0.379268,22,13.421419,1.768948,1.755839,1.788505,0.019556,20,-0.554986,8190.71269,5343.18925,9354.024514,0.317283,19,14.202816,3.82556,3.819282,3.831063,0.006278,18,0.108938,1402184.256253,917760.774833,1595015.077443,1.096871,14,13.752174,655.192799,650.769265,663.292973,8.100175,11,-0.293111
2022-03-05,Pastry (savoury),13148.844485714288,33263.42062857143,955009.3909571429,8.970257857142856,22.724523714285713,650.057753,13,10,20,2,12126.324274,10321.05505,19579.955629,1.214716,12,8.432235,8.741523,6.799252,9.710859,1.942272,7,2.616643,29965.389169,23568.996617,40972.183471,1.160767,10,11.006136,21.659973,14.495135,25.177449,7.164837,6,4.914832,922921.302795,826556.673571,1901873.346986,0.721963,20,3.476796,662.523247,612.539212,710.974256,49.984035,10,-1.881518
2022-03-05,"Potatoes, root crops, non-starchy bulbs and mushrooms",10168.039185714286,15323.864428571427,1099098.8824285713,0.4632098571428571,0.6981938571428571,50.04856085714285,16,16,18,2,9479.581166,7237.189171,19570.309457,0.949587,16,7.262536,0.46348,0.458367,0.464637,0.005112,29,-0.058226,14246.901157,10888.947086,28934.506829,0.551881,16,7.559281,0.697227,0.679129,0.705335,0.018099,28,0.138602,1017563.41704,774128.405286,2033935.952857,0.795998,18,8.012814,49.794536,47.743595,50.189854,2.050941,28,0.510145
2022-03-05,Preserved fruit and fruit based products,860.4196000000001,1300.6955857142857,186440.2861,0.8655862857142856,1.3079287142857143,187.49796385714285,29,30,25,2,792.376834,427.837867,909.3098,0.079374,29,8.587173,0.873013,0.862756,0.878507,0.010257,25,-0.850746,1172.190112,623.814667,1352.714314,0.045407,30,10.962853,1.290893,1.277285,1.314326,0.023434,25,1.319686,168954.540101,90254.870717,194439.635686,0.132166,25,10.349379,186.086047,184.937372,188.026297,1.940251,22,0.758744
2022-03-05,Ready meals,76166.89775714285,250195.37104285715,8629686.466442857,11.356625428571428,37.30848628571429,1285.389328142857,4,4,5,2,69234.105759,59992.4463,88710.792357,6.935307,4,10.01355,11.115542,10.328625,11.579405,0.786918,6,2.168882,227633.511184,196833.1531,286054.254,8.817823,4,9.911484,36.533255,33.59909,38.377942,2.934165,3,2.121989,8015120.061351,6754268.6726,9946543.391871,6.269897,5,7.667588,1287.886634,1233.17431,1329.759094,54.712323,6,-0.193907
2022-03-05,Rice,7757.537385714286,4899.253057142857,3913263.9067857144,4.421410428571429,2.7924321428571424,2230.334240142857,18,23,7,2,6693.004805,4764.563817,7877.731471,0.670451,18,15.905152,4.413957,4.395409,4.435112,0.021155,11,0.168858,4231.196538,3004.00565,4992.0532,0.163904,23,15.788832,2.790459,2.785549,2.796059,0.0056,21,0.070703,3374950.652558,2405027.938333,3968670.926971,2.640084,8,15.950256,2225.728891,2214.268126,2238.80079,13.071899,3,0.206914
2022-03-05,"Salt, spices, culinary herbs and other food products",623.8918571428572,1527.707,160191.97617142857,1.150477142857143,2.8224898571428576,296.16292014285716,30,28,26,2,516.810652,379.375457,1145.614886,0.05177,30,20.71962,1.074819,0.809817,1.221574,0.265002,23,7.039156,1349.002485,884.187243,3982.261571,0.052256,29,13.24716,2.758251,1.860042,4.102337,1.344086,22,2.328989,163697.872327,91196.791014,737993.111686,0.128054,26,-2.141687,323.367205,227.575549,684.446814,361.079609,19,-8.412815
2022-03-05,"Sauces, condiments",10219.081042857142,20219.39752857143,1445533.038957143,2.2771741428571426,4.507692857142858,322.3706097142857,15,14,16,2,9741.672716,6612.831643,16390.927014,0.975841,15,4.900681,2.272242,2.219467,2.334464,0.062222,16,0.217071,19720.604072,13509.463229,32628.764671,0.763916,14,2.529301,4.633239,4.137111,5.845381,1.212142,15,-2.709684,1352646.415272,951675.764257,2346649.088014,1.058119,16,6.867029,315.774797,298.01131,338.335853,22.561056,20,2.088771
2022-03-05,Savoury snacks,3589.9606,11364.208342857144,692852.084957143,1.801610857142857,5.705095999999999,348.238917,23,18,22,2,3508.406924,2934.376717,6976.290086,0.351444,23,2.324522,1.778011,1.72737,1.930614,0.152603,19,1.327323,11150.688654,9137.195133,21948.036743,0.431943,17,1.914857,5.653864,5.480259,6.146643,0.492779,13,0.906136,678020.444067,547013.339467,1387744.531357,0.530387,22,2.187492,343.50234,316.547979,437.715846,94.213506,18,1.378907
2022-03-05,"Soft drinks (inc. fizzy and ready to drink fruit drinks), mineral or spring water",5370.627185714286,1350.8656714285714,61331.68324285714,0.20733014285714285,0.05200757142857143,2.3756888571428574,19,29,30,2,5649.728345,4618.665886,10412.868729,0.565944,19,-4.940081,0.21015,0.205601,0.225306,0.015156,30,-1.341646,1483.983748,1169.996771,3335.102614,0.057485,28,-8.970319,0.055049,0.049885,0.071721,0.016672,30,-5.524841,65043.039427,52897.311257,116022.955314,0.05088,30,-5.706001,2.439413,2.236549,2.64423,0.204817,30,-2.612262
2022-03-05,"Sugar, sugar products, jams and marmalades",5240.612042857143,4409.2312,905068.8585142858,2.149797285714286,1.8093772857142858,371.32953057142856,20,24,21,2,5300.058234,3688.53565,8378.2543,0.530917,20,-1.121614,2.154882,2.107335,2.194137,0.047547,17,-0.235959,4454.640753,3104.651483,7005.104414,0.172559,22,-1.019376,1.811221,1.793978,1.825456,0.017243,23,-0.101792,914944.404727,637128.790567,1443213.123371,0.715723,21,-1.07936,372.001013,365.721601,377.185269,6.279412,16,-0.180506
2022-03-05,"Tea, coffee, cocoa and powdered chocolate",42424.64081428571,45689.13955714286,101108.79345714285,26.331103285714285,28.335815,62.54903042857143,7,8,28,2,39709.720555,28327.34405,54265.222929,3.977795,7,6.836916,26.740506,26.019858,27.627357,0.88685,2,-1.531022,42263.378573,30278.014383,59652.770557,1.637153,8,8.105743,28.425734,27.112628,30.299542,1.873808,5,-0.316329,99012.963197,64382.544514,171887.487971,0.077454,28,2.116723,66.404043,50.741391,87.517516,21.113474,27,-5.805388
2022-03-12,"Baker's yeast, dessert preparations, soups",8841.4567,11137.497371428572,1532002.0930285715,2.5931328571428574,3.2411735714285714,448.8366517142857,17,18,15,2,7985.690448,5158.9966,11109.725871,0.799941,17,10.716246,2.638836,2.399434,3.01519,0.376354,15,-1.731931,10133.984543,7743.733817,12772.186,0.392559,18,9.902451,3.457694,2.339541,5.233981,1.776287,19,-6.262002,1385906.736596,932849.351929,1911053.4077,1.084137,15,10.5415,459.239816,405.329624,545.753175,86.513359,15,-2.265301
2022-03-12,Beef and Lamb,218493.5644857143,789443.578,3559756.110857143,91.82410614285713,331.78562557142857,1496.094957142857,2,1,9,2,207224.686107,139791.837786,342066.711086,20.758075,2,5.438,90.78412,81.878412,93.473207,8.905708,1,1.14556,762451.264726,511727.556257,1210221.180571,29.535021,1,3.540202,332.544384,330.582466,339.041855,6.497471,1,-0.228168,3446260.019342,2311457.704143,5441731.711429,2.695867,7,3.293312,1502.220715,1486.381377,1554.67736,52.456645,4,-0.40778
2022-03-12,Breads and cereals,37702.42744285714,91538.57045714287,13164837.190314284,1.7459055714285714,4.237200428571429,609.0048517142857,8,6,2,2,34676.828332,27259.42595,44667.298843,3.473641,8,8.725132,1.729168,1.706626,1.753884,0.024716,21,0.967978,84408.522919,67389.80845,110732.959757,3.269727,6,8.447071,4.207487,4.155123,4.294658,0.087171,16,0.706194,12243011.855362,9951514.284967,16090617.298671,9.577201,3,7.5294,610.467519,604.357677,626.34124,15.87372,12,-0.239598
2022-03-12,"Buns, crispbread and biscuits",15581.808971428572,19686.989700000002,1164951.476242857,4.602319428571428,5.817658714285714,343.5891651428571,11,15,17,2,14641.766396,7038.073033,18824.045329,1.466692,11,6.420281,4.567265,3.926231,4.713494,0.641034,10,0.767506,18464.739406,8809.09675,23471.154129,0.715267,15,6.619375,5.761494,4.890149,5.974548,0.871345,12,0.974836,1107429.666344,654959.338583,1873560.941871,0.866296,17,5.194173,345.52277,336.010497,388.190236,42.667466,17,-0.559617
2022-03-12,Cakes and puddings,13430.707842857144,26434.77684285714,1869807.2761571428,4.104499714285715,8.073775571428571,570.2445411428572,12,13,13,2,12052.166693,9446.5345,27323.8271,1.207288,13,11.438119,3.866842,3.605168,4.120057,0.261674,12,6.146049,24195.206302,19153.708186,54549.739343,0.937248,13,9.256257,7.761808,7.357303,8.090825,0.404506,11,4.019258,1796396.537273,1442834.604586,4056742.431329,1.405247,13,4.086555,574.910952,564.979312,581.588772,9.93164,13,-0.811675
2022-03-12,Chocolate,65849.11562857144,113928.20527142857,3488200.047657143,26.640602285714287,46.09213857142857,1411.2488645714286,5,5,10,2,58315.82945,28150.229133,132547.293257,5.841603,5,12.918081,26.648336,26.635705,26.70231,0.053974,3,-0.029022,100886.00487,48669.253133,229294.0415,3.908014,5,12.927661,46.100992,46.086531,46.162786,0.061793,2,-0.019206,3087731.596088,1485490.099517,7016207.887686,2.415405,10,12.969665,1410.912515,1408.565066,1411.461877,2.347449,5,0.023839
2022-03-12,Confectionery products,3273.683857142857,5188.8067142857135,398631.92615714285,3.869271142857143,6.131544428571429,469.1022644285714,24,22,24,2,2639.015552,1230.34235,3506.494586,0.264355,26,24.049434,3.375115,3.076151,3.996045,0.620931,13,14.641173,4173.185967,1949.08865,5594.6689,0.161656,24,24.33682,5.335199,4.888743,6.384052,1.048852,14,14.926248,365423.519615,182796.127083,451633.892,0.285856,24,9.087649,467.73042,451.206086,488.80262,21.0722,14,0.293298
2022-03-12,Dairy alternative,2864.941057142857,2052.4767,82849.62442857143,0.9802952857142857,0.7022664285714286,28.343989857142855,26,27,29,2,2660.652938,1800.759517,3323.2613,0.266522,25,7.67812,0.980224,0.980018,0.980467,0.000243,24,0.007261,1904.762021,1287.6059,2379.9254,0.073785,27,7.75502,0.701721,0.700136,0.703588,0.001867,27,0.07777,76719.871596,51670.4985,95957.073143,0.060015,29,7.989785,28.261161,28.02064,28.544487,0.283326,29,0.293084
2022-03-12,Dairy products and eggs,238227.47075714287,728716.2009285714,49669919.09834285,4.668735428571429,14.286061714285713,973.5778167142856,1,2,1,2,232477.799758,181843.006267,351065.404543,23.287725,1,2.473213,4.695567,4.563031,5.229134,0.533567,8,-0.57142,710535.102733,556267.420133,1103935.183871,27.523948,2,2.55879,14.350037,13.874504,16.437715,2.087678,7,-0.445819,48504478.375397,37951671.559517,74580377.351429,37.943045,1,2.402749,979.638118,947.127741,1110.38497,130.746852,8,-0.618627
2022-03-12,Dried fruit and nuts,1385.7517571428573,7993.0236,2145254.9194,1.8970699999999998,10.947061,2938.3860082857145,28,20,12,2,1354.723428,1038.388929,3492.095486,0.135705,28,2.290381,1.889388,1.871719,1.912103,0.022716,18,0.406591,7856.897445,6027.1344,20353.999714,0.304352,20,1.732569,10.957706,10.926228,10.982189,0.031477,9,-0.097144,2111373.829218,1619963.4337,5475933.913743,1.65164,12,1.604694,2944.647013,2926.133188,2959.04748,18.513825,2,-0.212623
2022-03-12,Edible oils and plant-based spreads,12697.161242857142,36497.05247142857,2385729.7294,4.5948145714285715,13.218279999999998,863.8774562857143,14,9,11,2,11516.024682,7616.68445,19449.161571,1.153581,14,10.256461,4.571062,4.524855,4.614628,0.046207,9,0.519624,32326.766906,21393.85755,58323.040243,1.25224,9,12.90041,12.826853,12.319996,13.748304,0.921451,8,3.051621,2159306.817661,1382403.26375,3664321.3365,1.689136,11,10.485907,859.015758,796.975647,904.810217,62.040111,9,0.565961
2022-03-12,Fish and fish products,47603.660742857144,27277.77094285714,12319684.552714286,14.225652857142858,8.157060142857143,3683.0819585714285,6,12,4,2,44048.218618,32840.772867,56109.634029,4.41239,6,8.071705,14.279638,14.164105,14.795633,0.515995,5,-0.378059,25097.448283,17677.2765,30066.8442,0.972198,12,8.687428,8.135042,7.924591,8.182162,0.210451,10,0.270659,11359882.239798,8182560.301667,13942633.360857,8.886365,4,8.449052,3682.364329,3675.505187,3683.900114,6.859142,1,0.019488
2022-03-12,"Fresh, chilled or frozen fruit",17000.127985714287,28315.961657142856,3646688.1617571427,0.870661,1.4502414285714287,186.80759528571429,10,11,8,2,15789.317297,10891.896033,19602.676833,1.581645,10,7.668544,0.869141,0.801294,0.91134,0.067847,26,0.174868,26149.090577,18436.855767,31249.10995,1.012935,11,8.286602,1.440723,1.375786,1.496551,0.064936,24,0.660697,3309952.701717,2308666.66155,4022982.239033,2.589239,9,10.173422,182.199418,171.490344,193.700603,11.501184,24,2.529194
2022-03-12,Fruit and vegetable juices,3976.7409999999995,6429.916157142857,954712.6692571428,0.5550085714285714,0.8968291428571428,133.28636114285715,22,21,19,2,3956.552029,3322.8124,6014.348971,0.396335,21,0.510267,0.549655,0.523444,0.565905,0.026211,27,0.973924,6420.381727,5507.827633,10098.037914,0.248706,21,0.148503,0.890925,0.874856,0.907908,0.016983,26,0.662691,957660.438973,802306.9711,1466231.447171,0.749138,19,-0.307809,133.064152,127.725177,136.908499,5.338975,25,0.166994
2022-03-12,"Leafy and stem vegetables, including cabbages",2936.004542857143,2947.385642857143,622255.7940857143,0.5226262857142857,0.5239701428571429,110.6803912857143,25,26,23,2,2757.371029,2291.510433,5559.985586,0.276211,24,6.4784,0.52777,0.516959,0.544295,0.016525,28,-0.974614,2803.538455,2332.706917,5906.793629,0.1086,26,5.130915,0.535526,0.508317,0.556186,0.027209,29,-2.157881,582885.201471,490911.0199,1223458.897614,0.455967,23,6.754433,111.33321,109.938657,113.745759,2.412549,26,-0.586365
2022-03-12,Meat alternative,2569.2396857142858,3292.0770428571427,156068.39704285716,3.234661857142857,4.141032857142857,196.07745599999998,27,25,26,2,2334.920785,1507.460183,3546.6332,0.233893,27,10.035411,3.203856,3.15683,3.258684,0.054828,14,0.961522,2935.016621,1767.951217,4661.065671,0.113694,25,12.165533,4.007139,3.664715,4.363268,0.356129,17,3.341384,134877.095393,76279.345517,224216.564714,0.105509,27,15.711564,183.238195,156.950947,211.128878,27.890684,23,7.00687
2022-03-12,Other Meat,156325.82969999997,337781.3162285714,13055641.9193,14.200331285714286,30.715381142857144,1183.9543024285715,3,3,3,2,155605.134295,120499.749017,240673.170914,15.58725,3,0.463157,14.54359,13.440539,15.963764,1.420174,4,-2.360205,346493.577259,242973.5198,463373.103614,13.422097,3,-2.514408,32.476188,26.094584,40.120317,7.644129,4,-5.421841,12871723.378448,10935977.428233,23519542.951257,10.069016,2,1.428857,1196.865944,1171.617404,1306.265527,109.399583,7,-1.078788
2022-03-12,Other vegetables,23187.171257142858,52526.3897,4464308.3442,1.3683474285714285,3.1014052857142858,263.50543385714286,9,7,6,2,21710.047346,15914.283133,28532.786986,2.174735,9,6.803872,1.356362,1.328676,1.385649,0.029287,22,0.883647,48418.258862,34800.809067,62979.575171,1.875575,7,8.484673,3.024343,2.70005,3.328264,0.324293,20,2.54807,4158886.236624,3003937.482633,5335174.981029,3.253324,6,7.343844,259.81835,251.354083,267.523771,8.464267,21,1.419101
2022-03-12,Pasta products,4236.592,9202.1296,1575478.693557143,1.762617,3.827768857142857,655.4714335714286,21,19,14,2,3786.170854,2469.686283,4294.3287,0.379268,22,11.896482,1.768948,1.755839,1.788505,0.019556,20,-0.357912,8190.71269,5343.18925,9354.024514,0.317283,19,12.348338,3.82556,3.819282,3.831063,0.006278,18,0.057741,1402184.256253,917760.774833,1595015.077443,1.096871,14,12.358892,655.192799,650.769265,663.292973,8.100175,11,0.042527
2022-03-12,Pastry (savoury),12742.011885714284,32141.386842857144,925558.4519571429,8.92935857142857,22.544477857142855,647.9553297142858,13,10,20,2,12126.324274,10321.05505,19579.955629,1.214716,12,5.077281,8.741523,6.799252,9.710859,1.942272,7,2.148769,29965.389169,23568.996617,40972.183471,1.160767,10,7.261703,21.659973,14.495135,25.177449,7.164837,6,4.083594,922921.302795,826556.673571,1901873.346986,0.721963,20,0.285739,662.523247,612.539212,710.974256,49.984035,10,-2.198854
2022-03-12,"Potatoes, root crops, non-starchy bulbs and mushrooms",10033.074142857144,15146.97087142857,1084456.4278571429,0.46315300000000004,0.6992905714285714,50.056190428571426,16,16,18,2,9479.581166,7237.189171,19570.309457,0.949587,16,5.838791,0.46348,0.458367,0.464637,0.005112,29,-0.070493,14246.901157,10888.947086,28934.506829,0.551881,16,6.317653,0.697227,0.679129,0.705335,0.018099,28,0.295899,1017563.41704,774128.405286,2033935.952857,0.795998,18,6.573842,49.794536,47.743595,50.189854,2.050941,28,0.525467
2022-03-12,Preserved fruit and fruit based products,876.8045285714286,1325.3071285714286,189974.21968571428,0.8653271428571429,1.3083825714285715,187.53267714285715,29,30,25,2,792.376834,427.837867,909.3098,0.079374,29,10.654993,0.873013,0.862756,0.878507,0.010257,25,-0.88043,1172.190112,623.814667,1352.714314,0.045407,30,13.062473,1.290893,1.277285,1.314326,0.023434,25,1.354844,168954.540101,90254.870717,194439.635686,0.132166,25,12.441027,186.086047,184.937372,188.026297,1.940251,22,0.777399
2022-03-12,Ready meals,76087.55348571428,250061.9365,8625316.012614286,11.371429285714285,37.35253971428572,1287.4107642857143,4,4,5,2,69234.105759,59992.4463,88710.792357,6.935307,4,9.898947,11.115542,10.328625,11.579405,0.786918,6,2.302063,227633.511184,196833.1531,286054.254,8.817823,4,9.852866,36.533255,33.59909,38.377942,2.934165,3,2.242574,8015120.061351,6754268.6726,9946543.391871,6.269897,5,7.613061,1287.886634,1233.17431,1329.759094,54.712323,6,-0.03695
2022-03-12,Rice,7634.107228571428,4822.496057142857,3850630.368814286,4.419568,2.7919444285714285,2229.195921,18,23,7,2,6693.004805,4764.563817,7877.731471,0.670451,18,14.060985,4.413957,4.395409,4.435112,0.021155,11,0.127117,4231.196538,3004.00565,4992.0532,0.163904,23,13.974759,2.790459,2.785549,2.796059,0.0056,21,0.053225,3374950.652558,2405027.938333,3968670.926971,2.640084,8,14.09442,2225.728891,2214.268126,2238.80079,13.071899,3,0.155771
2022-03-12,"Salt, spices, culinary herbs and other food products",619.2475142857144,1478.958642857143,150739.0834142857,1.1289992857142856,2.701012857142857,274.5672058571428,30,28,27,2,516.810652,379.375457,1145.614886,0.05177,30,19.820966,1.074819,0.809817,1.221574,0.265002,23,5.040879,1349.002485,884.187243,3982.261571,0.052256,29,9.6335,2.758251,1.860042,4.102337,1.344086,22,-2.075143,163697.872327,91196.791014,737993.111686,0.128054,26,-7.916284,323.367205,227.575549,684.446814,361.079609,19,-15.091202
2022-03-12,"Sauces, condiments",10201.209914285715,20250.151414285712,1437104.4464,2.2808895714285713,4.528803571428571,321.060466,15,14,16,2,9741.672716,6612.831643,16390.927014,0.975841,15,4.717231,2.272242,2.219467,2.334464,0.062222,16,0.380585,19720.604072,13509.463229,32628.764671,0.763916,14,2.685249,4.633239,4.137111,5.845381,1.212142,15,-2.254048,1352646.415272,951675.764257,2346649.088014,1.058119,16,6.24391,315.774797,298.01131,338.335853,22.561056,20,1.673873
2022-03-12,Savoury snacks,3569.0705571428575,11376.149814285714,694352.6829285715,1.7732982857142858,5.653615857142857,345.9466891428571,23,17,22,2,3508.406924,2934.376717,6976.290086,0.351444,23,1.729093,1.778011,1.72737,1.930614,0.152603,19,-0.26505,11150.688654,9137.195133,21948.036743,0.431943,17,2.021948,5.653864,5.480259,6.146643,0.492779,13,-0.004395,678020.444067,547013.339467,1387744.531357,0.530387,22,2.408812,343.50234,316.547979,437.715846,94.213506,18,0.711596
2022-03-12,"Soft drinks (inc. fizzy and ready to drink fruit drinks), mineral or spring water",5478.634042857143,1371.3159285714285,63523.5518,0.20682842857142858,0.05159185714285714,2.4090442857142853,19,29,30,2,5649.728345,4618.665886,10412.868729,0.565944,19,-3.028363,0.21015,0.205601,0.225306,0.015156,30,-1.580387,1483.983748,1169.996771,3335.102614,0.057485,28,-7.592254,0.055049,0.049885,0.071721,0.016672,30,-6.280013,65043.039427,52897.311257,116022.955314,0.05088,30,-2.336126,2.439413,2.236549,2.64423,0.204817,30,-1.244907
2022-03-12,"Sugar, sugar products, jams and marmalades",5251.4078714285715,4414.687271428572,906625.4504285714,2.154246,1.8109904285714287,371.91704500000003,20,24,21,2,5300.058234,3688.53565,8378.2543,0.530917,20,-0.917921,2.154882,2.107335,2.194137,0.047547,17,-0.029511,4454.640753,3104.651483,7005.104414,0.172559,22,-0.896896,1.811221,1.793978,1.825456,0.017243,23,-0.012729,914944.404727,637128.790567,1443213.123371,0.715723,21,-0.909231,372.001013,365.721601,377.185269,6.279412,16,-0.022572
2022-03-12,"Tea, coffee, cocoa and powdered chocolate",41601.61202857143,44830.02472857143,101298.82862857143,26.417102285714286,28.47546828571429,64.31664128571428,7,8,28,2,39709.720555,28327.34405,54265.222929,3.977795,7,4.764303,26.740506,26.019858,27.627357,0.88685,2,-1.209416,42263.378573,30278.014383,59652.770557,1.637153,8,6.072979,28.425734,27.112628,30.299542,1.873808,5,0.174963,99012.963197,64382.544514,171887.487971,0.077454,28,2.308653,66.404043,50.741391,87.517516,21.113474,27,-3.143485
2022-03-19,"Baker's yeast, dessert preparations, soups",8241.923071428571,11071.774628571427,1441699.8453000002,2.6524825714285716,3.527312142857143,463.4364275714285,17,18,14,2,7985.690448,5158.9966,11109.725871,0.799941,17,3.208647,2.638836,2.399434,3.01519,0.376354,15,0.517156,10133.984543,7743.733817,12772.186,0.392559,18,9.253913,3.457694,2.339541,5.233981,1.776287,19,2.013413,1385906.736596,932849.351929,1911053.4077,1.084137,15,4.025748,459.239816,405.329624,545.753175,86.513359,15,0.913817
2022-03-19,Beef and Lamb,210755.69512857145,767293.7652571427,3463356.075714286,91.36628828571429,332.1196422857143,1498.791608,2,1,10,2,207224.686107,139791.837786,342066.711086,20.758075,2,1.703952,90.78412,81.878412,93.473207,8.905708,1,0.641267,762451.264726,511727.556257,1210221.180571,29.535021,1,0.635123,332.544384,330.582466,339.041855,6.497471,1,-0.127725,3446260.019342,2311457.704143,5441731.711429,2.695867,7,0.496076,1502.220715,1486.381377,1554.67736,52.456645,4,-0.228269
2022-03-19,Breads and cereals,36749.13538571429,89041.95627142857,12827156.328185713,1.7445121428571428,4.224368285714286,608.090091,8,6,3,2,34676.828332,27259.42595,44667.298843,3.473641,8,5.976057,1.729168,1.706626,1.753884,0.024716,21,0.887394,84408.522919,67389.80845,110732.959757,3.269727,6,5.489296,4.207487,4.155123,4.294658,0.087171,16,0.401211,12243011.855362,9951514.284967,16090617.298671,9.577201,3,4.771248,610.467519,604.357677,626.34124,15.87372,12,-0.389444
2022-03-19,"Buns, crispbread and biscuits",15624.983471428572,19726.303114285714,1151033.0070714285,4.619375571428571,5.830777285714285,341.4835987142857,11,15,17,2,14641.766396,7038.073033,18824.045329,1.466692,11,6.715153,4.567265,3.926231,4.713494,0.641034,10,1.14095,18464.739406,8809.09675,23471.154129,0.715267,15,6.832285,5.761494,4.890149,5.974548,0.871345,12,1.20253,1107429.666344,654959.338583,1873560.941871,0.866296,17,3.937346,345.52277,336.010497,388.190236,42.667466,17,-1.169003
2022-03-19,Cakes and puddings,12877.020742857143,25522.96277142857,1834362.0381571427,4.035431142857143,7.988306428571429,572.1321905714286,12,13,13,2,12052.166693,9446.5345,27323.8271,1.207288,13,6.844031,3.866842,3.605168,4.120057,0.261674,12,4.359873,24195.206302,19153.708186,54549.739343,0.937248,13,5.487684,7.761808,7.357303,8.090825,0.404506,11,2.918108,1796396.537273,1442834.604586,4056742.431329,1.405247,13,2.113425,574.910952,564.979312,581.588772,9.93164,13,-0.483338
2022-03-19,Chocolate,67305.61494285715,116448.7528,3565453.4203714286,26.640705571428573,46.09225685714286,1411.2443692857144,5,5,8,2,58315.82945,28150.229133,132547.293257,5.841603,5,15.415687,26.648336,26.635705,26.70231,0.053974,3,-0.028634,100886.00487,48669.253133,229294.0415,3.908014,5,15.426072,46.100992,46.086531,46.162786,0.061793,2,-0.018949,3087731.596088,1485490.099517,7016207.887686,2.415405,10,15.471611,1410.912515,1408.565066,1411.461877,2.347449,5,0.023521
2022-03-19,Confectionery products,3252.121442857143,5190.120442857143,412771.1585571429,3.812370428571428,6.079924714285714,478.91447485714286,24,22,24,2,2639.015552,1230.34235,3506.494586,0.264355,26,23.232371,3.375115,3.076151,3.996045,0.620931,13,12.955283,4173.185967,1949.08865,5594.6689,0.161656,24,24.3683,5.335199,4.888743,6.384052,1.048852,14,13.958717,365423.519615,182796.127083,451633.892,0.285856,24,12.956922,467.73042,451.206086,488.80262,21.0722,14,2.391133
2022-03-19,Dairy alternative,2767.9726142857144,1982.6739,79991.00742857144,0.9802865714285715,0.7022001428571428,28.333919714285713,26,27,29,2,2660.652938,1800.759517,3323.2613,0.266522,25,4.033584,0.980224,0.980018,0.980467,0.000243,24,0.006372,1904.762021,1287.6059,2379.9254,0.073785,27,4.090373,0.701721,0.700136,0.703588,0.001867,27,0.068324,76719.871596,51670.4985,95957.073143,0.060015,29,4.26374,28.261161,28.02064,28.544487,0.283326,29,0.257451
2022-03-19,Dairy products and eggs,237842.8540857143,726882.6188285714,49583940.41664285,4.665741571428571,14.260632857142857,972.6625518571428,1,2,1,2,232477.799758,181843.006267,351065.404543,23.287725,1,2.307771,4.695567,4.563031,5.229134,0.533567,8,-0.635179,710535.102733,556267.420133,1103935.183871,27.523948,2,2.300733,14.350037,13.874504,16.437715,2.087678,7,-0.623023,48504478.375397,37951671.559517,74580377.351429,37.943045,1,2.225489,979.638118,947.127741,1110.38497,130.746852,8,-0.712055
2022-03-19,Dried fruit and nuts,1296.6234285714286,7507.1134142857145,2016586.7094428572,1.8919872857142859,10.954103857142856,2942.528322142857,28,20,12,2,1354.723428,1038.388929,3492.095486,0.135705,28,-4.288698,1.889388,1.871719,1.912103,0.022716,18,0.137577,7856.897445,6027.1344,20353.999714,0.304352,20,-4.451936,10.957706,10.926228,10.982189,0.031477,9,-0.032871,2111373.829218,1619963.4337,5475933.913743,1.65164,12,-4.489358,2944.647013,2926.133188,2959.04748,18.513825,2,-0.071951
2022-03-19,Edible oils and plant-based spreads,12751.3466,35971.83832857143,2358738.4732999997,4.590184285714286,13.011796857142857,852.8516702857142,13,9,11,2,11516.024682,7616.68445,19449.161571,1.153581,14,10.726982,4.571062,4.524855,4.614628,0.046207,9,0.418328,32326.766906,21393.85755,58323.040243,1.25224,9,11.275707,12.826853,12.319996,13.748304,0.921451,8,1.441849,2159306.817661,1382403.26375,3664321.3365,1.689136,11,9.235911,859.015758,796.975647,904.810217,62.040111,9,-0.717576
2022-03-19,Fish and fish products,46764.37074285714,26586.97911428571,12044263.680285713,14.293769428571428,8.129278285714287,3682.176480285714,6,12,4,2,44048.218618,32840.772867,56109.634029,4.41239,6,6.166315,14.279638,14.164105,14.795633,0.515995,5,0.09896,25097.448283,17677.2765,30066.8442,0.972198,12,5.934989,8.135042,7.924591,8.182162,0.210451,10,-0.070849,11359882.239798,8182560.301667,13942633.360857,8.886365,4,6.024547,3682.364329,3675.505187,3683.900114,6.859142,1,-0.005101
2022-03-19,"Fresh, chilled or frozen fruit",17172.537485714285,28558.96832857143,3673116.189442857,0.8762545714285714,1.457436,187.55053085714286,10,11,7,2,15789.317297,10891.896033,19602.676833,1.581645,10,8.760481,0.869141,0.801294,0.91134,0.067847,26,0.818442,26149.090577,18436.855767,31249.10995,1.012935,11,9.215914,1.440723,1.375786,1.496551,0.064936,24,1.160069,3309952.701717,2308666.66155,4022982.239033,2.589239,9,10.971863,182.199418,171.490344,193.700603,11.501184,24,2.936954
2022-03-19,Fruit and vegetable juices,4080.7673285714286,6602.641271428571,982518.4711142859,0.553161,0.8940285714285715,133.18629157142857,21,21,19,2,3956.552029,3322.8124,6014.348971,0.396335,21,3.139484,0.549655,0.523444,0.565905,0.026211,27,0.637791,6420.381727,5507.827633,10098.037914,0.248706,21,2.838765,0.890925,0.874856,0.907908,0.016983,26,0.348347,957660.438973,802306.9711,1466231.447171,0.749138,19,2.595704,133.064152,127.725177,136.908499,5.338975,25,0.09179
2022-03-19,"Leafy and stem vegetables, including cabbages",2857.6323,2844.7319142857145,600430.3828714286,0.5235678571428571,0.5202888571428571,109.93865728571429,25,26,23,2,2757.371029,2291.510433,5559.985586,0.276211,24,3.636118,0.52777,0.516959,0.544295,0.016525,28,-0.796208,2803.538455,2332.706917,5906.793629,0.1086,26,1.469338,0.535526,0.508317,0.556186,0.027209,29,-2.845296,582885.201471,490911.0199,1223458.897614,0.455967,23,3.010058,111.33321,109.938657,113.745759,2.412549,26,-1.252594
2022-03-19,Meat alternative,2470.004957142857,3121.2898571428573,145974.94325714285,3.2229457142857143,4.068881142857143,190.1239767142857,27,25,27,2,2334.920785,1507.460183,3546.6332,0.233893,27,5.785386,3.203856,3.15683,3.258684,0.054828,14,0.595833,2935.016621,1767.951217,4661.065671,0.113694,25,6.346582,4.007139,3.664715,4.363268,0.356129,17,1.540805,134877.095393,76279.345517,224216.564714,0.105509,27,8.228119,183.238195,156.950947,211.128878,27.890684,23,3.757831
2022-03-19,Other Meat,155369.25018571428,336073.98061428574,12904624.458842857,14.270954285714286,30.881599,1183.476439,3,3,2,2,155605.134295,120499.749017,240673.170914,15.58725,3,-0.151591,14.54359,13.440539,15.963764,1.420174,4,-1.87461,346493.577259,242973.5198,463373.103614,13.422097,3,-3.007154,32.476188,26.094584,40.120317,7.644129,4,-4.910026,12871723.378448,10935977.428233,23519542.951257,10.069016,2,0.255607,1196.865944,1171.617404,1306.265527,109.399583,7,-1.118714
2022-03-19,Other vegetables,22430.54398571429,49137.872671428566,4282700.9133,1.3684944285714287,3.003250714285714,261.423272,9,7,6,2,21710.047346,15914.283133,28532.786986,2.174735,9,3.318724,1.356362,1.328676,1.385649,0.029287,22,0.894485,48418.258862,34800.809067,62979.575171,1.875575,7,1.486245,3.024343,2.70005,3.328264,0.324293,20,-0.697414,4158886.236624,3003937.482633,5335174.981029,3.253324,6,2.977111,259.81835,251.354083,267.523771,8.464267,21,0.617709
2022-03-19,Pasta products,3834.527642857143,8288.571285714284,1422260.8172999998,1.7698297142857145,3.824779,656.6540351428572,22,19,15,2,3786.170854,2469.686283,4294.3287,0.379268,22,1.277195,1.768948,1.755839,1.788505,0.019556,20,0.049829,8190.71269,5343.18925,9354.024514,0.317283,19,1.194751,3.82556,3.819282,3.831063,0.006278,18,-0.020414,1402184.256253,917760.774833,1595015.077443,1.096871,14,1.431806,655.192799,650.769265,663.292973,8.100175,11,0.223024
2022-03-19,Pastry (savoury),12105.013757142859,29899.206685714285,928393.5386428571,8.644478857142857,21.401305,660.0504918571429,14,10,20,2,12126.324274,10321.05505,19579.955629,1.214716,12,-0.175738,8.741523,6.799252,9.710859,1.942272,7,-1.110156,29965.389169,23568.996617,40972.183471,1.160767,10,-0.220863,21.659973,14.495135,25.177449,7.164837,6,-1.194219,922921.302795,826556.673571,1901873.346986,0.721963,20,0.592926,662.523247,612.539212,710.974256,49.984035,10,-0.373233
2022-03-19,"Potatoes, root crops, non-starchy bulbs and mushrooms",9691.64492857143,14631.410385714287,1045573.4021428572,0.4633065714285714,0.6994548571428572,49.96562585714286,16,16,18,2,9479.581166,7237.189171,19570.309457,0.949587,16,2.237058,0.46348,0.458367,0.464637,0.005112,29,-0.037359,14246.901157,10888.947086,28934.506829,0.551881,16,2.698897,0.697227,0.679129,0.705335,0.018099,28,0.319462,1017563.41704,774128.405286,2033935.952857,0.795998,18,2.752653,49.794536,47.743595,50.189854,2.050941,28,0.343591
2022-03-19,Preserved fruit and fruit based products,899.9615714285713,1333.1902714285714,192087.77284285714,0.8720885714285714,1.2942525714285715,186.39008885714287,29,30,25,2,792.376834,427.837867,909.3098,0.079374,29,13.577471,0.873013,0.862756,0.878507,0.010257,25,-0.105937,1172.190112,623.814667,1352.714314,0.045407,30,13.734987,1.290893,1.277285,1.314326,0.023434,25,0.260253,168954.540101,90254.870717,194439.635686,0.132166,25,13.691986,186.086047,184.937372,188.026297,1.940251,22,0.163388
2022-03-19,Ready meals,74434.79441428572,245638.45631428572,8568372.659471428,11.198407142857144,36.94296371428572,1286.7416204285714,4,4,5,2,69234.105759,59992.4463,88710.792357,6.935307,4,7.511744,11.115542,10.328625,11.579405,0.786918,6,0.745485,227633.511184,196833.1531,286054.254,8.817823,4,7.90962,36.533255,33.59909,38.377942,2.934165,3,1.121469,8015120.061351,6754268.6726,9946543.391871,6.269897,5,6.902611,1287.886634,1233.17431,1329.759094,54.712323,6,-0.088906
2022-03-19,Rice,7030.907771428571,4445.599028571429,3545095.189,4.413010142857143,2.7902085714285714,2225.143802714286,18,23,9,2,6693.004805,4764.563817,7877.731471,0.670451,18,5.048599,4.413957,4.395409,4.435112,0.021155,11,-0.021454,4231.196538,3004.00565,4992.0532,0.163904,23,5.067183,2.790459,2.785549,2.796059,0.0056,21,-0.008982,3374950.652558,2405027.938333,3968670.926971,2.640084,8,5.041393,2225.728891,2214.268126,2238.80079,13.071899,3,-0.026287
2022-03-19,"Salt, spices, culinary herbs and other food products",611.7324714285714,1535.8022999999998,148601.1469,1.2215744285714287,3.062992285714286,296.5539352857143,30,28,26,2,516.810652,379.375457,1145.614886,0.05177,30,18.366847,1.074819,0.809817,1.221574,0.265002,23,13.653971,1349.002485,884.187243,3982.261571,0.052256,29,13.847255,2.758251,1.860042,4.102337,1.344086,22,11.048372,163697.872327,91196.791014,737993.111686,0.128054,26,-9.22231,323.367205,227.575549,684.446814,361.079609,19,-8.291895
2022-03-19,"Sauces, condiments",9860.9,20040.075471428572,1372066.8059714285,2.2874385714285714,4.648260857142857,318.41638142857147,15,14,16,2,9741.672716,6612.831643,16390.927014,0.975841,15,1.223889,2.272242,2.219467,2.334464,0.062222,16,0.668802,19720.604072,13509.463229,32628.764671,0.763916,14,1.619988,4.633239,4.137111,5.845381,1.212142,15,0.324219,1352646.415272,951675.764257,2346649.088014,1.058119,16,1.435733,315.774797,298.01131,338.335853,22.561056,20,0.836541
2022-03-19,Savoury snacks,3576.2786142857144,11375.959657142857,685475.7786571429,1.7687757142857143,5.6316427142857135,339.48483100000004,23,17,22,2,3508.406924,2934.376717,6976.290086,0.351444,23,1.934544,1.778011,1.72737,1.930614,0.152603,19,-0.519411,11150.688654,9137.195133,21948.036743,0.431943,17,2.020243,5.653864,5.480259,6.146643,0.492779,13,-0.393034,678020.444067,547013.339467,1387744.531357,0.530387,22,1.099574,343.50234,316.547979,437.715846,94.213506,18,-1.169573
2022-03-19,"Soft drinks (inc. fizzy and ready to drink fruit drinks), mineral or spring water",5566.454771428572,1429.8227857142858,64696.67725714285,0.2084012857142857,0.053237714285714284,2.4325698571428576,19,29,30,2,5649.728345,4618.665886,10412.868729,0.565944,19,-1.473939,0.21015,0.205601,0.225306,0.015156,30,-0.831941,1483.983748,1169.996771,3335.102614,0.057485,28,-3.649701,0.055049,0.049885,0.071721,0.016672,30,-3.290206,65043.039427,52897.311257,116022.955314,0.05088,30,-0.532512,2.439413,2.236549,2.64423,0.204817,30,-0.280512
2022-03-19,"Sugar, sugar products, jams and marmalades",5044.657771428572,4255.916899999999,872207.726242857,2.140190714285714,1.8058935714285713,370.06080142857144,20,24,21,2,5300.058234,3688.53565,8378.2543,0.530917,20,-4.818824,2.154882,2.107335,2.194137,0.047547,17,-0.681764,4454.640753,3104.651483,7005.104414,0.172559,22,-4.461052,1.811221,1.793978,1.825456,0.017243,23,-0.294133,914944.404727,637128.790567,1443213.123371,0.715723,21,-4.670959,372.001013,365.721601,377.185269,6.279412,16,-0.521561
2022-03-19,"Tea, coffee, cocoa and powdered chocolate",39862.985428571425,42254.27288571429,93790.38731428572,26.527377714285713,28.144220571428573,62.53568885714286,7,8,28,2,39709.720555,28327.34405,54265.222929,3.977795,7,0.385963,26.740506,26.019858,27.627357,0.88685,2,-0.797025,42263.378573,30278.014383,59652.770557,1.637153,8,-0.021545,28.425734,27.112628,30.299542,1.873808,5,-0.990346,99012.963197,64382.544514,171887.487971,0.077454,28,-5.274639,66.404043,50.741391,87.517516,21.113474,27,-5.825479
2022-03-26,"Baker's yeast, dessert preparations, soups",8546.123342857143,10954.110428571428,1484718.7053857143,2.6129797142857143,3.3378629999999996,454.05720385714284,17,18,14,2,7985.690448,5158.9966,11109.725871,0.799941,17,7.017964,2.638836,2.399434,3.01519,0.376354,15,-0.979825,10133.984543,7743.733817,12772.186,0.392559,18,8.092827,3.457694,2.339541,5.233981,1.776287,19,-3.465646,1385906.736596,932849.351929,1911053.4077,1.084137,15,7.12977,459.239816,405.329624,545.753175,86.513359,15,-1.12852
2022-03-26,Beef and Lamb,213267.66041428572,773946.4090285713,3491903.042,91.665464,331.9013682857143,1497.0293954285714,2,1,10,2,207224.686107,139791.837786,342066.711086,20.758075,2,2.916146,90.78412,81.878412,93.473207,8.905708,1,0.970814,762451.264726,511727.556257,1210221.180571,29.535021,1,1.507656,332.544384,330.582466,339.041855,6.497471,1,-0.193362,3446260.019342,2311457.704143,5441731.711429,2.695867,7,1.324422,1502.220715,1486.381377,1554.67736,52.456645,4,-0.345576
2022-03-26,Breads and cereals,36692.0832,88876.14302857143,12818971.771414284,1.742281,4.217324285714286,608.3057534285715,8,6,3,2,34676.828332,27259.42595,44667.298843,3.473641,8,5.811532,1.729168,1.706626,1.753884,0.024716,21,0.758364,84408.522919,67389.80845,110732.959757,3.269727,6,5.292854,4.207487,4.155123,4.294658,0.087171,16,0.233795,12243011.855362,9951514.284967,16090617.298671,9.577201,3,4.704397,610.467519,604.357677,626.34124,15.87372,12,-0.354116
2022-03-26,"Buns, crispbread and biscuits",16448.91025714286,20864.20787142857,1185843.9011857142,4.705080714285714,5.971592571428571,339.20469314285714,11,14,17,2,14641.766396,7038.073033,18824.045329,1.466692,11,12.34239,4.567265,3.926231,4.713494,0.641034,10,3.017459,18464.739406,8809.09675,23471.154129,0.715267,15,12.994868,5.761494,4.890149,5.974548,0.871345,12,3.646606,1107429.666344,654959.338583,1873560.941871,0.866296,17,7.080742,345.52277,336.010497,388.190236,42.667466,17,-1.828556
2022-03-26,Cakes and puddings,12169.806314285714,24290.619,1777359.1158,3.940369,7.8584561428571424,573.5792925714286,13,13,13,2,12052.166693,9446.5345,27323.8271,1.207288,13,0.976087,3.866842,3.605168,4.120057,0.261674,12,1.901481,24195.206302,19153.708186,54549.739343,0.937248,13,0.394345,7.761808,7.357303,8.090825,0.404506,11,1.245169,1796396.537273,1442834.604586,4056742.431329,1.405247,13,-1.059756,574.910952,564.979312,581.588772,9.93164,13,-0.231629
2022-03-26,Chocolate,79492.24698571429,137538.00678571427,4211781.170128571,26.638222857142857,46.08941442857143,1411.3523528571427,4,5,7,2,58315.82945,28150.229133,132547.293257,5.841603,5,36.313326,26.648336,26.635705,26.70231,0.053974,3,-0.037951,100886.00487,48669.253133,229294.0415,3.908014,5,36.330115,46.100992,46.086531,46.162786,0.061793,2,-0.025115,3087731.596088,1485490.099517,7016207.887686,2.415405,10,36.403733,1410.912515,1408.565066,1411.461877,2.347449,5,0.031174
2022-03-26,Confectionery products,3111.8909142857146,4996.775028571428,414600.65234285715,3.675004285714286,5.899931285714286,488.8026201428571,24,22,24,2,2639.015552,1230.34235,3506.494586,0.264355,26,17.918627,3.375115,3.076151,3.996045,0.620931,13,8.885313,4173.185967,1949.08865,5594.6689,0.161656,24,19.735259,5.335199,4.888743,6.384052,1.048852,14,10.585021,365423.519615,182796.127083,451633.892,0.285856,24,13.457572,467.73042,451.206086,488.80262,21.0722,14,4.505202
2022-03-26,Dairy alternative,2712.5633857142857,1946.7192,78999.353,0.9804672857142858,0.7035875714285714,28.544487285714286,26,27,29,2,2660.652938,1800.759517,3323.2613,0.266522,25,1.951042,0.980224,0.980018,0.980467,0.000243,24,0.024808,1904.762021,1287.6059,2379.9254,0.073785,27,2.202752,0.701721,0.700136,0.703588,0.001867,27,0.266042,76719.871596,51670.4985,95957.073143,0.060015,29,2.971175,28.261161,28.02064,28.544487,0.283326,29,1.002529
2022-03-26,Dairy products and eggs,236186.66638571428,722363.7336571428,49261859.0173,4.6812688571428565,14.321212142857144,976.5575697142857,1,2,1,2,232477.799758,181843.006267,351065.404543,23.287725,1,1.595364,4.695567,4.563031,5.229134,0.533567,8,-0.3045,710535.102733,556267.420133,1103935.183871,27.523948,2,1.66475,14.350037,13.874504,16.437715,2.087678,7,-0.200869,48504478.375397,37951671.559517,74580377.351429,37.943045,1,1.561465,979.638118,947.127741,1110.38497,130.746852,8,-0.314458
2022-03-26,Dried fruit and nuts,1233.4482714285714,7207.001385714286,1940021.2119,1.8785557142857143,10.972716285714286,2953.475730142857,28,20,12,2,1354.723428,1038.388929,3492.095486,0.135705,28,-8.952023,1.889388,1.871719,1.912103,0.022716,18,-0.573319,7856.897445,6027.1344,20353.999714,0.304352,20,-8.271663,10.957706,10.926228,10.982189,0.031477,9,0.136986,2111373.829218,1619963.4337,5475933.913743,1.65164,12,-8.115693,2944.647013,2926.133188,2959.04748,18.513825,2,0.299823
2022-03-26,Edible oils and plant-based spreads,12996.5368,35676.08342857143,2351157.558285714,4.5546745714285715,12.523182,823.3091604285713,12,9,11,2,11516.024682,7616.68445,19449.161571,1.153581,14,12.856104,4.571062,4.524855,4.614628,0.046207,9,-0.358509,32326.766906,21393.85755,58323.040243,1.25224,9,10.360815,12.826853,12.319996,13.748304,0.921451,8,-2.367463,2159306.817661,1382403.26375,3664321.3365,1.689136,11,8.88483,859.015758,796.975647,904.810217,62.040111,9,-4.156687
2022-03-26,Fish and fish products,46312.20694285714,26307.016285714286,11921457.257857144,14.300393857142856,8.126576428571429,3682.088419857143,6,12,4,2,44048.218618,32840.772867,56109.634029,4.41239,6,5.139795,14.279638,14.164105,14.795633,0.515995,5,0.145351,25097.448283,17677.2765,30066.8442,0.972198,12,4.819486,8.135042,7.924591,8.182162,0.210451,10,-0.104062,11359882.239798,8182560.301667,13942633.360857,8.886365,4,4.943493,3682.364329,3675.505187,3683.900114,6.859142,1,-0.007493
2022-03-26,"Fresh, chilled or frozen fruit",16891.118914285715,28099.23292857143,3599736.6320571424,0.8777071428571429,1.4611031428571428,187.10225,10,11,8,2,15789.317297,10891.896033,19602.676833,1.581645,10,6.978146,0.869141,0.801294,0.91134,0.067847,26,0.985569,26149.090577,18436.855767,31249.10995,1.012935,11,7.457783,1.440723,1.375786,1.496551,0.064936,24,1.414604,3309952.701717,2308666.66155,4022982.239033,2.589239,9,8.754927,182.199418,171.490344,193.700603,11.501184,24,2.690915
2022-03-26,Fruit and vegetable juices,4052.6315285714286,6622.869985714286,980563.4324285714,0.5472795714285714,0.8932331428571428,132.515158,21,21,19,2,3956.552029,3322.8124,6014.348971,0.396335,21,2.428364,0.549655,0.523444,0.565905,0.026211,27,-0.43223,6420.381727,5507.827633,10098.037914,0.248706,21,3.153835,0.890925,0.874856,0.907908,0.016983,26,0.259066,957660.438973,802306.9711,1466231.447171,0.749138,19,2.391557,133.064152,127.725177,136.908499,5.338975,25,-0.412578
2022-03-26,"Leafy and stem vegetables, including cabbages",2739.464985714286,2750.8885857142855,577984.0161857143,0.5228874285714286,0.5244222857142857,110.26402814285714,25,26,23,2,2757.371029,2291.510433,5559.985586,0.276211,24,-0.649388,0.52777,0.516959,0.544295,0.016525,28,-0.925133,2803.538455,2332.706917,5906.793629,0.1086,26,-1.877979,0.535526,0.508317,0.556186,0.027209,29,-2.073451,582885.201471,490911.0199,1223458.897614,0.455967,23,-0.840849,111.33321,109.938657,113.745759,2.412549,26,-0.960344
2022-03-26,Meat alternative,2482.9995714285715,3193.9102285714284,151638.71888571428,3.235012428571429,4.154292142857143,196.815273,27,25,26,2,2334.920785,1507.460183,3546.6332,0.233893,27,6.341919,3.203856,3.15683,3.258684,0.054828,14,0.972464,2935.016621,1767.951217,4661.065671,0.113694,25,8.820857,4.007139,3.664715,4.363268,0.356129,17,3.672276,134877.095393,76279.345517,224216.564714,0.105509,27,12.427331,183.238195,156.950947,211.128878,27.890684,23,7.409524
2022-03-26,Other Meat,156843.72821428574,337903.65275714285,13059810.866985714,14.238964285714287,30.71443557142857,1181.9644325714287,3,3,2,2,155605.134295,120499.749017,240673.170914,15.58725,3,0.795985,14.54359,13.440539,15.963764,1.420174,4,-2.094569,346493.577259,242973.5198,463373.103614,13.422097,3,-2.479101,32.476188,26.094584,40.120317,7.644129,4,-5.424752,12871723.378448,10935977.428233,23519542.951257,10.069016,2,1.461246,1196.865944,1171.617404,1306.265527,109.399583,7,-1.245044
2022-03-26,Other vegetables,22266.987657142858,49963.00348571428,4286193.972185714,1.3363494285714286,2.9978122857142857,257.2495494285714,9,7,6,2,21710.047346,15914.283133,28532.786986,2.174735,9,2.565357,1.356362,1.328676,1.385649,0.029287,22,-1.475457,48418.258862,34800.809067,62979.575171,1.875575,7,3.190418,3.024343,2.70005,3.328264,0.324293,20,-0.877236,4158886.236624,3003937.482633,5335174.981029,3.253324,6,3.061102,259.81835,251.354083,267.523771,8.464267,21,-0.988691
2022-03-26,Pasta products,3807.8177,8220.33782857143,1409965.2115714287,1.7725708571428573,3.823913857142857,656.2440921428571,22,19,15,2,3786.170854,2469.686283,4294.3287,0.379268,22,0.571735,1.768948,1.755839,1.788505,0.019556,20,0.204788,8190.71269,5343.18925,9354.024514,0.317283,19,0.361692,3.82556,3.819282,3.831063,0.006278,18,-0.043029,1402184.256253,917760.774833,1595015.077443,1.096871,14,0.554917,655.192799,650.769265,663.292973,8.100175,11,0.160456
2022-03-26,Pastry (savoury),11786.082657142859,28803.16227142857,918405.6930571429,8.507829857142857,20.786793714285714,663.4190748571428,14,10,20,2,12126.324274,10321.05505,19579.955629,1.214716,12,-2.80581,8.741523,6.799252,9.710859,1.942272,7,-2.673373,29965.389169,23568.996617,40972.183471,1.160767,10,-3.878564,21.659973,14.495135,25.177449,7.164837,6,-4.031302,922921.302795,826556.673571,1901873.346986,0.721963,20,-0.489274,662.523247,612.539212,710.974256,49.984035,10,0.135215
2022-03-26,"Potatoes, root crops, non-starchy bulbs and mushrooms",9736.083628571429,14693.5141,1051292.405,0.4633437142857143,0.6993900000000001,50.025349857142864,16,16,18,2,9479.581166,7237.189171,19570.309457,0.949587,16,2.705842,0.46348,0.458367,0.464637,0.005112,29,-0.029345,14246.901157,10888.947086,28934.506829,0.551881,16,3.134808,0.697227,0.679129,0.705335,0.018099,28,0.31016,1017563.41704,774128.405286,2033935.952857,0.795998,18,3.314682,49.794536,47.743595,50.189854,2.050941,28,0.463532
2022-03-26,Preserved fruit and fruit based products,900.2687571428571,1332.7746714285713,192061.26214285713,0.8729509999999999,1.2919795714285713,186.1956022857143,29,30,25,2,792.376834,427.837867,909.3098,0.079374,29,13.616239,0.873013,0.862756,0.878507,0.010257,25,-0.007149,1172.190112,623.814667,1352.714314,0.045407,30,13.699532,1.290893,1.277285,1.314326,0.023434,25,0.084173,168954.540101,90254.870717,194439.635686,0.132166,25,13.676295,186.086047,184.937372,188.026297,1.940251,22,0.058874
2022-03-26,Ready meals,73770.93531428571,244833.4704,8520261.159242857,11.075468285714285,36.740736000000005,1279.6242941428573,5,4,5,2,69234.105759,59992.4463,88710.792357,6.935307,4,6.552882,11.115542,10.328625,11.579405,0.786918,6,-0.360524,227633.511184,196833.1531,286054.254,8.817823,4,7.555987,36.533255,33.59909,38.377942,2.934165,3,0.567925,8015120.061351,6754268.6726,9946543.391871,6.269897,5,6.302352,1287.886634,1233.17431,1329.759094,54.712323,6,-0.641542
2022-03-26,Rice,7050.623428571429,4456.1475,3555629.193185714,4.415588857142857,2.790891142857143,2226.737149857143,18,23,9,2,6693.004805,4764.563817,7877.731471,0.670451,18,5.34317,4.413957,4.395409,4.435112,0.021155,11,0.036968,4231.196538,3004.00565,4992.0532,0.163904,23,5.316486,2.790459,2.785549,2.796059,0.0056,21,0.015479,3374950.652558,2405027.938333,3968670.926971,2.640084,8,5.353517,2225.728891,2214.268126,2238.80079,13.071899,3,0.0453
2022-03-26,"Salt, spices, culinary herbs and other food products",582.8643285714286,1471.0063714285714,149854.55767142857,1.157087142857143,2.907578285714286,298.47256257142857,30,28,27,2,516.810652,379.375457,1145.614886,0.05177,30,12.781021,1.074819,0.809817,1.221574,0.265002,23,7.654143,1349.002485,884.187243,3982.261571,0.052256,29,9.044008,2.758251,1.860042,4.102337,1.344086,22,5.413859,163697.872327,91196.791014,737993.111686,0.128054,26,-8.456625,323.367205,227.575549,684.446814,361.079609,19,-7.698567
2022-03-26,"Sauces, condiments",9818.688171428572,20024.63157142857,1365742.6626142857,2.2852737142857142,4.656552571428572,317.7164678571429,15,15,16,2,9741.672716,6612.831643,16390.927014,0.975841,15,0.790577,2.272242,2.219467,2.334464,0.062222,16,0.573528,19720.604072,13509.463229,32628.764671,0.763916,14,1.541674,4.633239,4.137111,5.845381,1.212142,15,0.503181,1352646.415272,951675.764257,2346649.088014,1.058119,16,0.968194,315.774797,298.01131,338.335853,22.561056,20,0.614891
2022-03-26,Savoury snacks,3590.3917714285712,11287.706871428572,677068.8411999999,1.804230142857143,5.674302714285714,340.95996285714284,23,17,22,2,3508.406924,2934.376717,6976.290086,0.351444,23,2.336811,1.778011,1.72737,1.930614,0.152603,19,1.474639,11150.688654,9137.195133,21948.036743,0.431943,17,1.228787,5.653864,5.480259,6.146643,0.492779,13,0.361494,678020.444067,547013.339467,1387744.531357,0.530387,22,-0.14035,343.50234,316.547979,437.715846,94.213506,18,-0.740134
2022-03-26,"Soft drinks (inc. fizzy and ready to drink fruit drinks), mineral or spring water",5426.263642857143,1413.4807857142857,63429.32911428571,0.20945657142857144,0.054407285714285714,2.461128857142857,19,29,30,2,5649.728345,4618.665886,10412.868729,0.565944,19,-3.955318,0.21015,0.205601,0.225306,0.015156,30,-0.329782,1483.983748,1169.996771,3335.102614,0.057485,28,-4.750926,0.055049,0.049885,0.071721,0.016672,30,-1.165603,65043.039427,52897.311257,116022.955314,0.05088,30,-2.480988,2.439413,2.236549,2.64423,0.204817,30,0.89022
2022-03-26,"Sugar, sugar products, jams and marmalades",5134.067914285713,4324.943857142857,887122.9151714286,2.147113,1.8084037142857141,370.97501585714286,20,24,21,2,5300.058234,3688.53565,8378.2543,0.530917,20,-3.131858,2.154882,2.107335,2.194137,0.047547,17,-0.360527,4454.640753,3104.651483,7005.104414,0.172559,22,-2.911501,1.811221,1.793978,1.825456,0.017243,23,-0.155545,914944.404727,637128.790567,1443213.123371,0.715723,21,-3.040785,372.001013,365.721601,377.185269,6.279412,16,-0.275805
2022-03-26,"Tea, coffee, cocoa and powdered chocolate",40275.1022,42652.29975714286,99689.35785714285,26.81823057142857,28.38047814285714,66.64157428571428,7,8,28,2,39709.720555,28327.34405,54265.222929,3.977795,7,1.423787,26.740506,26.019858,27.627357,0.88685,2,0.290661,42263.378573,30278.014383,59652.770557,1.637153,8,0.920232,28.425734,27.112628,30.299542,1.873808,5,-0.159207,99012.963197,64382.544514,171887.487971,0.077454,28,0.683137,66.404043,50.741391,87.517516,21.113474,27,0.357707
2022-04-02,"Baker's yeast, dessert preparations, soups",8916.122214285713,11493.1461,1544889.1851714286,2.616926285714286,3.337392,452.80561600000004,17,17,14,3,7985.690448,5158.9966,11109.725871,0.799941,17,11.651238,2.638836,2.399434,3.01519,0.376354,15,-0.830267,10133.984543,7743.733817,12772.186,0.392559,18,13.411917,3.457694,2.339541,5.233981,1.776287,19,-3.479268,1385906.736596,932849.351929,1911053.4077,1.084137,15,11.471367,459.239816,405.329624,545.753175,86.513359,15,-1.401054
2022-04-02,Beef and Lamb,213854.96622857143,807207.0071428573,3660527.2082857145,88.91548785714285,333.9077097142857,1513.2273802857144,2,1,8,3,207224.686107,139791.837786,342066.711086,20.758075,2,3.199561,90.78412,81.878412,93.473207,8.905708,1,-2.058324,762451.264726,511727.556257,1210221.180571,29.535021,1,5.869981,332.544384,330.582466,339.041855,6.497471,1,0.409968,3446260.019342,2311457.704143,5441731.711429,2.695867,7,6.217383,1502.220715,1486.381377,1554.67736,52.456645,4,0.732693
2022-04-02,Breads and cereals,36547.00787142857,88513.7993,12735301.44867143,1.738875857142857,4.210107428571428,605.5421672857143,8,6,3,3,34676.828332,27259.42595,44667.298843,3.473641,8,5.393168,1.729168,1.706626,1.753884,0.024716,21,0.56144,84408.522919,67389.80845,110732.959757,3.269727,6,4.86358,4.207487,4.155123,4.294658,0.087171,16,0.062271,12243011.855362,9951514.284967,16090617.298671,9.577201,3,4.020984,610.467519,604.357677,626.34124,15.87372,12,-0.806816
2022-04-02,"Buns, crispbread and biscuits",15743.957528571427,19910.747957142856,1159594.9990285714,4.644572142857143,5.874664714285714,341.47664328571426,12,15,17,3,14641.766396,7038.073033,18824.045329,1.466692,11,7.52772,4.567265,3.926231,4.713494,0.641034,10,1.692627,18464.739406,8809.09675,23471.154129,0.715267,15,7.831189,5.761494,4.890149,5.974548,0.871345,12,1.964267,1107429.666344,654959.338583,1873560.941871,0.866296,17,4.710487,345.52277,336.010497,388.190236,42.667466,17,-1.171016
2022-04-02,Cakes and puddings,11538.015757142857,23183.521385714288,1728989.8438571428,3.8348937142857147,7.702297142857143,573.5591812857143,14,13,13,3,12052.166693,9446.5345,27323.8271,1.207288,13,-4.266046,3.866842,3.605168,4.120057,0.261674,12,-0.826205,24195.206302,19153.708186,54549.739343,0.937248,13,-4.181344,7.761808,7.357303,8.090825,0.404506,11,-0.76672,1796396.537273,1442834.604586,4056742.431329,1.405247,13,-3.752328,574.910952,564.979312,581.588772,9.93164,13,-0.235127
2022-04-02,Chocolate,103363.32427142856,178827.69574285715,5474544.053785713,26.642116714285716,46.093872,1411.183012857143,4,5,6,3,58315.82945,28150.229133,132547.293257,5.841603,5,77.247456,26.648336,26.635705,26.70231,0.053974,3,-0.023339,100886.00487,48669.253133,229294.0415,3.908014,5,77.257188,46.100992,46.086531,46.162786,0.061793,2,-0.015445,3087731.596088,1485490.099517,7016207.887686,2.415405,10,77.299868,1410.912515,1408.565066,1411.461877,2.347449,5,0.019172
2022-04-02,Confectionery products,3212.661328571429,5145.4845857142855,407049.33912857145,3.8263022857142857,6.130926857142858,486.05930914285716,24,22,24,3,2639.015552,1230.34235,3506.494586,0.264355,26,21.737112,3.375115,3.076151,3.996045,0.620931,13,13.368065,4173.185967,1949.08865,5594.6689,0.161656,24,23.298713,5.335199,4.888743,6.384052,1.048852,14,14.914673,365423.519615,182796.127083,451633.892,0.285856,24,11.391117,467.73042,451.206086,488.80262,21.0722,14,3.918687
2022-04-02,Dairy alternative,2850.7237999999998,2041.6276999999998,82330.15800000001,0.9802617142857143,0.7020094285714286,28.304971285714284,25,27,29,3,2660.652938,1800.759517,3323.2613,0.266522,25,7.143768,0.980224,0.980018,0.980467,0.000243,24,0.003836,1904.762021,1287.6059,2379.9254,0.073785,27,7.185448,0.701721,0.700136,0.703588,0.001867,27,0.041146,76719.871596,51670.4985,95957.073143,0.060015,29,7.31269,28.261161,28.02064,28.544487,0.283326,29,0.155019
2022-04-02,Dairy products and eggs,233049.07679999998,713696.6219857143,48632772.309771426,4.704713571428571,14.411176857142857,981.888472,1,2,1,3,232477.799758,181843.006267,351065.404543,23.287725,1,0.245734,4.695567,4.563031,5.229134,0.533567,8,0.194795,710535.102733,556267.420133,1103935.183871,27.523948,2,0.444949,14.350037,13.874504,16.437715,2.087678,7,0.426061,48504478.375397,37951671.559517,74580377.351429,37.943045,1,0.264499,979.638118,947.127741,1110.38497,130.746852,8,0.229713
2022-04-02,Dried fruit and nuts,1223.5894,7147.673271428571,1923945.5930142857,1.877945142857143,10.973562142857142,2953.973278142857,28,20,12,3,1354.723428,1038.388929,3492.095486,0.135705,28,-9.679764,1.889388,1.871719,1.912103,0.022716,18,-0.605634,7856.897445,6027.1344,20353.999714,0.304352,20,-9.026771,10.957706,10.926228,10.982189,0.031477,9,0.144705,2111373.829218,1619963.4337,5475933.913743,1.65164,12,-8.877075,2944.647013,2926.133188,2959.04748,18.513825,2,0.316719
2022-04-02,Edible oils and plant-based spreads,15973.311671428572,45128.803714285714,2796412.111985714,4.544905,12.850757571428572,796.9756471428572,11,8,11,3,11516.024682,7616.68445,19449.161571,1.153581,14,38.705084,4.571062,4.524855,4.614628,0.046207,9,-0.572235,32326.766906,21393.85755,58323.040243,1.25224,9,39.601971,12.826853,12.319996,13.748304,0.921451,8,0.186363,2159306.817661,1382403.26375,3664321.3365,1.689136,11,29.505084,859.015758,796.975647,904.810217,62.040111,9,-7.222232
2022-04-02,Fish and fish products,44852.92398571429,25445.157085714283,11536680.305571428,14.310416714285713,8.122488714285714,3681.955189857143,6,12,4,3,44048.218618,32840.772867,56109.634029,4.41239,6,1.826874,14.279638,14.164105,14.795633,0.515995,5,0.215541,25097.448283,17677.2765,30066.8442,0.972198,12,1.385435,8.135042,7.924591,8.182162,0.210451,10,-0.15431,11359882.239798,8182560.301667,13942633.360857,8.886365,4,1.556337,3682.364329,3675.505187,3683.900114,6.859142,1,-0.011111
2022-04-02,"Fresh, chilled or frozen fruit",16430.135542857144,27431.958542857144,3508206.9632142857,0.874629,1.4599652857142857,186.76628657142857,10,11,10,3,15789.317297,10891.896033,19602.676833,1.581645,10,4.058556,0.869141,0.801294,0.91134,0.067847,26,0.63141,26149.090577,18436.855767,31249.10995,1.012935,11,4.905975,1.440723,1.375786,1.496551,0.064936,24,1.335626,3309952.701717,2308666.66155,4022982.239033,2.589239,9,5.98964,182.199418,171.490344,193.700603,11.501184,24,2.506522
2022-04-02,Fruit and vegetable juices,3969.2684285714286,6481.011028571428,963912.5924857144,0.5477848571428571,0.8941114285714286,133.05905857142858,22,21,19,3,3956.552029,3322.8124,6014.348971,0.396335,21,0.321401,0.549655,0.523444,0.565905,0.026211,27,-0.340302,6420.381727,5507.827633,10098.037914,0.248706,21,0.944325,0.890925,0.874856,0.907908,0.016983,26,0.357647,957660.438973,802306.9711,1466231.447171,0.749138,19,0.652857,133.064152,127.725177,136.908499,5.338975,25,-0.003828
2022-04-02,"Leafy and stem vegetables, including cabbages",2688.9677,2732.5135,569334.7036,0.5241598571428572,0.5319692857142857,110.89865542857142,26,26,23,3,2757.371029,2291.510433,5559.985586,0.276211,24,-2.480744,0.52777,0.516959,0.544295,0.016525,28,-0.684038,2803.538455,2332.706917,5906.793629,0.1086,26,-2.533404,0.535526,0.508317,0.556186,0.027209,29,-0.664183,582885.201471,490911.0199,1223458.897614,0.455967,23,-2.324728,111.33321,109.938657,113.745759,2.412549,26,-0.390319
2022-04-02,Meat alternative,2543.456471428571,3272.5249857142853,154267.58305714285,3.228836285714286,4.1450000000000005,195.12617128571426,27,25,27,3,2334.920785,1507.460183,3546.6332,0.233893,27,8.931167,3.203856,3.15683,3.258684,0.054828,14,0.779692,2935.016621,1767.951217,4661.065671,0.113694,25,11.499368,4.007139,3.664715,4.363268,0.356129,17,3.440386,134877.095393,76279.345517,224216.564714,0.105509,27,14.376413,183.238195,156.950947,211.128878,27.890684,23,6.487718
2022-04-02,Other Meat,154130.4434857143,331753.31874285714,12885640.395585716,14.213553857142857,30.62181357142857,1185.4710187142857,3,3,2,3,155605.134295,120499.749017,240673.170914,15.58725,3,-0.947713,14.54359,13.440539,15.963764,1.420174,4,-2.269289,346493.577259,242973.5198,463373.103614,13.422097,3,-4.254122,32.476188,26.094584,40.120317,7.644129,4,-5.709952,12871723.378448,10935977.428233,23519542.951257,10.069016,2,0.108121,1196.865944,1171.617404,1306.265527,109.399583,7,-0.952064
2022-04-02,Other vegetables,22356.02102857143,50721.61145714286,4304791.776814286,1.3462370000000001,3.060831142857143,259.30724757142855,9,7,7,3,21710.047346,15914.283133,28532.786986,2.174735,9,2.97546,1.356362,1.328676,1.385649,0.029287,22,-0.74648,48418.258862,34800.809067,62979.575171,1.875575,7,4.757198,3.024343,2.70005,3.328264,0.324293,20,1.206485,4158886.236624,3003937.482633,5335174.981029,3.253324,6,3.508284,259.81835,251.354083,267.523771,8.464267,21,-0.196715
2022-04-02,Pasta products,4008.3086571428576,8680.520028571429,1486614.588057143,1.7663642857142856,3.8264202857142857,655.4363978571429,21,19,15,3,3786.170854,2469.686283,4294.3287,0.379268,22,5.867083,1.768948,1.755839,1.788505,0.019556,20,-0.146075,8190.71269,5343.18925,9354.024514,0.317283,19,5.980033,3.82556,3.819282,3.831063,0.006278,18,0.022489,1402184.256253,917760.774833,1595015.077443,1.096871,14,6.021344,655.192799,650.769265,663.292973,8.100175,11,0.03718
2022-04-02,Pastry (savoury),11979.47617142857,29494.26974285714,919710.1756857142,8.623016142857143,21.220090142857142,662.3042388571429,13,10,20,3,12126.324274,10321.05505,19579.955629,1.214716,12,-1.210986,8.741523,6.799252,9.710859,1.942272,7,-1.355682,29965.389169,23568.996617,40972.183471,1.160767,10,-1.572212,21.659973,14.495135,25.177449,7.164837,6,-2.030854,922921.302795,826556.673571,1901873.346986,0.721963,20,-0.347931,662.523247,612.539212,710.974256,49.984035,10,-0.033057
2022-04-02,"Potatoes, root crops, non-starchy bulbs and mushrooms",9933.043914285712,15015.849614285715,1073097.1184285714,0.46310228571428574,0.7003254285714285,50.036432999999995,15,16,18,3,9479.581166,7237.189171,19570.309457,0.949587,16,4.783574,0.46348,0.458367,0.464637,0.005112,29,-0.081435,14246.901157,10888.947086,28934.506829,0.551881,16,5.397303,0.697227,0.679129,0.705335,0.018099,28,0.444324,1017563.41704,774128.405286,2033935.952857,0.795998,18,5.457517,49.794536,47.743595,50.189854,2.050941,28,0.48579
2022-04-02,Preserved fruit and fruit based products,893.0494142857143,1326.5628,191000.94242857143,0.8711244285714285,1.2957155714285715,186.49586528571427,29,30,25,3,792.376834,427.837867,909.3098,0.079374,29,12.705139,0.873013,0.862756,0.878507,0.010257,25,-0.216375,1172.190112,623.814667,1352.714314,0.045407,30,13.169595,1.290893,1.277285,1.314326,0.023434,25,0.373585,168954.540101,90254.870717,194439.635686,0.132166,25,13.048718,186.086047,184.937372,188.026297,1.940251,22,0.220231
2022-04-02,Ready meals,71738.15698571429,238869.59197142857,8318965.711914286,11.107402714285714,36.97527542857143,1287.201138142857,5,4,5,3,69234.105759,59992.4463,88710.792357,6.935307,4,3.616789,11.115542,10.328625,11.579405,0.786918,6,-0.073228,227633.511184,196833.1531,286054.254,8.817823,4,4.93604,36.533255,33.59909,38.377942,2.934165,3,1.209914,8015120.061351,6754268.6726,9946543.391871,6.269897,5,3.790906,1287.886634,1233.17431,1329.759094,54.712323,6,-0.053226
2022-04-02,Rice,7210.7435857142855,4560.859871428571,3635291.329528571,4.409904571428571,2.7893864285714285,2223.2248137142856,18,23,9,3,6693.004805,4764.563817,7877.731471,0.670451,18,7.735521,4.413957,4.395409,4.435112,0.021155,11,-0.091812,4231.196538,3004.00565,4992.0532,0.163904,23,7.791256,2.790459,2.785549,2.796059,0.0056,21,-0.038445,3374950.652558,2405027.938333,3968670.926971,2.640084,8,7.713911,2225.728891,2214.268126,2238.80079,13.071899,3,-0.112506
2022-04-02,"Salt, spices, culinary herbs and other food products",584.7791428571428,1513.895,158596.05311428572,1.1934424285714285,3.0975518571428573,320.5464035714286,30,28,26,3,516.810652,379.375457,1145.614886,0.05177,30,13.151527,1.074819,0.809817,1.221574,0.265002,23,11.0366,1349.002485,884.187243,3982.261571,0.052256,29,12.223292,2.758251,1.860042,4.102337,1.344086,22,12.301325,163697.872327,91196.791014,737993.111686,0.128054,26,-3.116607,323.367205,227.575549,684.446814,361.079609,19,-0.872321
2022-04-02,"Sauces, condiments",9892.054214285714,19916.54984285714,1385972.6253571429,2.289309,4.6119387142857144,320.6944845714285,16,14,16,3,9741.672716,6612.831643,16390.927014,0.975841,15,1.543693,2.272242,2.219467,2.334464,0.062222,16,0.751119,19720.604072,13509.463229,32628.764671,0.763916,14,0.993609,4.633239,4.137111,5.845381,1.212142,15,-0.459728,1352646.415272,951675.764257,2346649.088014,1.058119,16,2.463778,315.774797,298.01131,338.335853,22.561056,20,1.557974
2022-04-02,Savoury snacks,3523.581271428571,11104.65292857143,661960.2089714286,1.7885052857142856,5.639648,336.7897682857143,23,18,22,3,3508.406924,2934.376717,6976.290086,0.351444,23,0.432514,1.778011,1.72737,1.930614,0.152603,19,0.590231,11150.688654,9137.195133,21948.036743,0.431943,17,-0.412851,5.653864,5.480259,6.146643,0.492779,13,-0.251444,678020.444067,547013.339467,1387744.531357,0.530387,22,-2.368695,343.50234,316.547979,437.715846,94.213506,18,-1.954156
2022-04-02,"Soft drinks (inc. fizzy and ready to drink fruit drinks), mineral or spring water",5353.671771428571,1363.1100142857142,63281.22545714286,0.20765814285714287,0.05261628571428572,2.4599930000000003,19,29,30,3,5649.728345,4618.665886,10412.868729,0.565944,19,-5.240191,0.21015,0.205601,0.225306,0.015156,30,-1.185567,1483.983748,1169.996771,3335.102614,0.057485,28,-8.14522,0.055049,0.049885,0.071721,0.016672,30,-4.419072,65043.039427,52897.311257,116022.955314,0.05088,30,-2.708689,2.439413,2.236549,2.64423,0.204817,30,0.843658
2022-04-02,"Sugar, sugar products, jams and marmalades",5252.947457142857,4431.1822999999995,908181.5854285714,2.141952142857143,1.8065322857142856,370.29343485714287,20,24,21,3,5300.058234,3688.53565,8378.2543,0.530917,20,-0.888873,2.154882,2.107335,2.194137,0.047547,17,-0.600023,4454.640753,3104.651483,7005.104414,0.172559,22,-0.526607,1.811221,1.793978,1.825456,0.017243,23,-0.258869,914944.404727,637128.790567,1443213.123371,0.715723,21,-0.739151,372.001013,365.721601,377.185269,6.279412,16,-0.459025
2022-04-02,"Tea, coffee, cocoa and powdered chocolate",40449.0994,43201.08098571428,101613.36605714285,26.754592,28.571619857142856,67.66920228571429,7,9,28,3,39709.720555,28327.34405,54265.222929,3.977795,7,1.861959,26.740506,26.019858,27.627357,0.88685,2,0.052675,42263.378573,30278.014383,59652.770557,1.637153,8,2.218711,28.425734,27.112628,30.299542,1.873808,5,0.513218,99012.963197,64382.544514,171887.487971,0.077454,28,2.626326,66.404043,50.741391,87.517516,21.113474,27,1.905245
2022-04-09,"Baker's yeast, dessert preparations, soups",8880.340842857142,12623.846942857142,1553905.3456714286,2.726546857142857,3.8378465714285714,476.68004114285714,17,17,14,3,7985.690448,5158.9966,11109.725871,0.799941,17,11.203169,2.638836,2.399434,3.01519,0.376354,15,3.323859,10133.984543,7743.733817,12772.186,0.392559,18,24.569432,3.457694,2.339541,5.233981,1.776287,19,10.994381,1385906.736596,932849.351929,1911053.4077,1.084137,15,12.121927,459.239816,405.329624,545.753175,86.513359,15,3.797629
2022-04-09,Beef and Lamb,274077.78207142855,1145813.4216857143,5259832.539,81.87841185714285,339.0418547142857,1554.67736,1,1,7,3,207224.686107,139791.837786,342066.711086,20.758075,2,32.261164,90.78412,81.878412,93.473207,8.905708,1,-9.809764,762451.264726,511727.556257,1210221.180571,29.535021,1,50.280218,332.544384,330.582466,339.041855,6.497471,1,1.953866,3446260.019342,2311457.704143,5441731.711429,2.695867,7,52.624367,1502.220715,1486.381377,1554.67736,52.456645,4,3.49194
2022-04-09,Breads and cereals,38899.53598571429,94192.08348571429,13613036.228814287,1.7285131428571427,4.183929,604.3576772857143,8,6,3,3,34676.828332,27259.42595,44667.298843,3.473641,8,12.177318,1.729168,1.706626,1.753884,0.024716,21,-0.037849,84408.522919,67389.80845,110732.959757,3.269727,6,11.590726,4.207487,4.155123,4.294658,0.087171,16,-0.559916,12243011.855362,9951514.284967,16090617.298671,9.577201,3,11.190256,610.467519,604.357677,626.34124,15.87372,12,-1.000846
2022-04-09,"Buns, crispbread and biscuits",15317.044157142856,19356.177585714286,1159789.8633714286,4.575890857142857,5.7848057142857146,346.25175385714283,11,15,18,3,14641.766396,7038.073033,18824.045329,1.466692,11,4.611997,4.567265,3.926231,4.713494,0.641034,10,0.188854,18464.739406,8809.09675,23471.154129,0.715267,15,4.827786,5.761494,4.890149,5.974548,0.871345,12,0.40462,1107429.666344,654959.338583,1873560.941871,0.866296,17,4.728083,345.52277,336.010497,388.190236,42.667466,17,0.21098
2022-04-09,Cakes and puddings,12465.21195714286,25103.412985714287,1891471.0079142856,3.7732577142857147,7.600155,572.2479141428572,14,13,13,3,12052.166693,9446.5345,27323.8271,1.207288,13,3.427145,3.866842,3.605168,4.120057,0.261674,12,-2.420167,24195.206302,19153.708186,54549.739343,0.937248,13,3.753664,7.761808,7.357303,8.090825,0.404506,11,-2.082678,1796396.537273,1442834.604586,4056742.431329,1.405247,13,5.29251,574.910952,564.979312,581.588772,9.93164,13,-0.463209
2022-04-09,Chocolate,132547.29325714285,229294.04150000002,7016207.887685714,26.651227857142857,46.10430314285714,1410.7867522857143,4,5,6,3,58315.82945,28150.229133,132547.293257,5.841603,5,127.292134,26.648336,26.635705,26.70231,0.053974,3,0.010852,100886.00487,48669.253133,229294.0415,3.908014,5,127.280327,46.100992,46.086531,46.162786,0.061793,2,0.007181,3087731.596088,1485490.099517,7016207.887686,2.415405,10,127.228555,1410.912515,1408.565066,1411.461877,2.347449,5,-0.008914
2022-04-09,Confectionery products,3465.7606428571426,5533.310928571429,421897.18294285715,3.9960452857142856,6.3840515714285715,481.5882808571428,24,22,24,3,2639.015552,1230.34235,3506.494586,0.264355,26,31.327784,3.375115,3.076151,3.996045,0.620931,13,18.397316,4173.185967,1949.08865,5594.6689,0.161656,24,32.592005,5.335199,4.888743,6.384052,1.048852,14,19.659101,365423.519615,182796.127083,451633.892,0.285856,24,15.454304,467.73042,451.206086,488.80262,21.0722,14,2.962788
2022-04-09,Dairy alternative,3081.7675285714286,2206.0422,88830.73228571429,0.9802182857142857,0.7016762857142858,28.254397428571426,26,27,29,3,2660.652938,1800.759517,3323.2613,0.266522,25,15.82749,0.980224,0.980018,0.980467,0.000243,24,-0.000595,1904.762021,1287.6059,2379.9254,0.073785,27,15.817208,0.701721,0.700136,0.703588,0.001867,27,-0.006329,76719.871596,51670.4985,95957.073143,0.060015,29,15.78582,28.261161,28.02064,28.544487,0.283326,29,-0.023932
2022-04-09,Dairy products and eggs,253091.4043,775557.0772714287,52871502.976,4.75591,14.580174999999999,993.7256131428572,2,2,1,3,232477.799758,181843.006267,351065.404543,23.287725,1,8.866913,4.695567,4.563031,5.229134,0.533567,8,1.285109,710535.102733,556267.420133,1103935.183871,27.523948,2,9.151128,14.350037,13.874504,16.437715,2.087678,7,1.603746,48504478.375397,37951671.559517,74580377.351429,37.943045,1,9.003343,979.638118,947.127741,1110.38497,130.746852,8,1.438031
2022-04-09,Dried fruit and nuts,1254.3642428571427,7337.0414,1975504.7629857142,1.8764924285714284,10.975575142857142,2955.1570309999997,28,20,12,3,1354.723428,1038.388929,3492.095486,0.135705,28,-7.408094,1.889388,1.871719,1.912103,0.022716,18,-0.682523,7856.897445,6027.1344,20353.999714,0.304352,20,-6.616556,10.957706,10.926228,10.982189,0.031477,9,0.163076,2111373.829218,1619963.4337,5475933.913743,1.65164,12,-6.435102,2944.647013,2926.133188,2959.04748,18.513825,2,0.356919
2022-04-09,Edible oils and plant-based spreads,14758.888357142858,41828.94241428572,2644148.8303428576,4.557261428571429,12.923093714285715,816.8012231428572,12,9,11,3,11516.024682,7616.68445,19449.161571,1.153581,14,28.159576,4.571062,4.524855,4.614628,0.046207,9,-0.301917,32326.766906,21393.85755,58323.040243,1.25224,9,29.394141,12.826853,12.319996,13.748304,0.921451,8,0.750306,2159306.817661,1382403.26375,3664321.3365,1.689136,11,22.453595,859.015758,796.975647,904.810217,62.040111,9,-4.914291
2022-04-09,Fish and fish products,47359.06807142857,26943.891,12202646.531428572,14.293517,8.129381285714286,3682.1798365714285,6,12,4,3,44048.218618,32840.772867,56109.634029,4.41239,6,7.516421,14.279638,14.164105,14.795633,0.515995,5,0.097192,25097.448283,17677.2765,30066.8442,0.972198,12,7.357093,8.135042,7.924591,8.182162,0.210451,10,-0.069583,11359882.239798,8182560.301667,13942633.360857,8.886365,4,7.418777,3682.364329,3675.505187,3683.900114,6.859142,1,-0.00501
2022-04-09,"Fresh, chilled or frozen fruit",17398.111257142857,28952.57534285714,3749225.949714286,0.8804435714285714,1.465174,189.64061028571427,10,11,9,3,15789.317297,10891.896033,19602.676833,1.581645,10,10.189129,0.869141,0.801294,0.91134,0.067847,26,1.300412,26149.090577,18436.855767,31249.10995,1.012935,11,10.721156,1.440723,1.375786,1.496551,0.064936,24,1.697161,3309952.701717,2308666.66155,4022982.239033,2.589239,9,13.271285,182.199418,171.490344,193.700603,11.501184,24,4.084092
2022-04-09,Fruit and vegetable juices,4250.283714285714,6928.776814285715,1036032.476,0.5475175714285714,0.8910588571428572,133.47074614285714,21,21,19,3,3956.552029,3322.8124,6014.348971,0.396335,21,7.423931,0.549655,0.523444,0.565905,0.026211,27,-0.38893,6420.381727,5507.827633,10098.037914,0.248706,21,7.918456,0.890925,0.874856,0.907908,0.016983,26,0.015017,957660.438973,802306.9711,1466231.447171,0.749138,19,8.183698,133.064152,127.725177,136.908499,5.338975,25,0.305563
2022-04-09,"Leafy and stem vegetables, including cabbages",3118.3448,3225.8795571428573,664020.9868285714,0.5277218571428571,0.5467031428571428,112.24353157142858,25,26,23,3,2757.371029,2291.510433,5559.985586,0.276211,24,13.09123,0.52777,0.516959,0.544295,0.016525,28,-0.009123,2803.538455,2332.706917,5906.793629,0.1086,26,15.064573,0.535526,0.508317,0.556186,0.027209,29,2.087103,582885.201471,490911.0199,1223458.897614,0.455967,23,13.919685,111.33321,109.938657,113.745759,2.412549,26,0.817655
2022-04-09,Meat alternative,2793.9803714285713,3761.5117285714286,182517.85322857142,3.2541221428571427,4.363267857142857,211.1288782857143,27,25,27,3,2334.920785,1507.460183,3546.6332,0.233893,27,19.660606,3.203856,3.15683,3.258684,0.054828,14,1.568924,2935.016621,1767.951217,4661.065671,0.113694,25,28.15981,4.007139,3.664715,4.363268,0.356129,17,8.887361,134877.095393,76279.345517,224216.564714,0.105509,27,35.321607,183.238195,156.950947,211.128878,27.890684,23,15.220999
2022-04-09,Other Meat,170958.18145714284,375587.1109285714,14385563.723728571,14.337093142857142,31.415330857142855,1205.6180534285716,3,3,2,3,155605.134295,120499.749017,240673.170914,15.58725,3,9.866671,14.54359,13.440539,15.963764,1.420174,4,-1.419847,346493.577259,242973.5198,463373.103614,13.422097,3,8.396558,32.476188,26.094584,40.120317,7.644129,4,-3.26657,12871723.378448,10935977.428233,23519542.951257,10.069016,2,11.760976,1196.865944,1171.617404,1306.265527,109.399583,7,0.731252
2022-04-09,Other vegetables,23226.98727142857,52266.862328571435,4447621.285357143,1.3320765714285714,3.008831285714286,255.23996571428572,9,7,8,3,21710.047346,15914.283133,28532.786986,2.174735,9,6.987271,1.356362,1.328676,1.385649,0.029287,22,-1.790481,48418.258862,34800.809067,62979.575171,1.875575,7,7.948661,3.024343,2.70005,3.328264,0.324293,20,-0.512892,4158886.236624,3003937.482633,5335174.981029,3.253324,6,6.942605,259.81835,251.354083,267.523771,8.464267,21,-1.762148
2022-04-09,Pasta products,4022.0250857142855,8691.826842857143,1490488.3505714287,1.770233,3.824866,655.9147991428571,22,19,15,3,3786.170854,2469.686283,4294.3287,0.379268,22,6.22936,1.768948,1.755839,1.788505,0.019556,20,0.072627,8190.71269,5343.18925,9354.024514,0.317283,19,6.118078,3.82556,3.819282,3.831063,0.006278,18,-0.01814,1402184.256253,917760.774833,1595015.077443,1.096871,14,6.29761,655.192799,650.769265,663.292973,8.100175,11,0.110197
2022-04-09,Pastry (savoury),13261.224571428571,32498.77638571429,1020724.6531,8.613409857142857,21.158684714285716,660.4521595714286,13,10,20,3,12126.324274,10321.05505,19579.955629,1.214716,12,9.35898,8.741523,6.799252,9.710859,1.942272,7,-1.465575,29965.389169,23568.996617,40972.183471,1.160767,10,8.454378,21.659973,14.495135,25.177449,7.164837,6,-2.314351,922921.302795,826556.673571,1901873.346986,0.721963,20,10.59715,662.523247,612.539212,710.974256,49.984035,10,-0.312606
2022-04-09,"Potatoes, root crops, non-starchy bulbs and mushrooms",11470.640357142856,17225.992257142858,1222767.0625714285,0.4622254285714286,0.6948679999999999,49.354038714285714,15,16,17,3,9479.581166,7237.189171,19570.309457,0.949587,16,21.003662,0.46348,0.458367,0.464637,0.005112,29,-0.270625,14246.901157,10888.947086,28934.506829,0.551881,16,20.91045,0.697227,0.679129,0.705335,0.018099,28,-0.338409,1017563.41704,774128.405286,2033935.952857,0.795998,18,20.166178,49.794536,47.743595,50.189854,2.050941,28,-0.88463
2022-04-09,Preserved fruit and fruit based products,894.3726857142857,1329.066342857143,191343.1177,0.8714602857142858,1.294442,186.3799477142857,29,30,26,3,792.376834,427.837867,909.3098,0.079374,29,12.87214,0.873013,0.862756,0.878507,0.010257,25,-0.177904,1172.190112,623.814667,1352.714314,0.045407,30,13.383173,1.290893,1.277285,1.314326,0.023434,25,0.274927,168954.540101,90254.870717,194439.635686,0.132166,25,13.251244,186.086047,184.937372,188.026297,1.940251,22,0.157938
2022-04-09,Ready meals,70881.35835714286,238512.1799857143,8365179.573471429,10.878062,36.53574257142857,1282.7157397142857,5,4,5,3,69234.105759,59992.4463,88710.792357,6.935307,4,2.37925,11.115542,10.328625,11.579405,0.786918,6,-2.136472,227633.511184,196833.1531,286054.254,8.817823,4,4.779028,36.533255,33.59909,38.377942,2.934165,3,0.00681,8015120.061351,6754268.6726,9946543.391871,6.269897,5,4.367489,1287.886634,1233.17431,1329.759094,54.712323,6,-0.401502
2022-04-09,Rice,7161.520828571428,4528.762514285714,3610773.646514286,4.4112152857142855,2.7897334285714286,2224.034759714286,18,24,10,3,6693.004805,4764.563817,7877.731471,0.670451,18,7.000085,4.413957,4.395409,4.435112,0.021155,11,-0.062117,4231.196538,3004.00565,4992.0532,0.163904,23,7.032667,2.790459,2.785549,2.796059,0.0056,21,-0.02601,3374950.652558,2405027.938333,3968670.926971,2.640084,8,6.98745,2225.728891,2214.268126,2238.80079,13.071899,3,-0.076116
2022-04-09,"Salt, spices, culinary herbs and other food products",652.4390571428572,1707.9322285714284,196809.1188142857,1.1952774285714285,3.135919714285714,353.2438318571429,30,28,25,3,516.810652,379.375457,1145.614886,0.05177,30,26.243346,1.074819,0.809817,1.221574,0.265002,23,11.207326,1349.002485,884.187243,3982.261571,0.052256,29,26.607048,2.758251,1.860042,4.102337,1.344086,22,13.692346,163697.872327,91196.791014,737993.111686,0.128054,26,20.227048,323.367205,227.575549,684.446814,361.079609,19,9.239226
2022-04-09,"Sauces, condiments",10618.590785714287,22019.889142857144,1482229.2506000001,2.287372571428571,4.7380508571428575,319.5886152857143,16,14,16,3,9741.672716,6612.831643,16390.927014,0.975841,15,9.00172,2.272242,2.219467,2.334464,0.062222,16,0.665898,19720.604072,13509.463229,32628.764671,0.763916,14,11.659303,4.633239,4.137111,5.845381,1.212142,15,2.262173,1352646.415272,951675.764257,2346649.088014,1.058119,16,9.579949,315.774797,298.01131,338.335853,22.561056,20,1.207765
2022-04-09,Savoury snacks,3790.261,11938.489957142856,701848.8825000001,1.7634154285714285,5.558959285714286,327.5616464285714,23,18,22,3,3508.406924,2934.376717,6976.290086,0.351444,23,8.033677,1.778011,1.72737,1.930614,0.152603,19,-0.820888,11150.688654,9137.195133,21948.036743,0.431943,17,7.065046,5.653864,5.480259,6.146643,0.492779,13,-1.678587,678020.444067,547013.339467,1387744.531357,0.530387,22,3.514413,343.50234,316.547979,437.715846,94.213506,18,-4.640636
2022-04-09,"Soft drinks (inc. fizzy and ready to drink fruit drinks), mineral or spring water",6102.827542857142,1605.1099857142856,72664.85958571428,0.2098072857142857,0.05493328571428572,2.5218718571428576,19,29,30,3,5649.728345,4618.665886,10412.868729,0.565944,19,8.01984,0.21015,0.205601,0.225306,0.015156,30,-0.162894,1483.983748,1169.996771,3335.102614,0.057485,28,8.162235,0.055049,0.049885,0.071721,0.016672,30,-0.210089,65043.039427,52897.311257,116022.955314,0.05088,30,11.718118,2.439413,2.236549,2.64423,0.204817,30,3.380287
2022-04-09,"Sugar, sugar products, jams and marmalades",5673.912271428571,4774.711528571429,979979.1289714286,2.1499537142857146,1.809433857142857,371.3501635714286,20,23,21,3,5300.058234,3688.53565,8378.2543,0.530917,20,7.053772,2.154882,2.107335,2.194137,0.047547,17,-0.2287,4454.640753,3104.651483,7005.104414,0.172559,22,7.185109,1.811221,1.793978,1.825456,0.017243,23,-0.098669,914944.404727,637128.790567,1443213.123371,0.715723,21,7.108052,372.001013,365.721601,377.185269,6.279412,16,-0.174959
2022-04-09,"Tea, coffee, cocoa and powdered chocolate",39838.833185714284,42442.63452857143,95102.67537142857,26.541766285714285,28.265963,63.611687714285715,7,8,28,3,39709.720555,28327.34405,54265.222929,3.977795,7,0.325141,26.740506,26.019858,27.627357,0.88685,2,-0.743217,42263.378573,30278.014383,59652.770557,1.637153,8,0.42414,28.425734,27.112628,30.299542,1.873808,5,-0.562064,99012.963197,64382.544514,171887.487971,0.077454,28,-3.949269,66.404043,50.741391,87.517516,21.113474,27,-4.205098
2022-04-16,"Baker's yeast, dessert preparations, soups",7215.569171428571,10627.525671428573,1280689.4351000001,2.7373015714285716,3.9343971428571427,482.3991047142857,17,17,15,3,7985.690448,5158.9966,11109.725871,0.799941,17,-9.643766,2.638836,2.399434,3.01519,0.376354,15,3.731414,10133.984543,7743.733817,12772.186,0.392559,18,4.870159,3.457694,2.339541,5.233981,1.776287,19,13.786721,1385906.736596,932849.351929,1911053.4077,1.084137,15,-7.591947,459.239816,405.329624,545.753175,86.513359,15,5.042962
2022-04-16,Beef and Lamb,206038.60927142858,794069.7264285714,3610332.9078571433,89.50359528571428,333.47863528571423,1509.763294857143,2,1,7,3,207224.686107,139791.837786,342066.711086,20.758075,2,-0.572363,90.78412,81.878412,93.473207,8.905708,1,-1.410516,762451.264726,511727.556257,1210221.180571,29.535021,1,4.146949,332.544384,330.582466,339.041855,6.497471,1,0.28094,3446260.019342,2311457.704143,5441731.711429,2.695867,7,4.760897,1502.220715,1486.381377,1554.67736,52.456645,4,0.502095
2022-04-16,Breads and cereals,33125.90045714286,80398.87627142857,11709142.919685716,1.715586857142857,4.171862,611.6350451428572,8,6,3,3,34676.828332,27259.42595,44667.298843,3.473641,8,-4.472519,1.729168,1.706626,1.753884,0.024716,21,-0.785393,84408.522919,67389.80845,110732.959757,3.269727,6,-4.750286,4.207487,4.155123,4.294658,0.087171,16,-0.846714,12243011.855362,9951514.284967,16090617.298671,9.577201,3,-4.360601,610.467519,604.357677,626.34124,15.87372,12,0.191251
2022-04-16,"Buns, crispbread and biscuits",12788.423657142857,16131.928014285715,972508.7414428572,4.549924428571429,5.756109,351.2144914285714,11,15,17,3,14641.766396,7038.073033,18824.045329,1.466692,11,-12.657918,4.567265,3.926231,4.713494,0.641034,10,-0.379679,18464.739406,8809.09675,23471.154129,0.715267,15,-12.633871,5.761494,4.890149,5.974548,0.871345,12,-0.093458,1107429.666344,654959.338583,1873560.941871,0.866296,17,-12.18325,345.52277,336.010497,388.190236,42.667466,17,1.647278
2022-04-16,Cakes and puddings,9935.980271428572,20051.58391428571,1513783.9710142857,3.777674857142857,7.649233142857143,576.737643,14,13,13,3,12052.166693,9446.5345,27323.8271,1.207288,13,-17.558556,3.866842,3.605168,4.120057,0.261674,12,-2.305936,24195.206302,19153.708186,54549.739343,0.937248,13,-17.125799,7.761808,7.357303,8.090825,0.404506,11,-1.450375,1796396.537273,1442834.604586,4056742.431329,1.405247,13,-15.732193,574.910952,564.979312,581.588772,9.93164,13,0.317735
2022-04-16,Chocolate,49821.75325714285,86174.69415714286,2635245.2241,26.662809714285714,46.117563857142855,1410.2829882857145,5,5,10,3,58315.82945,28150.229133,132547.293257,5.841603,5,-14.565644,26.648336,26.635705,26.70231,0.053974,3,0.054314,100886.00487,48669.253133,229294.0415,3.908014,5,-14.582112,46.100992,46.086531,46.162786,0.061793,2,0.035946,3087731.596088,1485490.099517,7016207.887686,2.415405,10,-14.65433,1410.912515,1408.565066,1411.461877,2.347449,5,-0.044618
2022-04-16,Confectionery products,2441.8973571428573,3845.7822,323934.82654285716,3.4595111428571426,5.462675,464.560785,26,23,24,3,2639.015552,1230.34235,3506.494586,0.264355,26,-7.469384,3.375115,3.076151,3.996045,0.620931,13,2.500548,4173.185967,1949.08865,5594.6689,0.161656,24,-7.845415,5.335199,4.888743,6.384052,1.048852,14,2.389333,365423.519615,182796.127083,451633.892,0.285856,24,-11.353591,467.73042,451.206086,488.80262,21.0722,14,-0.677663
2022-04-16,Dairy alternative,2603.926071428571,1862.5683000000001,74825.75628571429,0.9801198571428572,0.7009185714285715,28.139429142857143,24,27,29,3,2660.652938,1800.759517,3323.2613,0.266522,25,-2.132066,0.980224,0.980018,0.980467,0.000243,24,-0.010636,1904.762021,1287.6059,2379.9254,0.073785,27,-2.21517,0.701721,0.700136,0.703588,0.001867,27,-0.114308,76719.871596,51670.4985,95957.073143,0.060015,29,-2.468872,28.261161,28.02064,28.544487,0.283326,29,-0.430739
2022-04-16,Dairy products and eggs,221521.35258571428,677015.4510285715,46213104.85701428,4.649593,14.160825285714285,968.3050894285715,1,2,1,3,232477.799758,181843.006267,351065.404543,23.287725,1,-4.7129,4.695567,4.563031,5.229134,0.533567,8,-0.97909,710535.102733,556267.420133,1103935.183871,27.523948,2,-4.717522,14.350037,13.874504,16.437715,2.087678,7,-1.318544,48504478.375397,37951671.559517,74580377.351429,37.943045,1,-4.724045,979.638118,947.127741,1110.38497,130.746852,8,-1.156859
2022-04-16,Dried fruit and nuts,1077.0696857142857,6287.935328571429,1692294.6832142859,1.872446857142857,10.981179999999998,2958.4537244285716,28,20,12,3,1354.723428,1038.388929,3492.095486,0.135705,28,-20.495234,1.889388,1.871719,1.912103,0.022716,18,-0.896643,7856.897445,6027.1344,20353.999714,0.304352,20,-19.969232,10.957706,10.926228,10.982189,0.031477,9,0.214226,2111373.829218,1619963.4337,5475933.913743,1.65164,12,-19.848647,2944.647013,2926.133188,2959.04748,18.513825,2,0.468875
2022-04-16,Edible oils and plant-based spreads,11368.100342857144,32397.756442857142,2106562.776485714,4.552441857142857,13.10913042857143,854.4733821428571,13,9,11,3,11516.024682,7616.68445,19449.161571,1.153581,14,-1.284509,4.571062,4.524855,4.614628,0.046207,9,-0.407354,32326.766906,21393.85755,58323.040243,1.25224,9,0.2196,12.826853,12.319996,13.748304,0.921451,8,2.200676,2159306.817661,1382403.26375,3664321.3365,1.689136,11,-2.442638,859.015758,796.975647,904.810217,62.040111,9,-0.528788
2022-04-16,Fish and fish products,41585.585257142855,23633.82737142857,10708000.499142857,14.397707142857143,8.086887285714285,3680.794841571428,6,12,4,3,44048.218618,32840.772867,56109.634029,4.41239,6,-5.590767,14.279638,14.164105,14.795633,0.515995,5,0.826834,25097.448283,17677.2765,30066.8442,0.972198,12,-5.831752,8.135042,7.924591,8.182162,0.210451,10,-0.59194,11359882.239798,8182560.301667,13942633.360857,8.886365,4,-5.738455,3682.364329,3675.505187,3683.900114,6.859142,1,-0.042622
2022-04-16,"Fresh, chilled or frozen fruit",15852.45562857143,26463.47798571429,3407906.6551142856,0.8939711428571429,1.4965505714285714,193.7006027142857,10,11,8,3,15789.317297,10891.896033,19602.676833,1.581645,10,0.39988,0.869141,0.801294,0.91134,0.067847,26,2.856842,26149.090577,18436.855767,31249.10995,1.012935,11,1.202288,1.440723,1.375786,1.496551,0.064936,24,3.874997,3309952.701717,2308666.66155,4022982.239033,2.589239,9,2.959376,182.199418,171.490344,193.700603,11.501184,24,6.312415
2022-04-16,Fruit and vegetable juices,3749.9356000000002,6133.0223857142855,914193.9542571428,0.5434035714285714,0.8851734285714284,131.93301057142858,21,21,19,3,3956.552029,3322.8124,6014.348971,0.396335,21,-5.222134,0.549655,0.523444,0.565905,0.026211,27,-1.137399,6420.381727,5507.827633,10098.037914,0.248706,21,-4.475736,0.890925,0.874856,0.907908,0.016983,26,-0.64558,957660.438973,802306.9711,1466231.447171,0.749138,19,-4.53882,133.064152,127.725177,136.908499,5.338975,25,-0.850072
2022-04-16,"Leafy and stem vegetables, including cabbages",2573.8312571428573,2659.576957142857,543368.2438857143,0.5295541428571429,0.5414797142857143,111.65946928571428,25,26,23,3,2757.371029,2291.510433,5559.985586,0.276211,24,-6.656332,0.52777,0.516959,0.544295,0.016525,28,0.338052,2803.538455,2332.706917,5906.793629,0.1086,26,-5.134993,0.535526,0.508317,0.556186,0.027209,29,1.111721,582885.201471,490911.0199,1223458.897614,0.455967,23,-6.779544,111.33321,109.938657,113.745759,2.412549,26,0.293047
2022-04-16,Meat alternative,2418.5284428571426,3251.7708,157433.07822857142,3.2529465714285712,4.346305714285714,210.04127,27,25,27,3,2334.920785,1507.460183,3546.6332,0.233893,27,3.580749,3.203856,3.15683,3.258684,0.054828,14,1.532232,2935.016621,1767.951217,4661.065671,0.113694,25,10.792245,4.007139,3.664715,4.363268,0.356129,17,8.464063,134877.095393,76279.345517,224216.564714,0.105509,27,16.72336,183.238195,156.950947,211.128878,27.890684,23,14.62745
2022-04-16,Other Meat,152657.64955714284,353773.43940000003,12283371.645285713,15.120675,35.72989885714286,1201.6851275714287,3,3,2,3,155605.134295,120499.749017,240673.170914,15.58725,3,-1.894208,14.54359,13.440539,15.963764,1.420174,4,3.967969,346493.577259,242973.5198,463373.103614,13.422097,3,2.101009,32.476188,26.094584,40.120317,7.644129,4,10.018757,12871723.378448,10935977.428233,23519542.951257,10.069016,2,-4.570885,1196.865944,1171.617404,1306.265527,109.399583,7,0.40265
2022-04-16,Other vegetables,21054.56427142857,45303.930042857144,4008793.612071429,1.3286758571428572,2.794754714285714,251.35408285714286,9,7,6,3,21710.047346,15914.283133,28532.786986,2.174735,9,-3.019261,1.356362,1.328676,1.385649,0.029287,22,-2.041204,48418.258862,34800.809067,62979.575171,1.875575,7,-6.432137,3.024343,2.70005,3.328264,0.324293,20,-7.591341,4158886.236624,3003937.482633,5335174.981029,3.253324,6,-3.608962,259.81835,251.354083,267.523771,8.464267,21,-3.257764
2022-04-16,Pasta products,3521.8019,7658.631842857142,1310015.6074285714,1.757278142857143,3.8301111428571426,654.1856878571429,22,19,14,3,3786.170854,2469.686283,4294.3287,0.379268,22,-6.982489,1.768948,1.755839,1.788505,0.019556,20,-0.659721,8190.71269,5343.18925,9354.024514,0.317283,19,-6.496148,3.82556,3.819282,3.831063,0.006278,18,0.118968,1402184.256253,917760.774833,1595015.077443,1.096871,14,-6.573219,655.192799,650.769265,663.292973,8.100175,11,-0.153712
2022-04-16,Pastry (savoury),11463.413314285715,28356.143728571427,872845.7435142857,8.737509428571428,21.382509142857145,682.74049,12,10,20,3,12126.324274,10321.05505,19579.955629,1.214716,12,-5.46671,8.741523,6.799252,9.710859,1.942272,7,-0.045918,29965.389169,23568.996617,40972.183471,1.160767,10,-5.370347,21.659973,14.495135,25.177449,7.164837,6,-1.280996,922921.302795,826556.673571,1901873.346986,0.721963,20,-5.425767,662.523247,612.539212,710.974256,49.984035,10,3.051552
2022-04-16,"Potatoes, root crops, non-starchy bulbs and mushrooms",9032.663585714286,13646.529485714285,970506.462142857,0.46315885714285715,0.6988377142857143,50.128804714285714,16,16,18,3,9479.581166,7237.189171,19570.309457,0.949587,16,-4.714529,0.46348,0.458367,0.464637,0.005112,29,-0.069229,14246.901157,10888.947086,28934.506829,0.551881,16,-4.214051,0.697227,0.679129,0.705335,0.018099,28,0.230948,1017563.41704,774128.405286,2033935.952857,0.795998,18,-4.624474,49.794536,47.743595,50.189854,2.050941,28,0.671295
2022-04-16,Preserved fruit and fruit based products,821.631,1219.8227714285715,175656.9258857143,0.8703254285714286,1.2970041428571428,186.59142828571427,29,30,25,3,792.376834,427.837867,909.3098,0.079374,29,3.691951,0.873013,0.862756,0.878507,0.010257,25,-0.307897,1172.190112,623.814667,1352.714314,0.045407,30,4.063561,1.290893,1.277285,1.314326,0.023434,25,0.473406,168954.540101,90254.870717,194439.635686,0.132166,25,3.966976,186.086047,184.937372,188.026297,1.940251,22,0.271585
2022-04-16,Ready meals,63396.58721428572,211260.75088571428,7581336.884628572,10.679986142857144,35.34825942857143,1311.5971869999998,4,4,5,3,69234.105759,59992.4463,88710.792357,6.935307,4,-8.431565,11.115542,10.328625,11.579405,0.786918,6,-3.918444,227633.511184,196833.1531,286054.254,8.817823,4,-7.192597,36.533255,33.59909,38.377942,2.934165,3,-3.243607,8015120.061351,6754268.6726,9946543.391871,6.269897,5,-5.412061,1287.886634,1233.17431,1329.759094,54.712323,6,1.841044
2022-04-16,Rice,6351.251042857142,4018.683242857143,3201527.1204999997,4.396216,2.785762857142857,2214.766271285714,18,22,9,3,6693.004805,4764.563817,7877.731471,0.670451,18,-5.106134,4.413957,4.395409,4.435112,0.021155,11,-0.401932,4231.196538,3004.00565,4992.0532,0.163904,23,-5.022534,2.790459,2.785549,2.796059,0.0056,21,-0.1683,3374950.652558,2405027.938333,3968670.926971,2.640084,8,-5.13855,2225.728891,2214.268126,2238.80079,13.071899,3,-0.492541
2022-04-16,"Salt, spices, culinary herbs and other food products",535.5338714285715,1416.9131142857143,169083.26441428572,1.127165142857143,2.8947681428571426,340.2657214285714,30,29,26,3,516.810652,379.375457,1145.614886,0.05177,30,3.622839,1.074819,0.809817,1.221574,0.265002,23,4.870232,1349.002485,884.187243,3982.261571,0.052256,29,5.034137,2.758251,1.860042,4.102337,1.344086,22,4.949429,163697.872327,91196.791014,737993.111686,0.128054,26,3.289836,323.367205,227.575549,684.446814,361.079609,19,5.225798
2022-04-16,"Sauces, condiments",9231.633342857143,19154.646714285715,1271541.1966142857,2.257321142857143,4.830473285714286,313.45101657142857,15,14,16,3,9741.672716,6612.831643,16390.927014,0.975841,15,-5.235645,2.272242,2.219467,2.334464,0.062222,16,-0.656648,19720.604072,13509.463229,32628.764671,0.763916,14,-2.869878,4.633239,4.137111,5.845381,1.212142,15,4.256942,1352646.415272,951675.764257,2346649.088014,1.058119,16,-5.99604,315.774797,298.01131,338.335853,22.561056,20,-0.735898
2022-04-16,Savoury snacks,3222.4716428571433,10228.748642857143,611509.5314714286,1.7426434285714285,5.492519571428572,325.1180287142857,23,18,22,3,3508.406924,2934.376717,6976.290086,0.351444,23,-8.150003,1.778011,1.72737,1.930614,0.152603,19,-1.98916,11150.688654,9137.195133,21948.036743,0.431943,17,-8.26801,5.653864,5.480259,6.146643,0.492779,13,-2.853708,678020.444067,547013.339467,1387744.531357,0.530387,22,-9.809573,343.50234,316.547979,437.715846,94.213506,18,-5.352019
2022-04-16,"Soft drinks (inc. fizzy and ready to drink fruit drinks), mineral or spring water",5508.991142857143,1423.2865285714286,64049.982057142865,0.2102602857142857,0.055316,2.3872052857142854,19,28,30,3,5649.728345,4618.665886,10412.868729,0.565944,19,-2.491044,0.21015,0.205601,0.225306,0.015156,30,0.052667,1483.983748,1169.996771,3335.102614,0.057485,28,-4.090154,0.055049,0.049885,0.071721,0.016672,30,0.485136,65043.039427,52897.311257,116022.955314,0.05088,30,-1.52677,2.439413,2.236549,2.64423,0.204817,30,-2.140164
2022-04-16,"Sugar, sugar products, jams and marmalades",4539.255042857143,3836.1589285714285,785387.2381285714,2.1611444285714283,1.813491857142857,372.82808757142857,20,24,21,3,5300.058234,3688.53565,8378.2543,0.530917,20,-14.354619,2.154882,2.107335,2.194137,0.047547,17,0.29062,4454.640753,3104.651483,7005.104414,0.172559,22,-13.883989,1.811221,1.793978,1.825456,0.017243,23,0.125379,914944.404727,637128.790567,1443213.123371,0.715723,21,-14.160114,372.001013,365.721601,377.185269,6.279412,16,0.222331
2022-04-16,"Tea, coffee, cocoa and powdered chocolate",35680.54068571429,37733.3079,80437.22665714286,26.57836657142857,28.069661571428572,62.33564128571429,7,8,28,3,39709.720555,28327.34405,54265.222929,3.977795,7,-10.146583,26.740506,26.019858,27.627357,0.88685,2,-0.606345,42263.378573,30278.014383,59652.770557,1.637153,8,-10.718667,28.425734,27.112628,30.299542,1.873808,5,-1.25264,99012.963197,64382.544514,171887.487971,0.077454,28,-18.760914,66.404043,50.741391,87.517516,21.113474,27,-6.126737
2022-04-23,"Baker's yeast, dessert preparations, soups",7971.627457142858,10932.226257142856,1400332.3138285712,2.6702844285714287,3.6310248571428576,468.7018401428572,17,18,16,3,7985.690448,5158.9966,11109.725871,0.799941,17,-0.176102,2.638836,2.399434,3.01519,0.376354,15,1.191766,10133.984543,7743.733817,12772.186,0.392559,18,7.876879,3.457694,2.339541,5.233981,1.776287,19,5.012889,1385906.736596,932849.351929,1911053.4077,1.084137,15,1.040876,459.239816,405.329624,545.753175,86.513359,15,2.060367
2022-04-23,Beef and Lamb,194042.00455714282,709477.8767714286,3204193.392428572,90.96709628571429,332.410887,1501.1429402857143,2,2,10,3,207224.686107,139791.837786,342066.711086,20.758075,2,-6.36154,90.78412,81.878412,93.473207,8.905708,1,0.201552,762451.264726,511727.556257,1210221.180571,29.535021,1,-6.947774,332.544384,330.582466,339.041855,6.497471,1,-0.040144,3446260.019342,2311457.704143,5441731.711429,2.695867,7,-7.024038,1502.220715,1486.381377,1554.67736,52.456645,4,-0.071745
2022-04-23,Breads and cereals,36362.64161428571,88273.11308571429,12764677.7881,1.732918,4.204723857142858,607.5674667142857,8,5,3,3,34676.828332,27259.42595,44667.298843,3.473641,8,4.861498,1.729168,1.706626,1.753884,0.024716,21,0.21689,84408.522919,67389.80845,110732.959757,3.269727,6,4.578436,4.207487,4.155123,4.294658,0.087171,16,-0.065682,12243011.855362,9951514.284967,16090617.298671,9.577201,3,4.260928,610.467519,604.357677,626.34124,15.87372,12,-0.475054
2022-04-23,"Buns, crispbread and biscuits",15056.733228571427,18998.120642857142,1131088.5688142856,4.581367428571428,5.782776,345.07865814285714,12,15,17,3,14641.766396,7038.073033,18824.045329,1.466692,11,2.834131,4.567265,3.926231,4.713494,0.641034,10,0.308764,18464.739406,8809.09675,23471.154129,0.715267,15,2.888648,5.761494,4.890149,5.974548,0.871345,12,0.369391,1107429.666344,654959.338583,1873560.941871,0.866296,17,2.13638,345.52277,336.010497,388.190236,42.667466,17,-0.128533
2022-04-23,Cakes and puddings,11343.966042857142,22791.837157142854,1693274.8321,3.8351602857142857,7.715240142857143,574.7442421428572,14,13,13,3,12052.166693,9446.5345,27323.8271,1.207288,13,-5.876127,3.866842,3.605168,4.120057,0.261674,12,-0.819311,24195.206302,19153.708186,54549.739343,0.937248,13,-5.800195,7.761808,7.357303,8.090825,0.404506,11,-0.599968,1796396.537273,1442834.604586,4056742.431329,1.405247,13,-5.740476,574.910952,564.979312,581.588772,9.93164,13,-0.028998
2022-04-23,Chocolate,42588.513571428564,73673.09808571429,2254211.585757143,26.653586714285716,46.107004,1410.6841499999998,7,6,11,3,58315.82945,28150.229133,132547.293257,5.841603,5,-26.969205,26.648336,26.635705,26.70231,0.053974,3,0.019704,100886.00487,48669.253133,229294.0415,3.908014,5,-26.973917,46.100992,46.086531,46.162786,0.061793,2,0.01304,3087731.596088,1485490.099517,7016207.887686,2.415405,10,-26.994575,1410.912515,1408.565066,1411.461877,2.347449,5,-0.016186
2022-04-23,Confectionery products,2827.8574857142858,4441.288828571428,382819.9037714285,3.3979757142857143,5.333684142857143,456.6868735714285,25,23,24,3,2639.015552,1230.34235,3506.494586,0.264355,26,7.155772,3.375115,3.076151,3.996045,0.620931,13,0.677338,4173.185967,1949.08865,5594.6689,0.161656,24,6.424417,5.335199,4.888743,6.384052,1.048852,14,-0.0284,365423.519615,182796.127083,451633.892,0.285856,24,4.760609,467.73042,451.206086,488.80262,21.0722,14,-2.361092
2022-04-23,Dairy alternative,2854.4577285714286,2043.2926000000002,82273.24471428571,0.9802132857142858,0.7016374285714286,28.248540714285713,24,27,29,3,2660.652938,1800.759517,3323.2613,0.266522,25,7.284106,0.980224,0.980018,0.980467,0.000243,24,-0.001105,1904.762021,1287.6059,2379.9254,0.073785,27,7.272855,0.701721,0.700136,0.703588,0.001867,27,-0.011866,76719.871596,51670.4985,95957.073143,0.060015,29,7.238507,28.261161,28.02064,28.544487,0.283326,29,-0.044656
2022-04-23,Dairy products and eggs,237500.0084,726470.6712714286,49553527.25604285,4.715589428571429,14.431378142857143,984.1354627142857,1,1,1,3,232477.799758,181843.006267,351065.404543,23.287725,1,2.160296,4.695567,4.563031,5.229134,0.533567,8,0.426415,710535.102733,556267.420133,1103935.183871,27.523948,2,2.242756,14.350037,13.874504,16.437715,2.087678,7,0.566837,48504478.375397,37951671.559517,74580377.351429,37.943045,1,2.162788,979.638118,947.127741,1110.38497,130.746852,8,0.459082
2022-04-23,Dried fruit and nuts,1255.0141571428571,7327.3108571428575,1972058.3318571427,1.8785917142857145,10.972666142857141,2953.4462245714285,28,20,12,3,1354.723428,1038.388929,3492.095486,0.135705,28,-7.36012,1.889388,1.871719,1.912103,0.022716,18,-0.571413,7856.897445,6027.1344,20353.999714,0.304352,20,-6.740403,10.957706,10.926228,10.982189,0.031477,9,0.136529,2111373.829218,1619963.4337,5475933.913743,1.65164,12,-6.598334,2944.647013,2926.133188,2959.04748,18.513825,2,0.298821
2022-04-23,Edible oils and plant-based spreads,19449.16157142857,58323.04024285714,3664321.3364999997,4.580229428571428,13.748304285714285,864.2518082857142,10,7,8,3,11516.024682,7616.68445,19449.161571,1.153581,14,68.887807,4.571062,4.524855,4.614628,0.046207,9,0.200548,32326.766906,21393.85755,58323.040243,1.25224,9,80.417177,12.826853,12.319996,13.748304,0.921451,8,7.183767,2159306.817661,1382403.26375,3664321.3365,1.689136,11,69.698966,859.015758,796.975647,904.810217,62.040111,9,0.609541
2022-04-23,Fish and fish products,45740.90141428571,26015.915142857146,11783665.515,14.290330714285714,8.130680857142858,3682.2221914285715,5,12,4,3,44048.218618,32840.772867,56109.634029,4.41239,6,3.842795,14.279638,14.164105,14.795633,0.515995,5,0.074879,25097.448283,17677.2765,30066.8442,0.972198,12,3.659603,8.135042,7.924591,8.182162,0.210451,10,-0.053608,11359882.239798,8182560.301667,13942633.360857,8.886365,4,3.730525,3682.364329,3675.505187,3683.900114,6.859142,1,-0.00386
2022-04-23,"Fresh, chilled or frozen fruit",17080.558,28594.302628571426,3676660.2352428576,0.8817130000000001,1.4765825714285714,189.75418171428572,11,11,7,3,15789.317297,10891.896033,19602.676833,1.581645,10,8.177939,0.869141,0.801294,0.91134,0.067847,26,1.446468,26149.090577,18436.855767,31249.10995,1.012935,11,9.351041,1.440723,1.375786,1.496551,0.064936,24,2.489025,3309952.701717,2308666.66155,4022982.239033,2.589239,9,11.078936,182.199418,171.490344,193.700603,11.501184,24,4.146426
2022-04-23,Fruit and vegetable juices,4037.494728571429,6553.481214285714,979898.6628571429,0.5480484285714285,0.888367,133.17968214285716,22,21,19,3,3956.552029,3322.8124,6014.348971,0.396335,21,2.045789,0.549655,0.523444,0.565905,0.026211,27,-0.29235,6420.381727,5507.827633,10098.037914,0.248706,21,2.073077,0.890925,0.874856,0.907908,0.016983,26,-0.287124,957660.438973,802306.9711,1466231.447171,0.749138,19,2.322141,133.064152,127.725177,136.908499,5.338975,25,0.086823
2022-04-23,"Leafy and stem vegetables, including cabbages",2760.144285714286,2835.429957142857,585479.6378857143,0.5294767142857143,0.5452248571428572,112.34066128571429,26,26,23,3,2757.371029,2291.510433,5559.985586,0.276211,24,0.100576,0.52777,0.516959,0.544295,0.016525,28,0.323381,2803.538455,2332.706917,5906.793629,0.1086,26,1.137545,0.535526,0.508317,0.556186,0.027209,29,1.81106,582885.201471,490911.0199,1223458.897614,0.455967,23,0.445102,111.33321,109.938657,113.745759,2.412549,26,0.904897
2022-04-23,Meat alternative,2513.650657142857,3191.2293142857147,146706.72542857143,3.2057390000000003,4.064081714285714,186.48152814285714,27,25,27,3,2334.920785,1507.460183,3546.6332,0.233893,27,7.654644,3.203856,3.15683,3.258684,0.054828,14,0.058771,2935.016621,1767.951217,4661.065671,0.113694,25,8.729514,4.007139,3.664715,4.363268,0.356129,17,1.421033,134877.095393,76279.345517,224216.564714,0.105509,27,8.770674,183.238195,156.950947,211.128878,27.890684,23,1.77001
2022-04-23,Other Meat,164174.65827142858,372208.7367571429,13392811.250285715,14.725234142857143,33.400780142857144,1198.7085318571428,3,3,2,3,155605.134295,120499.749017,240673.170914,15.58725,3,5.507224,14.54359,13.440539,15.963764,1.420174,4,1.248964,346493.577259,242973.5198,463373.103614,13.422097,3,7.42154,32.476188,26.094584,40.120317,7.644129,4,2.846984,12871723.378448,10935977.428233,23519542.951257,10.069016,2,4.048315,1196.865944,1171.617404,1306.265527,109.399583,7,0.153951
2022-04-23,Other vegetables,23677.91964285714,51466.79157142857,4518351.484757143,1.352972,2.9458145714285715,258.31519585714284,9,8,6,3,21710.047346,15914.283133,28532.786986,2.174735,9,9.064339,1.356362,1.328676,1.385649,0.029287,22,-0.249931,48418.258862,34800.809067,62979.575171,1.875575,7,6.296246,3.024343,2.70005,3.328264,0.324293,20,-2.596542,4158886.236624,3003937.482633,5335174.981029,3.253324,6,8.643306,259.81835,251.354083,267.523771,8.464267,21,-0.578541
2022-04-23,Pasta products,4151.122285714286,9053.935428571429,1548675.6090714284,1.756137142857143,3.8301917142857143,655.241627,21,19,14,3,3786.170854,2469.686283,4294.3287,0.379268,22,9.639064,1.768948,1.755839,1.788505,0.019556,20,-0.724223,8190.71269,5343.18925,9354.024514,0.317283,19,10.539043,3.82556,3.819282,3.831063,0.006278,18,0.121074,1402184.256253,917760.774833,1595015.077443,1.096871,14,10.447368,655.192799,650.769265,663.292973,8.100175,11,0.007453
2022-04-23,Pastry (savoury),12832.610071428571,32235.71197142857,947455.8579,9.017964714285714,22.66088757142857,664.5199035714286,13,10,20,3,12126.324274,10321.05505,19579.955629,1.214716,12,5.824401,8.741523,6.799252,9.710859,1.942272,7,3.162393,29965.389169,23568.996617,40972.183471,1.160767,10,7.576484,21.659973,14.495135,25.177449,7.164837,6,4.621036,922921.302795,826556.673571,1901873.346986,0.721963,20,2.658358,662.523247,612.539212,710.974256,49.984035,10,0.301372
2022-04-23,"Potatoes, root crops, non-starchy bulbs and mushrooms",9779.8986,14825.19447142857,1058643.165857143,0.4632757142857143,0.7020508571428571,50.111562142857146,16,16,18,3,9479.581166,7237.189171,19570.309457,0.949587,16,3.168045,0.46348,0.458367,0.464637,0.005112,29,-0.044016,14246.901157,10888.947086,28934.506829,0.551881,16,4.059081,0.697227,0.679129,0.705335,0.018099,28,0.691794,1017563.41704,774128.405286,2033935.952857,0.795998,18,4.03707,49.794536,47.743595,50.189854,2.050941,28,0.636668
2022-04-23,Preserved fruit and fruit based products,872.2782428571428,1289.9362857142858,185939.69867142854,0.8729445714285714,1.2921341428571427,186.2113177142857,29,30,25,3,792.376834,427.837867,909.3098,0.079374,29,10.083764,0.873013,0.862756,0.878507,0.010257,25,-0.007886,1172.190112,623.814667,1352.714314,0.045407,30,10.044972,1.290893,1.277285,1.314326,0.023434,25,0.096147,168954.540101,90254.870717,194439.635686,0.132166,25,10.053094,186.086047,184.937372,188.026297,1.940251,22,0.067319
2022-04-23,Ready meals,73166.5602857143,241489.12527142858,8476444.1496,11.098973428571428,36.66250014285714,1286.8762257142857,4,4,5,3,69234.105759,59992.4463,88710.792357,6.935307,4,5.679938,11.115542,10.328625,11.579405,0.786918,6,-0.149062,227633.511184,196833.1531,286054.254,8.817823,4,6.086808,36.533255,33.59909,38.377942,2.934165,3,0.353775,8015120.061351,6754268.6726,9946543.391871,6.269897,5,5.755673,1287.886634,1233.17431,1329.759094,54.712323,6,-0.078455
2022-04-23,Rice,7107.185657142857,4494.5067285714285,3583346.1407,4.411243571428572,2.7897408571428572,2224.052235714286,18,22,9,3,6693.004805,4764.563817,7877.731471,0.670451,18,6.188265,4.413957,4.395409,4.435112,0.021155,11,-0.061476,4231.196538,3004.00565,4992.0532,0.163904,23,6.223067,2.790459,2.785549,2.796059,0.0056,21,-0.025743,3374950.652558,2405027.938333,3968670.926971,2.640084,8,6.174771,2225.728891,2214.268126,2238.80079,13.071899,3,-0.075331
2022-04-23,"Salt, spices, culinary herbs and other food products",566.7420714285714,1446.6839285714286,158995.05481428574,1.122983,2.873164714285714,317.2940041428571,30,28,26,3,516.810652,379.375457,1145.614886,0.05177,30,9.661453,1.074819,0.809817,1.221574,0.265002,23,4.48113,1349.002485,884.187243,3982.261571,0.052256,29,7.241013,2.758251,1.860042,4.102337,1.344086,22,4.166199,163697.872327,91196.791014,737993.111686,0.128054,26,-2.872864,323.367205,227.575549,684.446814,361.079609,19,-1.878113
2022-04-23,"Sauces, condiments",10541.312071428572,21675.294542857144,1441833.7023142858,2.300414714285714,4.727068714285714,315.0379131428572,15,14,15,3,9741.672716,6612.831643,16390.927014,0.975841,15,8.20844,2.272242,2.219467,2.334464,0.062222,16,1.239874,19720.604072,13509.463229,32628.764671,0.763916,14,9.91192,4.633239,4.137111,5.845381,1.212142,15,2.025143,1352646.415272,951675.764257,2346649.088014,1.058119,16,6.59354,315.774797,298.01131,338.335853,22.561056,20,-0.233357
2022-04-23,Savoury snacks,3590.5222857142858,11379.641014285715,683351.2493571428,1.7608752857142858,5.585524142857143,335.53797071428573,23,17,22,3,3508.406924,2934.376717,6976.290086,0.351444,23,2.340531,1.778011,1.72737,1.930614,0.152603,19,-0.963752,11150.688654,9137.195133,21948.036743,0.431943,17,2.053258,5.653864,5.480259,6.146643,0.492779,13,-1.208734,678020.444067,547013.339467,1387744.531357,0.530387,22,0.786231,343.50234,316.547979,437.715846,94.213506,18,-2.318578
2022-04-23,"Soft drinks (inc. fizzy and ready to drink fruit drinks), mineral or spring water",5616.694228571429,1434.1975,66050.67148571428,0.20809114285714284,0.05297242857142857,2.4646145714285717,19,29,30,3,5649.728345,4618.665886,10412.868729,0.565944,19,-0.584703,0.21015,0.205601,0.225306,0.015156,30,-0.979523,1483.983748,1169.996771,3335.102614,0.057485,28,-3.354905,0.055049,0.049885,0.071721,0.016672,30,-3.772115,65043.039427,52897.311257,116022.955314,0.05088,30,1.549177,2.439413,2.236549,2.64423,0.204817,30,1.033112
2022-04-23,"Sugar, sugar products, jams and marmalades",5122.143871428571,4326.1393,886016.6824571429,2.1353894285714285,1.8041522857142858,369.4267192857143,20,24,21,3,5300.058234,3688.53565,8378.2543,0.530917,20,-3.356838,2.154882,2.107335,2.194137,0.047547,17,-0.904574,4454.640753,3104.651483,7005.104414,0.172559,22,-2.884665,1.811221,1.793978,1.825456,0.017243,23,-0.390272,914944.404727,637128.790567,1443213.123371,0.715723,21,-3.161692,372.001013,365.721601,377.185269,6.279412,16,-0.692013
2022-04-23,"Tea, coffee, cocoa and powdered chocolate",42595.00621428571,44671.35142857143,95497.61434285714,26.51503285714286,27.83226385714286,59.966730285714284,6,9,28,3,39709.720555,28327.34405,54265.222929,3.977795,7,7.265943,26.740506,26.019858,27.627357,0.88685,2,-0.843191,42263.378573,30278.014383,59652.770557,1.637153,8,5.69754,28.425734,27.112628,30.299542,1.873808,5,-2.087791,99012.963197,64382.544514,171887.487971,0.077454,28,-3.550393,66.404043,50.741391,87.517516,21.113474,27,-9.694157
2022-04-30,"Baker's yeast, dessert preparations, soups",7178.798814285715,9996.641514285715,1259436.9670285715,2.693381714285714,3.719166142857143,471.9075202857143,17,18,16,3,7985.690448,5158.9966,11109.725871,0.799941,17,-10.104219,2.638836,2.399434,3.01519,0.376354,15,2.067049,10133.984543,7743.733817,12772.186,0.392559,18,-1.355272,3.457694,2.339541,5.233981,1.776287,19,7.562024,1385906.736596,932849.351929,1911053.4077,1.084137,15,-9.125417,459.239816,405.329624,545.753175,86.513359,15,2.758407
2022-04-30,Beef and Lamb,181457.81524285715,661255.4284857142,2985099.672428571,91.24815214285715,332.20583285714287,1499.487458,2,2,9,3,207224.686107,139791.837786,342066.711086,20.758075,2,-12.434267,90.78412,81.878412,93.473207,8.905708,1,0.511139,762451.264726,511727.556257,1210221.180571,29.535021,1,-13.272433,332.544384,330.582466,339.041855,6.497471,1,-0.101806,3446260.019342,2311457.704143,5441731.711429,2.695867,7,-13.381473,1502.220715,1486.381377,1554.67736,52.456645,4,-0.181948
2022-04-30,Breads and cereals,34853.482899999995,84645.18844285714,12268985.272785714,1.7330387142857142,4.207037857142857,609.512623,8,5,3,3,34676.828332,27259.42595,44667.298843,3.473641,8,0.509431,1.729168,1.706626,1.753884,0.024716,21,0.223871,84408.522919,67389.80845,110732.959757,3.269727,6,0.280381,4.207487,4.155123,4.294658,0.087171,16,-0.010684,12243011.855362,9951514.284967,16090617.298671,9.577201,3,0.212149,610.467519,604.357677,626.34124,15.87372,12,-0.156421
2022-04-30,"Buns, crispbread and biscuits",14927.173614285713,18826.45304285714,1112175.0760428573,4.599991285714286,5.80285,343.08778328571424,11,15,17,3,14641.766396,7038.073033,18824.045329,1.466692,11,1.949268,4.567265,3.926231,4.713494,0.641034,10,0.716532,18464.739406,8809.09675,23471.154129,0.715267,15,1.958943,5.761494,4.890149,5.974548,0.871345,12,0.717807,1107429.666344,654959.338583,1873560.941871,0.866296,17,0.428507,345.52277,336.010497,388.190236,42.667466,17,-0.704725
2022-04-30,Cakes and puddings,11710.334499999999,23333.2606,1684862.8641571428,4.00579,7.979622999999999,575.4625875714286,14,13,13,3,12052.166693,9446.5345,27323.8271,1.207288,13,-2.836272,3.866842,3.605168,4.120057,0.261674,12,3.593327,24195.206302,19153.708186,54549.739343,0.937248,13,-3.562465,7.761808,7.357303,8.090825,0.404506,11,2.806234,1796396.537273,1442834.604586,4056742.431329,1.405247,13,-6.208745,574.910952,564.979312,581.588772,9.93164,13,0.095951
2022-04-30,Chocolate,43760.446585714286,75707.09941428572,2317345.542685714,26.64474742857143,46.09688442857142,1411.0685717142858,6,6,11,3,58315.82945,28150.229133,132547.293257,5.841603,5,-24.959574,26.648336,26.635705,26.70231,0.053974,3,-0.013467,100886.00487,48669.253133,229294.0415,3.908014,5,-24.957778,46.100992,46.086531,46.162786,0.061793,2,-0.008911,3087731.596088,1485490.099517,7016207.887686,2.415405,10,-24.949903,1410.912515,1408.565066,1411.461877,2.347449,5,0.011061
2022-04-30,Confectionery products,2909.599342857143,4572.708742857142,396660.94180000003,3.364186142857143,5.2869847142857145,458.422994,24,22,24,3,2639.015552,1230.34235,3506.494586,0.264355,26,10.253209,3.375115,3.076151,3.996045,0.620931,13,-0.3238,4173.185967,1949.08865,5594.6689,0.161656,24,9.573568,5.335199,4.888743,6.384052,1.048852,14,-0.903708,365423.519615,182796.127083,451633.892,0.285856,24,8.548279,467.73042,451.206086,488.80262,21.0722,14,-1.989913
2022-04-30,Dairy alternative,2661.9720714285713,1906.1883,76836.57628571428,0.980245,0.7018818571428572,28.28559842857143,25,27,29,3,2660.652938,1800.759517,3323.2613,0.266522,25,0.049579,0.980224,0.980018,0.980467,0.000243,24,0.002131,1904.762021,1287.6059,2379.9254,0.073785,27,0.07488,0.701721,0.700136,0.703588,0.001867,27,0.022966,76719.871596,51670.4985,95957.073143,0.060015,29,0.152118,28.261161,28.02064,28.544487,0.283326,29,0.08647
2022-04-30,Dairy products and eggs,229877.85792857144,701727.5557,47925971.65977143,4.6850505714285715,14.306946428571427,976.9504647142858,1,1,1,3,232477.799758,181843.006267,351065.404543,23.287725,1,-1.118361,4.695567,4.563031,5.229134,0.533567,8,-0.223962,710535.102733,556267.420133,1103935.183871,27.523948,2,-1.239565,14.350037,13.874504,16.437715,2.087678,7,-0.300281,48504478.375397,37951671.559517,74580377.351429,37.943045,1,-1.192687,979.638118,947.127741,1110.38497,130.746852,8,-0.274352
2022-04-30,Dried fruit and nuts,1229.8901714285714,7115.506185714286,1911068.4957142856,1.8935669999999998,10.951914285714285,2941.2406722857145,28,20,12,3,1354.723428,1038.388929,3492.095486,0.135705,28,-9.214667,1.889388,1.871719,1.912103,0.022716,18,0.221187,7856.897445,6027.1344,20353.999714,0.304352,20,-9.436183,10.957706,10.926228,10.982189,0.031477,9,-0.052853,2111373.829218,1619963.4337,5475933.913743,1.65164,12,-9.486967,2944.647013,2926.133188,2959.04748,18.513825,2,-0.115679
2022-04-30,Edible oils and plant-based spreads,13467.695328571428,38257.19300000001,2536539.8728285716,4.557778571428572,12.988524285714286,864.7520231428571,12,9,10,3,11516.024682,7616.68445,19449.161571,1.153581,14,16.947434,4.571062,4.524855,4.614628,0.046207,9,-0.290604,32326.766906,21393.85755,58323.040243,1.25224,9,18.34525,12.826853,12.319996,13.748304,0.921451,8,1.260413,2159306.817661,1382403.26375,3664321.3365,1.689136,11,17.4701,859.015758,796.975647,904.810217,62.040111,9,0.667772
2022-04-30,Fish and fish products,44493.60581428571,25353.888257142855,11475486.891,14.275622857142858,8.136679571428571,3682.4177065714284,5,12,4,3,44048.218618,32840.772867,56109.634029,4.41239,6,1.011136,14.279638,14.164105,14.795633,0.515995,5,-0.02812,25097.448283,17677.2765,30066.8442,0.972198,12,1.021777,8.135042,7.924591,8.182162,0.210451,10,0.020131,11359882.239798,8182560.301667,13942633.360857,8.886365,4,1.017657,3682.364329,3675.505187,3683.900114,6.859142,1,0.00145
2022-04-30,"Fresh, chilled or frozen fruit",16182.594628571429,27124.866199999997,3463425.0707,0.8772064285714285,1.470666,187.9604992857143,10,11,7,3,15789.317297,10891.896033,19602.676833,1.581645,10,2.490781,0.869141,0.801294,0.91134,0.067847,26,0.927959,26149.090577,18436.855767,31249.10995,1.012935,11,3.731585,1.440723,1.375786,1.496551,0.064936,24,2.078358,3309952.701717,2308666.66155,4022982.239033,2.589239,9,4.636694,182.199418,171.490344,193.700603,11.501184,24,3.161964
2022-04-30,Fruit and vegetable juices,4005.3809857142855,6472.709542857142,966446.9340571428,0.5521278571428571,0.8918977142857143,133.36119342857143,21,21,19,3,3956.552029,3322.8124,6014.348971,0.396335,21,1.234129,0.549655,0.523444,0.565905,0.026211,27,0.449829,6420.381727,5507.827633,10098.037914,0.248706,21,0.815027,0.890925,0.874856,0.907908,0.016983,26,0.109173,957660.438973,802306.9711,1466231.447171,0.749138,19,0.917496,133.064152,127.725177,136.908499,5.338975,25,0.223232
2022-04-30,"Leafy and stem vegetables, including cabbages",2621.6632285714286,2678.277471428571,552825.1710857142,0.531404,0.5425765714285714,112.00408957142858,26,26,23,3,2757.371029,2291.510433,5559.985586,0.276211,24,-4.921637,0.52777,0.516959,0.544295,0.016525,28,0.688556,2803.538455,2332.706917,5906.793629,0.1086,26,-4.46796,0.535526,0.508317,0.556186,0.027209,29,1.316539,582885.201471,490911.0199,1223458.897614,0.455967,23,-5.15711,111.33321,109.938657,113.745759,2.412549,26,0.602587
2022-04-30,Meat alternative,2445.9022285714286,3056.994728571429,138654.10077142858,3.197297857142857,3.9934302857142856,181.25083485714285,27,25,26,3,2334.920785,1507.460183,3546.6332,0.233893,27,4.753114,3.203856,3.15683,3.258684,0.054828,14,-0.204698,2935.016621,1767.951217,4661.065671,0.113694,25,4.15596,4.007139,3.664715,4.363268,0.356129,17,-0.342106,134877.095393,76279.345517,224216.564714,0.105509,27,2.800331,183.238195,156.950947,211.128878,27.890684,23,-1.084577
2022-04-30,Other Meat,162350.97291428572,372586.8808714286,13106917.532071428,14.774755571428571,33.78832571428571,1193.233773,3,3,2,3,155605.134295,120499.749017,240673.170914,15.58725,3,4.335229,14.54359,13.440539,15.963764,1.420174,4,1.589468,346493.577259,242973.5198,463373.103614,13.422097,3,7.530675,32.476188,26.094584,40.120317,7.644129,4,4.040306,12871723.378448,10935977.428233,23519542.951257,10.069016,2,1.827216,1196.865944,1171.617404,1306.265527,109.399583,7,-0.303474
2022-04-30,Other vegetables,22586.59924285714,48978.820185714285,4303820.155557143,1.3497575714285717,2.9250012857142855,257.2240257142857,9,7,6,3,21710.047346,15914.283133,28532.786986,2.174735,9,4.03754,1.356362,1.328676,1.385649,0.029287,22,-0.48692,48418.258862,34800.809067,62979.575171,1.875575,7,1.157748,3.024343,2.70005,3.328264,0.324293,20,-3.284734,4158886.236624,3003937.482633,5335174.981029,3.253324,6,3.484921,259.81835,251.354083,267.523771,8.464267,21,-0.998515
2022-04-30,Pasta products,3853.4414,8335.502942857143,1427578.7498428572,1.7685025714285714,3.825703285714286,655.2507798571429,22,19,14,3,3786.170854,2469.686283,4294.3287,0.379268,22,1.776744,1.768948,1.755839,1.788505,0.019556,20,-0.025196,8190.71269,5343.18925,9354.024514,0.317283,19,1.767737,3.82556,3.819282,3.831063,0.006278,18,0.003747,1402184.256253,917760.774833,1595015.077443,1.096871,14,1.811067,655.192799,650.769265,663.292973,8.100175,11,0.008849
2022-04-30,Pastry (savoury),12251.599428571428,30576.598442857143,931785.8988857142,8.88926557142857,22.20428371428571,675.2317528571429,13,10,20,3,12126.324274,10321.05505,19579.955629,1.214716,12,1.033084,8.741523,6.799252,9.710859,1.942272,7,1.690119,29965.389169,23568.996617,40972.183471,1.160767,10,2.039717,21.659973,14.495135,25.177449,7.164837,6,2.512982,922921.302795,826556.673571,1901873.346986,0.721963,20,0.960493,662.523247,612.539212,710.974256,49.984035,10,1.918198
2022-04-30,"Potatoes, root crops, non-starchy bulbs and mushrooms",9291.32272857143,14105.171828571429,1005811.9781428572,0.4634042857142857,0.7036065714285714,50.15337542857143,16,16,18,3,9479.581166,7237.189171,19570.309457,0.949587,16,-1.985936,0.46348,0.458367,0.464637,0.005112,29,-0.016276,14246.901157,10888.947086,28934.506829,0.551881,16,-0.994808,0.697227,0.679129,0.705335,0.018099,28,0.914922,1017563.41704,774128.405286,2033935.952857,0.795998,18,-1.154861,49.794536,47.743595,50.189854,2.050941,28,0.720639
2022-04-30,Preserved fruit and fruit based products,809.7774714285715,1204.1905142857142,173333.77829999998,0.870927,1.295542,186.4685472857143,29,30,25,3,792.376834,427.837867,909.3098,0.079374,29,2.196005,0.873013,0.862756,0.878507,0.010257,25,-0.23899,1172.190112,623.814667,1352.714314,0.045407,30,2.729967,1.290893,1.277285,1.314326,0.023434,25,0.36014,168954.540101,90254.870717,194439.635686,0.132166,25,2.591962,186.086047,184.937372,188.026297,1.940251,22,0.20555
2022-04-30,Ready meals,73460.95961428572,241749.33524285714,8405787.168271428,11.392640142857143,37.534691571428574,1300.9709812857143,4,4,5,3,69234.105759,59992.4463,88710.792357,6.935307,4,6.105161,11.115542,10.328625,11.579405,0.786918,6,2.492885,227633.511184,196833.1531,286054.254,8.817823,4,6.201119,36.533255,33.59909,38.377942,2.934165,3,2.741166,8015120.061351,6754268.6726,9946543.391871,6.269897,5,4.874127,1287.886634,1233.17431,1329.759094,54.712323,6,1.015955
2022-04-30,Rice,6713.296128571428,4245.1169,3384844.6441285717,4.411843,2.7898995714285713,2224.422548142857,18,23,8,3,6693.004805,4764.563817,7877.731471,0.670451,18,0.303172,4.413957,4.395409,4.435112,0.021155,11,-0.047896,4231.196538,3004.00565,4992.0532,0.163904,23,0.328994,2.790459,2.785549,2.796059,0.0056,21,-0.020056,3374950.652558,2405027.938333,3968670.926971,2.640084,8,0.29316,2225.728891,2214.268126,2238.80079,13.071899,3,-0.058693
2022-04-30,"Salt, spices, culinary herbs and other food products",512.4572285714286,1231.8443714285713,122593.59495714285,1.0913691428571428,2.625561714285714,261.21033385714287,30,29,27,3,516.810652,379.375457,1145.614886,0.05177,30,-0.842363,1.074819,0.809817,1.221574,0.265002,23,1.539811,1349.002485,884.187243,3982.261571,0.052256,29,-8.684796,2.758251,1.860042,4.102337,1.344086,22,-4.810614,163697.872327,91196.791014,737993.111686,0.128054,26,-25.109842,323.367205,227.575549,684.446814,361.079609,19,-19.221761
2022-04-30,"Sauces, condiments",10398.461985714286,21467.434771428572,1405141.0881857143,2.29044,4.725593428571429,309.7238565714286,15,14,15,3,9741.672716,6612.831643,16390.927014,0.975841,15,6.742058,2.272242,2.219467,2.334464,0.062222,16,0.800893,19720.604072,13509.463229,32628.764671,0.763916,14,8.857897,4.633239,4.137111,5.845381,1.212142,15,1.993302,1352646.415272,951675.764257,2346649.088014,1.058119,16,3.880887,315.774797,298.01131,338.335853,22.561056,20,-1.91622
2022-04-30,Savoury snacks,3619.2198142857146,11470.359214285714,695888.7475285714,1.7939617142857143,5.687219714285715,345.45633085714286,23,17,22,3,3508.406924,2934.376717,6976.290086,0.351444,23,3.158496,1.778011,1.72737,1.930614,0.152603,19,0.897115,11150.688654,9137.195133,21948.036743,0.431943,17,2.866823,5.653864,5.480259,6.146643,0.492779,13,0.589957,678020.444067,547013.339467,1387744.531357,0.530387,22,2.635364,343.50234,316.547979,437.715846,94.213506,18,0.568844
2022-04-30,"Soft drinks (inc. fizzy and ready to drink fruit drinks), mineral or spring water",5679.790057142857,1445.6873285714285,66821.32725714285,0.20804471428571428,0.05287771428571429,2.471017428571429,19,28,30,3,5649.728345,4618.665886,10412.868729,0.565944,19,0.532091,0.21015,0.205601,0.225306,0.015156,30,-1.001616,1483.983748,1169.996771,3335.102614,0.057485,28,-2.58065,0.055049,0.049885,0.071721,0.016672,30,-3.94417,65043.039427,52897.311257,116022.955314,0.05088,30,2.734017,2.439413,2.236549,2.64423,0.204817,30,1.295587
2022-04-30,"Sugar, sugar products, jams and marmalades",4976.944142857143,4202.896571428571,860848.7690571429,2.1351361428571427,1.8040604285714286,369.3932811428571,20,24,21,3,5300.058234,3688.53565,8378.2543,0.530917,20,-6.096425,2.154882,2.107335,2.194137,0.047547,17,-0.916328,4454.640753,3104.651483,7005.104414,0.172559,22,-5.651279,1.811221,1.793978,1.825456,0.017243,23,-0.395343,914944.404727,637128.790567,1443213.123371,0.715723,21,-5.912451,372.001013,365.721601,377.185269,6.279412,16,-0.701001
2022-04-30,"Tea, coffee, cocoa and powdered chocolate",41908.18401428572,44017.59142857143,93588.81802857143,26.462498714285715,27.775150857142858,59.11058785714285,7,8,28,3,39709.720555,28327.34405,54265.222929,3.977795,7,5.536336,26.740506,26.019858,27.627357,0.88685,2,-1.03965,42263.378573,30278.014383,59652.770557,1.637153,8,4.150669,28.425734,27.112628,30.299542,1.873808,5,-2.288711,99012.963197,64382.544514,171887.487971,0.077454,28,-5.478217,66.404043,50.741391,87.517516,21.113474,27,-10.98345
2022-05-07,"Baker's yeast, dessert preparations, soups",6892.942071428572,9807.7138,1212606.4636000001,2.7185409999999997,3.834977857142857,477.69732971428573,17,18,16,4,7985.690448,5158.9966,11109.725871,0.799941,17,-13.683831,2.638836,2.399434,3.01519,0.376354,15,3.020473,10133.984543,7743.733817,12772.186,0.392559,18,-3.21957,3.457694,2.339541,5.233981,1.776287,19,10.911415,1385906.736596,932849.351929,1911053.4077,1.084137,15,-12.504469,459.239816,405.329624,545.753175,86.513359,15,4.019145
2022-05-07,Beef and Lamb,179750.90105714285,653367.8712,2948503.040285714,91.43695514285714,332.0680851428571,1498.3753654285715,2,2,9,4,207224.686107,139791.837786,342066.711086,20.758075,2,-13.257969,90.78412,81.878412,93.473207,8.905708,1,0.719108,762451.264726,511727.556257,1210221.180571,29.535021,1,-14.306933,332.544384,330.582466,339.041855,6.497471,1,-0.143229,3446260.019342,2311457.704143,5441731.711429,2.695867,7,-14.443396,1502.220715,1486.381377,1554.67736,52.456645,4,-0.255978
2022-05-07,Breads and cereals,34792.60305714286,84437.41448571428,12250980.368728573,1.7342585714285714,4.207049142857143,609.9917174285714,8,5,3,4,34676.828332,27259.42595,44667.298843,3.473641,8,0.333868,1.729168,1.706626,1.753884,0.024716,21,0.294417,84408.522919,67389.80845,110732.959757,3.269727,6,0.034228,4.207487,4.155123,4.294658,0.087171,16,-0.010416,12243011.855362,9951514.284967,16090617.298671,9.577201,3,0.065086,610.467519,604.357677,626.34124,15.87372,12,-0.077941
2022-05-07,"Buns, crispbread and biscuits",15187.653742857145,19134.471914285714,1130563.9201857143,4.597913571428571,5.793490571428571,342.41963885714284,11,15,17,4,14641.766396,7038.073033,18824.045329,1.466692,11,3.728289,4.567265,3.926231,4.713494,0.641034,10,0.67104,18464.739406,8809.09675,23471.154129,0.715267,15,3.627089,5.761494,4.890149,5.974548,0.871345,12,0.555359,1107429.666344,654959.338583,1873560.941871,0.866296,17,2.089004,345.52277,336.010497,388.190236,42.667466,17,-0.898097
2022-05-07,Cakes and puddings,11559.543142857143,23025.522242857143,1658327.5512857144,4.017139571428571,7.999703142857143,575.7651272857142,14,13,13,4,12052.166693,9446.5345,27323.8271,1.207288,13,-4.087427,3.866842,3.605168,4.120057,0.261674,12,3.886837,24195.206302,19153.708186,54549.739343,0.937248,13,-4.834363,7.761808,7.357303,8.090825,0.404506,11,3.064939,1796396.537273,1442834.604586,4056742.431329,1.405247,13,-7.685886,574.910952,564.979312,581.588772,9.93164,13,0.148575
2022-05-07,Chocolate,45596.6725,78887.98314285713,2415267.1798,26.642025142857143,46.093767285714286,1411.186989,5,6,10,4,58315.82945,28150.229133,132547.293257,5.841603,5,-21.810814,26.648336,26.635705,26.70231,0.053974,3,-0.023682,100886.00487,48669.253133,229294.0415,3.908014,5,-21.80483,46.100992,46.086531,46.162786,0.061793,2,-0.015673,3087731.596088,1485490.099517,7016207.887686,2.415405,10,-21.77859,1410.912515,1408.565066,1411.461877,2.347449,5,0.019454
2022-05-07,Confectionery products,2939.130242857143,4620.0551428571425,400765.4758142857,3.3746631428571425,5.302960571428572,458.2868091428572,24,22,24,4,2639.015552,1230.34235,3506.494586,0.264355,26,11.372221,3.375115,3.076151,3.996045,0.620931,13,-0.013381,4173.185967,1949.08865,5594.6689,0.161656,24,10.708106,5.335199,4.888743,6.384052,1.048852,14,-0.604265,365423.519615,182796.127083,451633.892,0.285856,24,9.671506,467.73042,451.206086,488.80262,21.0722,14,-2.019029
2022-05-07,Dairy alternative,2624.5561571428575,1882.7776,76308.679,0.9804557142857143,0.703499,28.531077000000003,26,27,29,4,2660.652938,1800.759517,3323.2613,0.266522,25,-1.356689,0.980224,0.980018,0.980467,0.000243,24,0.023627,1904.762021,1287.6059,2379.9254,0.073785,27,-1.154182,0.701721,0.700136,0.703588,0.001867,27,0.25342,76719.871596,51670.4985,95957.073143,0.060015,29,-0.535966,28.261161,28.02064,28.544487,0.283326,29,0.955077
2022-05-07,Dairy products and eggs,228979.87117142856,698764.9964857142,47731681.62651428,4.663000571428571,14.231432,972.0875577142857,1,1,1,4,232477.799758,181843.006267,351065.404543,23.287725,1,-1.504629,4.695567,4.563031,5.229134,0.533567,8,-0.693554,710535.102733,556267.420133,1103935.183871,27.523948,2,-1.656513,14.350037,13.874504,16.437715,2.087678,7,-0.826513,48504478.375397,37951671.559517,74580377.351429,37.943045,1,-1.593248,979.638118,947.127741,1110.38497,130.746852,8,-0.77075
2022-05-07,Dried fruit and nuts,1208.6537428571428,7040.8049,1893979.6319142857,1.8817288571428572,10.968318571428572,2950.889238142857,28,20,12,4,1354.723428,1038.388929,3492.095486,0.135705,28,-10.782251,1.889388,1.871719,1.912103,0.022716,18,-0.405373,7856.897445,6027.1344,20353.999714,0.304352,20,-10.386957,10.957706,10.926228,10.982189,0.031477,9,0.096853,2111373.829218,1619963.4337,5475933.913743,1.65164,12,-10.296339,2944.647013,2926.133188,2959.04748,18.513825,2,0.211986
2022-05-07,Edible oils and plant-based spreads,12976.939328571429,36287.199771428575,2324906.9833857142,4.536172,12.681994142857144,812.2524045714287,12,9,11,4,11516.024682,7616.68445,19449.161571,1.153581,14,12.685928,4.571062,4.524855,4.614628,0.046207,9,-0.763285,32326.766906,21393.85755,58323.040243,1.25224,9,12.251249,12.826853,12.319996,13.748304,0.921451,8,-1.129341,2159306.817661,1382403.26375,3664321.3365,1.689136,11,7.669136,859.015758,796.975647,904.810217,62.040111,9,-5.44383
2022-05-07,Fish and fish products,44589.67337142857,25480.03174285714,11520070.349714285,14.250002285714286,8.147129285714286,3682.7582812857145,6,12,4,4,44048.218618,32840.772867,56109.634029,4.41239,6,1.229232,14.279638,14.164105,14.795633,0.515995,5,-0.20754,25097.448283,17677.2765,30066.8442,0.972198,12,1.524392,8.135042,7.924591,8.182162,0.210451,10,0.148584,11359882.239798,8182560.301667,13942633.360857,8.886365,4,1.410121,3682.364329,3675.505187,3683.900114,6.859142,1,0.010698
2022-05-07,"Fresh, chilled or frozen fruit",16016.570685714285,26823.881114285712,3369757.0383285717,0.8672232857142858,1.453408,182.53298085714283,10,11,7,4,15789.317297,10891.896033,19602.676833,1.581645,10,1.439286,0.869141,0.801294,0.91134,0.067847,26,-0.220662,26149.090577,18436.855767,31249.10995,1.012935,11,2.580551,1.440723,1.375786,1.496551,0.064936,24,0.880487,3309952.701717,2308666.66155,4022982.239033,2.589239,9,1.806803,182.199418,171.490344,193.700603,11.501184,24,0.183075
2022-05-07,Fruit and vegetable juices,3986.975385714286,6408.528200000001,958927.6494285715,0.5569005714285714,0.8944571428571428,134.06364914285714,21,21,19,4,3956.552029,3322.8124,6014.348971,0.396335,21,0.768936,0.549655,0.523444,0.565905,0.026211,27,1.318139,6420.381727,5507.827633,10098.037914,0.248706,21,-0.184623,0.890925,0.874856,0.907908,0.016983,26,0.396451,957660.438973,802306.9711,1466231.447171,0.749138,19,0.132324,133.064152,127.725177,136.908499,5.338975,25,0.751139
2022-05-07,"Leafy and stem vegetables, including cabbages",2724.8074142857145,2757.573685714286,569917.1112571429,0.5331334285714285,0.5383685714285714,111.39080614285714,25,26,23,4,2757.371029,2291.510433,5559.985586,0.276211,24,-1.180966,0.52777,0.516959,0.544295,0.016525,28,1.016242,2803.538455,2332.706917,5906.793629,0.1086,26,-1.639527,0.535526,0.508317,0.556186,0.027209,29,0.53077,582885.201471,490911.0199,1223458.897614,0.455967,23,-2.22481,111.33321,109.938657,113.745759,2.412549,26,0.051733
2022-05-07,Meat alternative,2371.403071428572,2964.576485714286,135106.78,3.1996107142857144,3.994831857142857,181.77865271428573,27,25,26,4,2334.920785,1507.460183,3546.6332,0.233893,27,1.562464,3.203856,3.15683,3.258684,0.054828,14,-0.132508,2935.016621,1767.951217,4661.065671,0.113694,25,1.007145,4.007139,3.664715,4.363268,0.356129,17,-0.307129,134877.095393,76279.345517,224216.564714,0.105509,27,0.170292,183.238195,156.950947,211.128878,27.890684,23,-0.796527
2022-05-07,Other Meat,159511.28867142857,368692.8466428571,12855787.390614286,14.899035857142858,34.442820857142856,1198.4612674285713,3,3,2,4,155605.134295,120499.749017,240673.170914,15.58725,3,2.510299,14.54359,13.440539,15.963764,1.420174,4,2.444004,346493.577259,242973.5198,463373.103614,13.422097,3,6.406834,32.476188,26.094584,40.120317,7.644129,4,6.055614,12871723.378448,10935977.428233,23519542.951257,10.069016,2,-0.123806,1196.865944,1171.617404,1306.265527,109.399583,7,0.133292
2022-05-07,Other vegetables,22267.040614285714,47681.99704285715,4240035.351842857,1.3425412857142855,2.8723414285714286,255.57318014285715,9,7,6,4,21710.047346,15914.283133,28532.786986,2.174735,9,2.565601,1.356362,1.328676,1.385649,0.029287,22,-1.018953,48418.258862,34800.809067,62979.575171,1.875575,7,-1.520628,3.024343,2.70005,3.328264,0.324293,20,-5.025934,4158886.236624,3003937.482633,5335174.981029,3.253324,6,1.951222,259.81835,251.354083,267.523771,8.464267,21,-1.633899
2022-05-07,Pasta products,3732.8082285714286,8053.240371428571,1379570.2203285715,1.7724942857142858,3.8243265714285712,655.0255618571429,22,19,14,4,3786.170854,2469.686283,4294.3287,0.379268,22,-1.409409,1.768948,1.755839,1.788505,0.019556,20,0.200459,8190.71269,5343.18925,9354.024514,0.317283,19,-1.678393,3.82556,3.819282,3.831063,0.006278,18,-0.032241,1402184.256253,917760.774833,1595015.077443,1.096871,14,-1.612772,655.192799,650.769265,663.292973,8.100175,11,-0.025525
2022-05-07,Pastry (savoury),12086.907842857143,30085.223485714287,926990.2599428572,8.92036057142857,22.232050571428573,682.8288397142858,13,10,20,4,12126.324274,10321.05505,19579.955629,1.214716,12,-0.325048,8.741523,6.799252,9.710859,1.942272,7,2.045835,29965.389169,23568.996617,40972.183471,1.160767,10,0.399909,21.659973,14.495135,25.177449,7.164837,6,2.641176,922921.302795,826556.673571,1901873.346986,0.721963,20,0.440878,662.523247,612.539212,710.974256,49.984035,10,3.064888
2022-05-07,"Potatoes, root crops, non-starchy bulbs and mushrooms",9131.774928571429,13864.678828571428,989352.462,0.4631622857142857,0.7031747142857142,50.154126142857145,16,16,18,4,9479.581166,7237.189171,19570.309457,0.949587,16,-3.669004,0.46348,0.458367,0.464637,0.005112,29,-0.06849,14246.901157,10888.947086,28934.506829,0.551881,16,-2.682845,0.697227,0.679129,0.705335,0.018099,28,0.852983,1017563.41704,774128.405286,2033935.952857,0.795998,18,-2.772403,49.794536,47.743595,50.189854,2.050941,28,0.722147
2022-05-07,Preserved fruit and fruit based products,823.0164714285713,1221.8378142857143,175947.3162,0.8712722857142856,1.295346,186.46460957142858,29,29,25,4,792.376834,427.837867,909.3098,0.079374,29,3.866801,0.873013,0.862756,0.878507,0.010257,25,-0.199439,1172.190112,623.814667,1352.714314,0.045407,30,4.235465,1.290893,1.277285,1.314326,0.023434,25,0.344956,168954.540101,90254.870717,194439.635686,0.132166,25,4.138851,186.086047,184.937372,188.026297,1.940251,22,0.203434
2022-05-07,Ready meals,71968.7145,234326.6952714286,8215956.257328572,11.337334285714286,36.89942357142858,1295.5448801428572,4,4,5,4,69234.105759,59992.4463,88710.792357,6.935307,4,3.9498,11.115542,10.328625,11.579405,0.786918,6,1.995331,227633.511184,196833.1531,286054.254,8.817823,4,2.940333,36.533255,33.59909,38.377942,2.934165,3,1.00229,8015120.061351,6754268.6726,9946543.391871,6.269897,5,2.505717,1287.886634,1233.17431,1329.759094,54.712323,6,0.594637
2022-05-07,Rice,6644.709000000001,4200.138214285714,3350760.375857143,4.4151679999999995,2.7907798571428573,2226.4772132857142,18,23,8,4,6693.004805,4764.563817,7877.731471,0.670451,18,-0.721586,4.413957,4.395409,4.435112,0.021155,11,0.027433,4231.196538,3004.00565,4992.0532,0.163904,23,-0.734032,2.790459,2.785549,2.796059,0.0056,21,0.011491,3374950.652558,2405027.938333,3968670.926971,2.640084,8,-0.716759,2225.728891,2214.268126,2238.80079,13.071899,3,0.033621
2022-05-07,"Salt, spices, culinary herbs and other food products",472.82910000000004,1141.0998285714286,114515.09672857143,1.0639688571428572,2.5724764285714286,256.334413,30,30,27,4,516.810652,379.375457,1145.614886,0.05177,30,-8.510187,1.074819,0.809817,1.221574,0.265002,23,-1.009482,1349.002485,884.187243,3982.261571,0.052256,29,-15.411584,2.758251,1.860042,4.102337,1.344086,22,-6.735214,163697.872327,91196.791014,737993.111686,0.128054,26,-30.044847,323.367205,227.575549,684.446814,361.079609,19,-20.72962
2022-05-07,"Sauces, condiments",10041.810242857144,20841.902557142857,1360977.1950142856,2.295242714285714,4.76834,310.95793214285715,15,14,15,4,9741.672716,6612.831643,16390.927014,0.975841,15,3.080965,2.272242,2.219467,2.334464,0.062222,16,1.012258,19720.604072,13509.463229,32628.764671,0.763916,14,5.685924,4.633239,4.137111,5.845381,1.212142,15,2.915908,1352646.415272,951675.764257,2346649.088014,1.058119,16,0.615887,315.774797,298.01131,338.335853,22.561056,20,-1.525411
2022-05-07,Savoury snacks,3546.3956857142853,11213.136957142857,675148.7823285714,1.7921738571428574,5.671168428571428,342.5006694285715,23,17,22,4,3508.406924,2934.376717,6976.290086,0.351444,23,1.082792,1.778011,1.72737,1.930614,0.152603,19,0.796562,11150.688654,9137.195133,21948.036743,0.431943,17,0.56004,5.653864,5.480259,6.146643,0.492779,13,0.306058,678020.444067,547013.339467,1387744.531357,0.530387,22,-0.423536,343.50234,316.547979,437.715846,94.213506,18,-0.291605
2022-05-07,"Soft drinks (inc. fizzy and ready to drink fruit drinks), mineral or spring water",5622.080371428571,1435.6471428571426,66915.60037142856,0.208317,0.053128857142857144,2.496071142857143,19,28,30,4,5649.728345,4618.665886,10412.868729,0.565944,19,-0.489368,0.21015,0.205601,0.225306,0.015156,30,-0.872049,1483.983748,1169.996771,3335.102614,0.057485,28,-3.257219,0.055049,0.049885,0.071721,0.016672,30,-3.487952,65043.039427,52897.311257,116022.955314,0.05088,30,2.878957,2.439413,2.236549,2.64423,0.204817,30,2.322626
2022-05-07,"Sugar, sugar products, jams and marmalades",4940.3397428571425,4168.923857142857,854257.568,2.1379360000000003,1.8050755714285713,369.76304442857145,20,24,21,4,5300.058234,3688.53565,8378.2543,0.530917,20,-6.787067,2.154882,2.107335,2.194137,0.047547,17,-0.786397,4454.640753,3104.651483,7005.104414,0.172559,22,-6.413916,1.811221,1.793978,1.825456,0.017243,23,-0.339296,914944.404727,637128.790567,1443213.123371,0.715723,21,-6.632844,372.001013,365.721601,377.185269,6.279412,16,-0.601603
2022-05-07,"Tea, coffee, cocoa and powdered chocolate",40190.9816,42148.224428571426,92396.73828571428,26.610904,27.883584000000003,61.10949228571429,7,8,28,4,39709.720555,28327.34405,54265.222929,3.977795,7,1.211948,26.740506,26.019858,27.627357,0.88685,2,-0.484667,42263.378573,30278.014383,59652.770557,1.637153,8,-0.272468,28.425734,27.112628,30.299542,1.873808,5,-1.90725,99012.963197,64382.544514,171887.487971,0.077454,28,-6.68218,66.404043,50.741391,87.517516,21.113474,27,-7.973235
2022-05-14,"Baker's yeast, dessert preparations, soups",6592.919914285715,9861.6401,1166524.4767285713,2.7782194285714286,4.112284285714286,491.056529,17,18,16,4,7985.690448,5158.9966,11109.725871,0.799941,17,-17.440828,2.638836,2.399434,3.01519,0.376354,15,5.282017,10133.984543,7743.733817,12772.186,0.392559,18,-2.687437,3.457694,2.339541,5.233981,1.776287,19,18.931396,1385906.736596,932849.351929,1911053.4077,1.084137,15,-15.829511,459.239816,405.329624,545.753175,86.513359,15,6.928126
2022-05-14,Beef and Lamb,170295.21054285715,620291.0456571429,2800004.461142857,91.25408642857143,332.2015031428572,1499.4525025714286,2,2,9,4,207224.686107,139791.837786,342066.711086,20.758075,2,-17.820983,90.78412,81.878412,93.473207,8.905708,1,0.517675,762451.264726,511727.556257,1210221.180571,29.535021,1,-18.645155,332.544384,330.582466,339.041855,6.497471,1,-0.103108,3446260.019342,2311457.704143,5441731.711429,2.695867,7,-18.752374,1502.220715,1486.381377,1554.67736,52.456645,4,-0.184275
2022-05-14,Breads and cereals,34081.16854285714,82704.68534285715,12021590.2228,1.7324365714285714,4.202034285714285,610.4722705714286,8,5,3,4,34676.828332,27259.42595,44667.298843,3.473641,8,-1.717746,1.729168,1.706626,1.753884,0.024716,21,0.189048,84408.522919,67389.80845,110732.959757,3.269727,6,-2.018561,4.207487,4.155123,4.294658,0.087171,16,-0.129605,12243011.855362,9951514.284967,16090617.298671,9.577201,3,-1.808555,610.467519,604.357677,626.34124,15.87372,12,0.000778
2022-05-14,"Buns, crispbread and biscuits",14522.59832857143,18317.5707,1081665.1883142856,4.600103428571429,5.804466285714286,342.92420314285715,11,15,17,4,14641.766396,7038.073033,18824.045329,1.466692,11,-0.813891,4.567265,3.926231,4.713494,0.641034,10,0.718987,18464.739406,8809.09675,23471.154129,0.715267,15,-0.797026,5.761494,4.890149,5.974548,0.871345,12,0.745861,1107429.666344,654959.338583,1873560.941871,0.866296,17,-2.326511,345.52277,336.010497,388.190236,42.667466,17,-0.752068
2022-05-14,Cakes and puddings,10953.406085714287,21921.486414285715,1595538.7282999998,3.9696347142857142,7.941771142857143,577.0880205714286,14,13,13,4,12052.166693,9446.5345,27323.8271,1.207288,13,-9.116706,3.866842,3.605168,4.120057,0.261674,12,2.658319,24195.206302,19153.708186,54549.739343,0.937248,13,-9.397398,7.761808,7.357303,8.090825,0.404506,11,2.318566,1796396.537273,1442834.604586,4056742.431329,1.405247,13,-11.181151,574.910952,564.979312,581.588772,9.93164,13,0.378679
2022-05-14,Chocolate,43950.24411428572,76039.37235714286,2328041.8857,26.64246514285714,46.094271,1411.1678518571428,6,6,10,4,58315.82945,28150.229133,132547.293257,5.841603,5,-24.63411,26.648336,26.635705,26.70231,0.053974,3,-0.022031,100886.00487,48669.253133,229294.0415,3.908014,5,-24.628423,46.100992,46.086531,46.162786,0.061793,2,-0.01458,3087731.596088,1485490.099517,7016207.887686,2.415405,10,-24.603489,1410.912515,1408.565066,1411.461877,2.347449,5,0.018097
2022-05-14,Confectionery products,2743.644242857143,4314.102957142857,372781.2541285715,3.3871622857142856,5.3254779999999995,458.88449485714284,24,22,24,4,2639.015552,1230.34235,3506.494586,0.264355,26,3.964686,3.375115,3.076151,3.996045,0.620931,13,0.356951,4173.185967,1949.08865,5594.6689,0.161656,24,3.376724,5.335199,4.888743,6.384052,1.048852,14,-0.182211,365423.519615,182796.127083,451633.892,0.285856,24,2.013481,467.73042,451.206086,488.80262,21.0722,14,-1.891244
2022-05-14,Dairy alternative,2723.138242857143,1950.1096999999997,78621.93442857142,0.9802557142857143,0.7019647142857143,28.298185142857143,25,27,29,4,2660.652938,1800.759517,3323.2613,0.266522,25,2.348495,0.980224,0.980018,0.980467,0.000243,24,0.003224,1904.762021,1287.6059,2379.9254,0.073785,27,2.380753,0.701721,0.700136,0.703588,0.001867,27,0.034774,76719.871596,51670.4985,95957.073143,0.060015,29,2.479231,28.261161,28.02064,28.544487,0.283326,29,0.131007
2022-05-14,Dairy products and eggs,228862.70251428572,698073.6310714287,47725743.37785714,4.673286285714285,14.255499285714285,974.5363,1,1,1,4,232477.799758,181843.006267,351065.404543,23.287725,1,-1.555029,4.695567,4.563031,5.229134,0.533567,8,-0.474502,710535.102733,556267.420133,1103935.183871,27.523948,2,-1.753815,14.350037,13.874504,16.437715,2.087678,7,-0.658797,48504478.375397,37951671.559517,74580377.351429,37.943045,1,-1.605491,979.638118,947.127741,1110.38497,130.746852,8,-0.520786
2022-05-14,Dried fruit and nuts,1205.6339571428573,7057.008228571429,1900411.1019714286,1.8761681428571428,10.97602442857143,2955.421609142857,28,20,12,4,1354.723428,1038.388929,3492.095486,0.135705,28,-11.005159,1.889388,1.871719,1.912103,0.022716,18,-0.699686,7856.897445,6027.1344,20353.999714,0.304352,20,-10.180726,10.957706,10.926228,10.982189,0.031477,9,0.167176,2111373.829218,1619963.4337,5475933.913743,1.65164,12,-9.991728,2944.647013,2926.133188,2959.04748,18.513825,2,0.365905
2022-05-14,Edible oils and plant-based spreads,10982.334742857143,30578.638700000003,2031483.7777714285,4.549325428571429,12.683978857142858,843.1476634285715,13,9,11,4,11516.024682,7616.68445,19449.161571,1.153581,14,-4.634324,4.571062,4.524855,4.614628,0.046207,9,-0.475531,32326.766906,21393.85755,58323.040243,1.25224,9,-5.40768,12.826853,12.319996,13.748304,0.921451,8,-1.113868,2159306.817661,1382403.26375,3664321.3365,1.689136,11,-5.919633,859.015758,796.975647,904.810217,62.040111,9,-1.847241
2022-05-14,Fish and fish products,44670.8549,25476.345257142857,11527153.213857142,14.267043285714285,8.140179,3682.5317552857146,5,12,4,4,44048.218618,32840.772867,56109.634029,4.41239,6,1.413533,14.279638,14.164105,14.795633,0.515995,5,-0.088202,25097.448283,17677.2765,30066.8442,0.972198,12,1.509703,8.135042,7.924591,8.182162,0.210451,10,0.063148,11359882.239798,8182560.301667,13942633.360857,8.886365,4,1.472471,3682.364329,3675.505187,3683.900114,6.859142,1,0.004547
2022-05-14,"Fresh, chilled or frozen fruit",15846.619328571429,26411.77402857143,3311441.6156571433,0.8683842857142857,1.4480804285714284,181.5172462857143,10,11,7,4,15789.317297,10891.896033,19602.676833,1.581645,10,0.362916,0.869141,0.801294,0.91134,0.067847,26,-0.087082,26149.090577,18436.855767,31249.10995,1.012935,11,1.004561,1.440723,1.375786,1.496551,0.064936,24,0.510703,3309952.701717,2308666.66155,4022982.239033,2.589239,9,0.044983,182.199418,171.490344,193.700603,11.501184,24,-0.37441
2022-05-14,Fruit and vegetable juices,4015.540514285715,6449.4983999999995,969295.2866571428,0.5595152857142857,0.8981562857142856,135.14227,21,21,18,4,3956.552029,3322.8124,6014.348971,0.396335,21,1.490906,0.549655,0.523444,0.565905,0.026211,27,1.79384,6420.381727,5507.827633,10098.037914,0.248706,21,0.453504,0.890925,0.874856,0.907908,0.016983,26,0.811653,957660.438973,802306.9711,1466231.447171,0.749138,19,1.214924,133.064152,127.725177,136.908499,5.338975,25,1.561742
2022-05-14,"Leafy and stem vegetables, including cabbages",2703.006214285714,2716.0491142857145,561718.8150000001,0.5343585714285715,0.535584,110.92039171428571,26,26,23,4,2757.371029,2291.510433,5559.985586,0.276211,24,-1.971618,0.52777,0.516959,0.544295,0.016525,28,1.248378,2803.538455,2332.706917,5906.793629,0.1086,26,-3.120676,0.535526,0.508317,0.556186,0.027209,29,0.010801,582885.201471,490911.0199,1223458.897614,0.455967,23,-3.631313,111.33321,109.938657,113.745759,2.412549,26,-0.370796
2022-05-14,Meat alternative,2273.8930142857143,2845.320442857143,129444.43798571429,3.199473857142857,3.9993885714285713,181.98140771428572,27,25,26,4,2334.920785,1507.460183,3546.6332,0.233893,27,-2.613698,3.203856,3.15683,3.258684,0.054828,14,-0.13678,2935.016621,1767.951217,4661.065671,0.113694,25,-3.056071,4.007139,3.664715,4.363268,0.356129,17,-0.193414,134877.095393,76279.345517,224216.564714,0.105509,27,-4.027858,183.238195,156.950947,211.128878,27.890684,23,-0.685876
2022-05-14,Other Meat,157878.54725714287,370503.27698571427,12516017.647100002,15.082290571428572,35.28709885714286,1195.3032048571429,3,3,2,4,155605.134295,120499.749017,240673.170914,15.58725,3,1.461014,14.54359,13.440539,15.963764,1.420174,4,3.704042,346493.577259,242973.5198,463373.103614,13.422097,3,6.929335,32.476188,26.094584,40.120317,7.644129,4,8.655297,12871723.378448,10935977.428233,23519542.951257,10.069016,2,-2.763466,1196.865944,1171.617404,1306.265527,109.399583,7,-0.130569
2022-05-14,Other vegetables,22341.7383,47318.76452857143,4231540.675957142,1.3498298571428573,2.8650802857142854,255.78918942857143,9,7,6,4,21710.047346,15914.283133,28532.786986,2.174735,9,2.909671,1.356362,1.328676,1.385649,0.029287,22,-0.481591,48418.258862,34800.809067,62979.575171,1.875575,7,-2.270826,3.024343,2.70005,3.328264,0.324293,20,-5.266024,4158886.236624,3003937.482633,5335174.981029,3.253324,6,1.746969,259.81835,251.354083,267.523771,8.464267,21,-1.550761
2022-05-14,Pasta products,3689.197485714286,8012.433571428571,1372169.416585714,1.7635095714285713,3.827334142857143,655.8218758571429,22,19,14,4,3786.170854,2469.686283,4294.3287,0.379268,22,-2.561252,1.768948,1.755839,1.788505,0.019556,20,-0.307454,8190.71269,5343.18925,9354.024514,0.317283,19,-2.176601,3.82556,3.819282,3.831063,0.006278,18,0.046377,1402184.256253,917760.774833,1595015.077443,1.096871,14,-2.140577,655.192799,650.769265,663.292973,8.100175,11,0.096014
2022-05-14,Pastry (savoury),11724.937985714287,28962.431099999998,903191.4840142857,8.829555142857142,21.824538571428572,680.1108620000001,12,10,20,4,12126.324274,10321.05505,19579.955629,1.214716,12,-3.310041,8.741523,6.799252,9.710859,1.942272,7,1.007053,29965.389169,23568.996617,40972.183471,1.160767,10,-3.347055,21.659973,14.495135,25.177449,7.164837,6,0.75977,922921.302795,826556.673571,1901873.346986,0.721963,20,-2.137757,662.523247,612.539212,710.974256,49.984035,10,2.654641
2022-05-14,"Potatoes, root crops, non-starchy bulbs and mushrooms",8806.648085714285,13355.837599999999,952134.8444285715,0.46325214285714283,0.7027661428571428,50.090736,16,16,19,4,9479.581166,7237.189171,19570.309457,0.949587,16,-7.098764,0.46348,0.458367,0.464637,0.005112,29,-0.049102,14246.901157,10888.947086,28934.506829,0.551881,16,-6.254438,0.697227,0.679129,0.705335,0.018099,28,0.794384,1017563.41704,774128.405286,2033935.952857,0.795998,18,-6.429926,49.794536,47.743595,50.189854,2.050941,28,0.594844
2022-05-14,Preserved fruit and fruit based products,843.4734285714286,1247.5661571428573,179824.00614285716,0.8730818571428571,1.291615857142857,186.1641427142857,29,29,25,4,792.376834,427.837867,909.3098,0.079374,29,6.448522,0.873013,0.862756,0.878507,0.010257,25,0.00784,1172.190112,623.814667,1352.714314,0.045407,30,6.43036,1.290893,1.277285,1.314326,0.023434,25,0.055998,168954.540101,90254.870717,194439.635686,0.132166,25,6.433367,186.086047,184.937372,188.026297,1.940251,22,0.041968
2022-05-14,Ready meals,67326.30737142857,220399.59395714285,7955721.334871428,11.059349,36.17151771428571,1303.265294,4,4,5,4,69234.105759,59992.4463,88710.792357,6.935307,4,-2.755576,11.115542,10.328625,11.579405,0.786918,6,-0.50554,227633.511184,196833.1531,286054.254,8.817823,4,-3.177879,36.533255,33.59909,38.377942,2.934165,3,-0.990158,8015120.061351,6754268.6726,9946543.391871,6.269897,5,-0.741083,1287.886634,1233.17431,1329.759094,54.712323,6,1.1941
2022-05-14,Rice,6409.771514285714,4053.1202857142857,3231827.4173,4.411970857142857,2.789933571428571,2224.5016435714288,18,23,8,4,6693.004805,4764.563817,7877.731471,0.670451,18,-4.231781,4.413957,4.395409,4.435112,0.021155,11,-0.044999,4231.196538,3004.00565,4992.0532,0.163904,23,-4.20865,2.790459,2.785549,2.796059,0.0056,21,-0.018837,3374950.652558,2405027.938333,3968670.926971,2.640084,8,-4.24075,2225.728891,2214.268126,2238.80079,13.071899,3,-0.055139
2022-05-14,"Salt, spices, culinary herbs and other food products",418.52115714285713,963.6424142857143,102087.10627142857,0.9695742857142857,2.2291155714285713,236.5621267142857,30,30,27,4,516.810652,379.375457,1145.614886,0.05177,30,-19.018473,1.074819,0.809817,1.221574,0.265002,23,-9.791852,1349.002485,884.187243,3982.261571,0.052256,29,-28.566298,2.758251,1.860042,4.102337,1.344086,22,-19.183716,163697.872327,91196.791014,737993.111686,0.128054,26,-37.636877,323.367205,227.575549,684.446814,361.079609,19,-26.844119
2022-05-14,"Sauces, condiments",9605.672557142858,20289.976257142855,1299131.993,2.2880634285714287,4.830421428571428,309.2864742857143,15,14,15,4,9741.672716,6612.831643,16390.927014,0.975841,15,-1.396066,2.272242,2.219467,2.334464,0.062222,16,0.696302,19720.604072,13509.463229,32628.764671,0.763916,14,2.887194,4.633239,4.137111,5.845381,1.212142,15,4.255823,1352646.415272,951675.764257,2346649.088014,1.058119,16,-3.956276,315.774797,298.01131,338.335853,22.561056,20,-2.054731
2022-05-14,Savoury snacks,3433.9021857142857,10886.414271428572,646765.8585857142,1.7631512857142855,5.595156571428572,333.0982994285714,23,17,22,4,3508.406924,2934.376717,6976.290086,0.351444,23,-2.123606,1.778011,1.72737,1.930614,0.152603,19,-0.835744,11150.688654,9137.195133,21948.036743,0.431943,17,-2.370027,5.653864,5.480259,6.146643,0.492779,13,-1.038365,678020.444067,547013.339467,1387744.531357,0.530387,22,-4.609682,343.50234,316.547979,437.715846,94.213506,18,-3.028812
2022-05-14,"Soft drinks (inc. fizzy and ready to drink fruit drinks), mineral or spring water",5907.517785714285,1507.5725428571427,67791.17928571429,0.20797214285714286,0.05278914285714286,2.3946611428571427,19,28,30,4,5649.728345,4618.665886,10412.868729,0.565944,19,4.562864,0.21015,0.205601,0.225306,0.015156,30,-1.036149,1483.983748,1169.996771,3335.102614,0.057485,28,1.589559,0.055049,0.049885,0.071721,0.016672,30,-4.105065,65043.039427,52897.311257,116022.955314,0.05088,30,4.22511,2.439413,2.236549,2.64423,0.204817,30,-1.834522
2022-05-14,"Sugar, sugar products, jams and marmalades",4645.272514285714,3930.0839714285717,804097.9899285715,2.1302985714285714,1.8023062857142857,368.7543951428571,20,24,21,4,5300.058234,3688.53565,8378.2543,0.530917,20,-12.354312,2.154882,2.107335,2.194137,0.047547,17,-1.140821,4454.640753,3104.651483,7005.104414,0.172559,22,-11.775513,1.811221,1.793978,1.825456,0.017243,23,-0.492192,914944.404727,637128.790567,1443213.123371,0.715723,21,-12.115098,372.001013,365.721601,377.185269,6.279412,16,-0.872744
2022-05-14,"Tea, coffee, cocoa and powdered chocolate",35715.8258,36855.02402857143,79430.93148571429,26.72076014285714,27.541393142857142,59.238535,7,8,28,4,39709.720555,28327.34405,54265.222929,3.977795,7,-10.057726,26.740506,26.019858,27.627357,0.88685,2,-0.073844,42263.378573,30278.014383,59652.770557,1.637153,8,-12.796787,28.425734,27.112628,30.299542,1.873808,5,-3.111056,99012.963197,64382.544514,171887.487971,0.077454,28,-19.77724,66.404043,50.741391,87.517516,21.113474,27,-10.79077
2022-05-21,"Baker's yeast, dessert preparations, soups",6841.272171428572,10398.930571428571,1203763.8127857144,2.8149727142857146,4.231370857142857,494.65545142857144,17,18,16,4,7985.690448,5158.9966,11109.725871,0.799941,17,-14.330862,2.638836,2.399434,3.01519,0.376354,15,6.674801,10133.984543,7743.733817,12772.186,0.392559,18,2.614431,3.457694,2.339541,5.233981,1.776287,19,22.375499,1385906.736596,932849.351929,1911053.4077,1.084137,15,-13.142509,459.239816,405.329624,545.753175,86.513359,15,7.711796
2022-05-21,Beef and Lamb,175494.77267142857,640277.8042,2890847.301,91.17542028571428,332.258897,1499.9158645714285,2,2,9,4,207224.686107,139791.837786,342066.711086,20.758075,2,-15.311841,90.78412,81.878412,93.473207,8.905708,1,0.431023,762451.264726,511727.556257,1210221.180571,29.535021,1,-16.023773,332.544384,330.582466,339.041855,6.497471,1,-0.085849,3446260.019342,2311457.704143,5441731.711429,2.695867,7,-16.11639,1502.220715,1486.381377,1554.67736,52.456645,4,-0.15343
2022-05-21,Breads and cereals,34188.99278571428,83044.17984285715,12063743.690857142,1.7335155714285713,4.208197857142857,611.0820177142857,8,5,3,4,34676.828332,27259.42595,44667.298843,3.473641,8,-1.406806,1.729168,1.706626,1.753884,0.024716,21,0.251448,84408.522919,67389.80845,110732.959757,3.269727,6,-1.616357,4.207487,4.155123,4.294658,0.087171,16,0.016885,12243011.855362,9951514.284967,16090617.298671,9.577201,3,-1.464249,610.467519,604.357677,626.34124,15.87372,12,0.10066
2022-05-21,"Buns, crispbread and biscuits",14486.9373,18255.968657142857,1081298.8695,4.597099,5.7977484285714285,342.7818867142857,11,15,17,4,14641.766396,7038.073033,18824.045329,1.466692,11,-1.057448,4.567265,3.926231,4.713494,0.641034,10,0.653205,18464.739406,8809.09675,23471.154129,0.715267,15,-1.130646,5.761494,4.890149,5.974548,0.871345,12,0.629261,1107429.666344,654959.338583,1873560.941871,0.866296,17,-2.35959,345.52277,336.010497,388.190236,42.667466,17,-0.793257
2022-05-21,Cakes and puddings,11190.775357142858,22426.615585714288,1633504.8945428573,3.9629635714285714,7.937888428571428,577.4464205714286,13,13,13,4,12052.166693,9446.5345,27323.8271,1.207288,13,-7.147191,3.866842,3.605168,4.120057,0.261674,12,2.485797,24195.206302,19153.708186,54549.739343,0.937248,13,-7.309674,7.761808,7.357303,8.090825,0.404506,11,2.268543,1796396.537273,1442834.604586,4056742.431329,1.405247,13,-9.067689,574.910952,564.979312,581.588772,9.93164,13,0.441019
2022-05-21,Chocolate,45751.999585714286,79152.90652857142,2422866.5788999996,26.645253857142855,46.097464,1411.0465615714286,5,6,10,4,58315.82945,28150.229133,132547.293257,5.841603,5,-21.544459,26.648336,26.635705,26.70231,0.053974,3,-0.011566,100886.00487,48669.253133,229294.0415,3.908014,5,-21.542233,46.100992,46.086531,46.162786,0.061793,2,-0.007654,3087731.596088,1485490.099517,7016207.887686,2.415405,10,-21.532474,1410.912515,1408.565066,1411.461877,2.347449,5,0.009501
2022-05-21,Confectionery products,2799.52,4398.355357142857,380820.0609571428,3.377676857142857,5.305020714285715,457.5995625714286,24,22,24,4,2639.015552,1230.34235,3506.494586,0.264355,26,6.081982,3.375115,3.076151,3.996045,0.620931,13,0.075911,4173.185967,1949.08865,5594.6689,0.161656,24,5.395623,5.335199,4.888743,6.384052,1.048852,14,-0.565651,365423.519615,182796.127083,451633.892,0.285856,24,4.213342,467.73042,451.206086,488.80262,21.0722,14,-2.165961
2022-05-21,Dairy alternative,2748.3127999999997,1968.3999000000001,79391.5452857143,0.9802907142857142,0.7022332857142857,28.33895885714286,25,27,29,4,2660.652938,1800.759517,3323.2613,0.266522,25,3.294675,0.980224,0.980018,0.980467,0.000243,24,0.006794,1904.762021,1287.6059,2379.9254,0.073785,27,3.340988,0.701721,0.700136,0.703588,0.001867,27,0.073047,76719.871596,51670.4985,95957.073143,0.060015,29,3.482375,28.261161,28.02064,28.544487,0.283326,29,0.275282
2022-05-21,Dairy products and eggs,228057.35544285714,696452.5821571428,47565109.524885714,4.689486714285715,14.325733285714287,978.2407282857142,1,1,1,4,232477.799758,181843.006267,351065.404543,23.287725,1,-1.901448,4.695567,4.563031,5.229134,0.533567,8,-0.129487,710535.102733,556267.420133,1103935.183871,27.523948,2,-1.98196,14.350037,13.874504,16.437715,2.087678,7,-0.169363,48504478.375397,37951671.559517,74580377.351429,37.943045,1,-1.936664,979.638118,947.127741,1110.38497,130.746852,8,-0.142643
2022-05-21,Dried fruit and nuts,1218.9850000000001,7151.943671428571,1927001.3418571427,1.871719285714286,10.982189285714286,2959.0474802857143,28,20,12,4,1354.723428,1038.388929,3492.095486,0.135705,28,-10.019641,1.889388,1.871719,1.912103,0.022716,18,-0.935152,7856.897445,6027.1344,20353.999714,0.304352,20,-8.972419,10.957706,10.926228,10.982189,0.031477,9,0.223437,2111373.829218,1619963.4337,5475933.913743,1.65164,12,-8.732347,2944.647013,2926.133188,2959.04748,18.513825,2,0.489039
2022-05-21,Edible oils and plant-based spreads,10764.225814285715,29787.772942857144,1957658.1177714285,4.546551857142857,12.600388714285714,829.1769522857143,14,10,11,4,11516.024682,7616.68445,19449.161571,1.153581,14,-6.528285,4.571062,4.524855,4.614628,0.046207,9,-0.536208,32326.766906,21393.85755,58323.040243,1.25224,9,-7.854154,12.826853,12.319996,13.748304,0.921451,8,-1.765548,2159306.817661,1382403.26375,3664321.3365,1.689136,11,-9.338585,859.015758,796.975647,904.810217,62.040111,9,-3.473604
2022-05-21,Fish and fish products,44744.62942857143,25605.133885714284,11570244.616142856,14.241110714285714,8.150755571428572,3682.8764755714287,6,12,4,4,44048.218618,32840.772867,56109.634029,4.41239,6,1.581019,14.279638,14.164105,14.795633,0.515995,5,-0.269808,25097.448283,17677.2765,30066.8442,0.972198,12,2.022857,8.135042,7.924591,8.182162,0.210451,10,0.19316,11359882.239798,8182560.301667,13942633.360857,8.886365,4,1.851801,3682.364329,3675.505187,3683.900114,6.859142,1,0.013908
2022-05-21,"Fresh, chilled or frozen fruit",15806.703228571429,26331.5212,3299490.4195285714,0.8709015714285714,1.4510897142857144,181.72855914285714,10,11,8,4,15789.317297,10891.896033,19602.676833,1.581645,10,0.110112,0.869141,0.801294,0.91134,0.067847,26,0.202547,26149.090577,18436.855767,31249.10995,1.012935,11,0.697656,1.440723,1.375786,1.496551,0.064936,24,0.719576,3309952.701717,2308666.66155,4022982.239033,2.589239,9,-0.316086,182.199418,171.490344,193.700603,11.501184,24,-0.258431
2022-05-21,Fruit and vegetable juices,3915.7735428571427,6265.727971428571,950194.4756571428,0.5588402857142857,0.8928812857142857,135.5594274285714,21,21,19,4,3956.552029,3322.8124,6014.348971,0.396335,21,-1.030657,0.549655,0.523444,0.565905,0.026211,27,1.671036,6420.381727,5507.827633,10098.037914,0.248706,21,-2.408794,0.890925,0.874856,0.907908,0.016983,26,0.219572,957660.438973,802306.9711,1466231.447171,0.749138,19,-0.779604,133.064152,127.725177,136.908499,5.338975,25,1.875243
2022-05-21,"Leafy and stem vegetables, including cabbages",2648.3558285714284,2684.9736428571427,553882.0842285714,0.5334570000000001,0.5407768571428572,111.53321042857144,26,26,23,4,2757.371029,2291.510433,5559.985586,0.276211,24,-3.953592,0.52777,0.516959,0.544295,0.016525,28,1.077552,2803.538455,2332.706917,5906.793629,0.1086,26,-4.229113,0.535526,0.508317,0.556186,0.027209,29,0.980475,582885.201471,490911.0199,1223458.897614,0.455967,23,-4.975785,111.33321,109.938657,113.745759,2.412549,26,0.179641
2022-05-21,Meat alternative,2282.5877142857144,2861.815157142857,130817.24677142857,3.2028562857142857,4.011994857142858,183.2855165714286,27,25,26,4,2334.920785,1507.460183,3546.6332,0.233893,27,-2.241321,3.203856,3.15683,3.258684,0.054828,14,-0.031206,2935.016621,1767.951217,4661.065671,0.113694,25,-2.494073,4.007139,3.664715,4.363268,0.356129,17,0.121181,134877.095393,76279.345517,224216.564714,0.105509,27,-3.010036,183.238195,156.950947,211.128878,27.890684,23,0.025825
2022-05-21,Other Meat,155484.7145285714,360821.14904285717,12414676.508985715,15.008719999999999,34.80300914285714,1196.867376142857,3,3,2,4,155605.134295,120499.749017,240673.170914,15.58725,3,-0.077388,14.54359,13.440539,15.963764,1.420174,4,3.19818,346493.577259,242973.5198,463373.103614,13.422097,3,4.135018,32.476188,26.094584,40.120317,7.644129,4,7.164698,12871723.378448,10935977.428233,23519542.951257,10.069016,2,-3.550782,1196.865944,1171.617404,1306.265527,109.399583,7,0.00012
2022-05-21,Other vegetables,21927.998499999998,46926.29662857143,4173727.3898714287,1.3511714285714285,2.894587428571429,257.29708657142857,9,7,6,4,21710.047346,15914.283133,28532.786986,2.174735,9,1.003918,1.356362,1.328676,1.385649,0.029287,22,-0.382681,48418.258862,34800.809067,62979.575171,1.875575,7,-3.081404,3.024343,2.70005,3.328264,0.324293,20,-4.290369,4158886.236624,3003937.482633,5335174.981029,3.253324,6,0.356854,259.81835,251.354083,267.523771,8.464267,21,-0.970395
2022-05-21,Pasta products,3848.4947857142856,8331.987385714285,1429546.0668428573,1.7665352857142858,3.8260762857142856,656.3297974285714,22,19,14,4,3786.170854,2469.686283,4294.3287,0.379268,22,1.646094,1.768948,1.755839,1.788505,0.019556,20,-0.136408,8190.71269,5343.18925,9354.024514,0.317283,19,1.724816,3.82556,3.819282,3.831063,0.006278,18,0.013497,1402184.256253,917760.774833,1595015.077443,1.096871,14,1.951371,655.192799,650.769265,663.292973,8.100175,11,0.173537
2022-05-21,Pastry (savoury),12086.896200000001,29861.048042857143,925305.3042285714,8.867197428571428,21.924748571428573,677.9196457142856,12,9,20,4,12126.324274,10321.05505,19579.955629,1.214716,12,-0.325144,8.741523,6.799252,9.710859,1.942272,7,1.437667,29965.389169,23568.996617,40972.183471,1.160767,10,-0.348205,21.659973,14.495135,25.177449,7.164837,6,1.222421,922921.302795,826556.673571,1901873.346986,0.721963,20,0.25831,662.523247,612.539212,710.974256,49.984035,10,2.323903
2022-05-21,"Potatoes, root crops, non-starchy bulbs and mushrooms",8892.371728571428,13454.157557142857,959767.601,0.46317485714285717,0.7006851428571429,49.967582285714286,16,16,18,4,9479.581166,7237.189171,19570.309457,0.949587,16,-6.194466,0.46348,0.458367,0.464637,0.005112,29,-0.065777,14246.901157,10888.947086,28934.506829,0.551881,16,-5.564323,0.697227,0.679129,0.705335,0.018099,28,0.495916,1017563.41704,774128.405286,2033935.952857,0.795998,18,-5.679824,49.794536,47.743595,50.189854,2.050941,28,0.34752
2022-05-21,Preserved fruit and fruit based products,805.1317,1197.8525714285715,172397.1560857143,0.8714877142857143,1.2955614285714285,186.49715042857142,29,29,25,4,792.376834,427.837867,909.3098,0.079374,29,1.609697,0.873013,0.862756,0.878507,0.010257,25,-0.174763,1172.190112,623.814667,1352.714314,0.045407,30,2.189275,1.290893,1.277285,1.314326,0.023434,25,0.361645,168954.540101,90254.870717,194439.635686,0.132166,25,2.037599,186.086047,184.937372,188.026297,1.940251,22,0.220921
2022-05-21,Ready meals,65427.63248571428,214834.3185142857,7862106.0913,10.81792357142857,35.52181642857143,1300.5389684285715,4,4,5,4,69234.105759,59992.4463,88710.792357,6.935307,4,-5.497974,11.115542,10.328625,11.579405,0.786918,6,-2.677502,227633.511184,196833.1531,286054.254,8.817823,4,-5.622719,36.533255,33.59909,38.377942,2.934165,3,-2.768541,8015120.061351,6754268.6726,9946543.391871,6.269897,5,-1.909066,1287.886634,1233.17431,1329.759094,54.712323,6,0.982411
2022-05-21,Rice,6660.6042,4211.335428571429,3358420.2799142855,4.412623571428571,2.790106142857143,2224.904930142857,18,23,7,4,6693.004805,4764.563817,7877.731471,0.670451,18,-0.484097,4.413957,4.395409,4.435112,0.021155,11,-0.030212,4231.196538,3004.00565,4992.0532,0.163904,23,-0.469397,2.790459,2.785549,2.796059,0.0056,21,-0.012653,3374950.652558,2405027.938333,3968670.926971,2.640084,8,-0.489796,2225.728891,2214.268126,2238.80079,13.071899,3,-0.03702
2022-05-21,"Salt, spices, culinary herbs and other food products",421.7027857142857,996.5052999999999,107737.75102857142,0.9674952857142858,2.273951285714286,247.75868842857145,30,30,27,4,516.810652,379.375457,1145.614886,0.05177,30,-18.402846,1.074819,0.809817,1.221574,0.265002,23,-9.985279,1349.002485,884.187243,3982.261571,0.052256,29,-26.13021,2.758251,1.860042,4.102337,1.344086,22,-17.558203,163697.872327,91196.791014,737993.111686,0.128054,26,-34.185002,323.367205,227.575549,684.446814,361.079609,19,-23.381628
2022-05-21,"Sauces, condiments",9289.714257142858,19440.08947142857,1264027.220042857,2.283691,4.778076428571429,310.75682,15,14,15,4,9741.672716,6612.831643,16390.927014,0.975841,15,-4.639434,2.272242,2.219467,2.334464,0.062222,16,0.503874,19720.604072,13509.463229,32628.764671,0.763916,14,-1.422444,4.633239,4.137111,5.845381,1.212142,15,3.126051,1352646.415272,951675.764257,2346649.088014,1.058119,16,-6.551542,315.774797,298.01131,338.335853,22.561056,20,-1.5891
2022-05-21,Savoury snacks,3385.326242857143,10758.148628571429,631092.1771428572,1.7315945714285714,5.505902857142857,323.8080397142857,23,17,22,4,3508.406924,2934.376717,6976.290086,0.351444,23,-3.508164,1.778011,1.72737,1.930614,0.152603,19,-2.610576,11150.688654,9137.195133,21948.036743,0.431943,17,-3.520321,5.653864,5.480259,6.146643,0.492779,13,-2.616997,678020.444067,547013.339467,1387744.531357,0.530387,22,-6.921365,343.50234,316.547979,437.715846,94.213506,18,-5.733382
2022-05-21,"Soft drinks (inc. fizzy and ready to drink fruit drinks), mineral or spring water",5817.633114285714,1460.0220142857142,68930.30891428572,0.20678771428571427,0.05166442857142857,2.4606467142857142,19,28,30,4,5649.728345,4618.665886,10412.868729,0.565944,19,2.971909,0.21015,0.205601,0.225306,0.015156,30,-1.599761,1483.983748,1169.996771,3335.102614,0.057485,28,-1.61469,0.055049,0.049885,0.071721,0.016672,30,-6.148183,65043.039427,52897.311257,116022.955314,0.05088,30,5.976457,2.439413,2.236549,2.64423,0.204817,30,0.870456
2022-05-21,"Sugar, sugar products, jams and marmalades",4956.2273,4180.4463000000005,856844.7863285715,2.140271857142857,1.8059228571428572,370.0715068571429,20,24,21,4,5300.058234,3688.53565,8378.2543,0.530917,20,-6.487305,2.154882,2.107335,2.194137,0.047547,17,-0.677998,4454.640753,3104.651483,7005.104414,0.172559,22,-6.155254,1.811221,1.793978,1.825456,0.017243,23,-0.292516,914944.404727,637128.790567,1443213.123371,0.715723,21,-6.350071,372.001013,365.721601,377.185269,6.279412,16,-0.518683
2022-05-21,"Tea, coffee, cocoa and powdered chocolate",35316.142114285714,37045.86951428572,80917.60462857143,26.596461428571427,27.879993000000002,60.970176571428574,7,8,28,4,39709.720555,28327.34405,54265.222929,3.977795,7,-11.064239,26.740506,26.019858,27.627357,0.88685,2,-0.538677,42263.378573,30278.014383,59652.770557,1.637153,8,-12.345225,28.425734,27.112628,30.299542,1.873808,5,-1.919883,99012.963197,64382.544514,171887.487971,0.077454,28,-18.275747,66.404043,50.741391,87.517516,21.113474,27,-8.183035
2022-05-28,"Baker's yeast, dessert preparations, soups",7266.223857142858,11541.99877142857,1272755.4887714286,2.908470285714286,4.59148,508.64809057142855,17,18,16,4,7985.690448,5158.9966,11109.725871,0.799941,17,-9.009448,2.638836,2.399434,3.01519,0.376354,15,10.217939,10133.984543,7743.733817,12772.186,0.392559,18,13.893984,3.457694,2.339541,5.233981,1.776287,19,32.790218,1385906.736596,932849.351929,1911053.4077,1.084137,15,-8.16442,459.239816,405.329624,545.753175,86.513359,15,10.758709
2022-05-28,Beef and Lamb,183495.60555714284,670540.2238857143,3028117.528,91.06680142857144,332.3381435714286,1500.5556552857142,2,2,9,4,207224.686107,139791.837786,342066.711086,20.758075,2,-11.450895,90.78412,81.878412,93.473207,8.905708,1,0.311378,762451.264726,511727.556257,1210221.180571,29.535021,1,-12.054677,332.544384,330.582466,339.041855,6.497471,1,-0.062019,3446260.019342,2311457.704143,5441731.711429,2.695867,7,-12.133225,1502.220715,1486.381377,1554.67736,52.456645,4,-0.11084
2022-05-28,Breads and cereals,35392.378385714284,86350.52365714285,12641781.492057143,1.7259971428571428,4.208263428571429,615.6691068571428,8,5,3,4,34676.828332,27259.42595,44667.298843,3.473641,8,2.063482,1.729168,1.706626,1.753884,0.024716,21,-0.183352,84408.522919,67389.80845,110732.959757,3.269727,6,2.300716,4.207487,4.155123,4.294658,0.087171,16,0.018444,12243011.855362,9951514.284967,16090617.298671,9.577201,3,3.25712,610.467519,604.357677,626.34124,15.87372,12,0.852066
2022-05-28,"Buns, crispbread and biscuits",14421.466128571428,18131.71402857143,1096055.2749714286,4.544073857142857,5.713624285714286,344.9531572857143,11,15,18,4,14641.766396,7038.073033,18824.045329,1.466692,11,-1.504602,4.567265,3.926231,4.713494,0.641034,10,-0.507777,18464.739406,8809.09675,23471.154129,0.715267,15,-1.803575,5.761494,4.890149,5.974548,0.871345,12,-0.830849,1107429.666344,654959.338583,1873560.941871,0.866296,17,-1.027098,345.52277,336.010497,388.190236,42.667466,17,-0.164855
2022-05-28,Cakes and puddings,12141.913,24487.502428571428,1805475.8312428573,3.904479,7.8715785714285715,579.516118,13,13,13,4,12052.166693,9446.5345,27323.8271,1.207288,13,0.744649,3.866842,3.605168,4.120057,0.261674,12,0.973333,24195.206302,19153.708186,54549.739343,0.937248,13,1.208075,7.761808,7.357303,8.090825,0.404506,11,1.414233,1796396.537273,1442834.604586,4056742.431329,1.405247,13,0.505417,574.910952,564.979312,581.588772,9.93164,13,0.801022
2022-05-28,Chocolate,48046.80307142857,83121.94471428571,2544215.1427,26.646146285714284,46.09848542857143,1411.0077509999999,5,6,10,4,58315.82945,28150.229133,132547.293257,5.841603,5,-17.609329,26.648336,26.635705,26.70231,0.053974,3,-0.008217,100886.00487,48669.253133,229294.0415,3.908014,5,-17.608052,46.100992,46.086531,46.162786,0.061793,2,-0.005438,3087731.596088,1485490.099517,7016207.887686,2.415405,10,-17.602451,1410.912515,1408.565066,1411.461877,2.347449,5,0.00675
2022-05-28,Confectionery products,2813.270442857143,4420.860342857143,383805.5800285715,3.361414142857143,5.281953285714286,458.190559,24,23,24,4,2639.015552,1230.34235,3506.494586,0.264355,26,6.603026,3.375115,3.076151,3.996045,0.620931,13,-0.405931,4173.185967,1949.08865,5594.6689,0.161656,24,5.934899,5.335199,4.888743,6.384052,1.048852,14,-0.998014,365423.519615,182796.127083,451633.892,0.285856,24,5.030344,467.73042,451.206086,488.80262,21.0722,14,-2.039607
2022-05-28,Dairy alternative,2711.8866857142857,1939.9914,77960.68314285715,0.9801507142857143,0.7011574285714285,28.175655142857142,25,27,29,4,2660.652938,1800.759517,3323.2613,0.266522,25,1.925608,0.980224,0.980018,0.980467,0.000243,24,-0.007488,1904.762021,1287.6059,2379.9254,0.073785,27,1.849542,0.701721,0.700136,0.703588,0.001867,27,-0.08027,76719.871596,51670.4985,95957.073143,0.060015,29,1.617327,28.261161,28.02064,28.544487,0.283326,29,-0.302556
2022-05-28,Dairy products and eggs,241883.71024285717,739174.3452857143,50508299.26431429,4.768067857142857,14.574899142857143,995.6953451428571,1,1,1,4,232477.799758,181843.006267,351065.404543,23.287725,1,4.045939,4.695567,4.563031,5.229134,0.533567,8,1.544031,710535.102733,556267.420133,1103935.183871,27.523948,2,4.030658,14.350037,13.874504,16.437715,2.087678,7,1.56698,48504478.375397,37951671.559517,74580377.351429,37.943045,1,4.131208,979.638118,947.127741,1110.38497,130.746852,8,1.639098
2022-05-28,Dried fruit and nuts,1277.9647571428573,7474.670171428572,2012536.0831857142,1.8756644285714283,10.97672242857143,2955.8320464285716,28,20,11,4,1354.723428,1038.388929,3492.095486,0.135705,28,-5.666003,1.889388,1.871719,1.912103,0.022716,18,-0.726346,7856.897445,6027.1344,20353.999714,0.304352,20,-4.864863,10.957706,10.926228,10.982189,0.031477,9,0.173546,2111373.829218,1619963.4337,5475933.913743,1.65164,12,-4.681205,2944.647013,2926.133188,2959.04748,18.513825,2,0.379843
2022-05-28,Edible oils and plant-based spreads,10985.120985714286,29789.575042857145,1973375.2790285714,4.536685428571428,12.319996428571429,814.7715347142857,14,10,12,4,11516.024682,7616.68445,19449.161571,1.153581,14,-4.61013,4.571062,4.524855,4.614628,0.046207,9,-0.752053,32326.766906,21393.85755,58323.040243,1.25224,9,-7.848579,12.826853,12.319996,13.748304,0.921451,8,-3.951527,2159306.817661,1382403.26375,3664321.3365,1.689136,11,-8.610705,859.015758,796.975647,904.810217,62.040111,9,-5.150572
2022-05-28,Fish and fish products,44877.88258571429,25534.609371428574,11563985.966999998,14.290538285714286,8.130596285714287,3682.2194331428573,6,12,4,4,44048.218618,32840.772867,56109.634029,4.41239,6,1.883536,14.279638,14.164105,14.795633,0.515995,5,0.076333,25097.448283,17677.2765,30066.8442,0.972198,12,1.741855,8.135042,7.924591,8.182162,0.210451,10,-0.054648,11359882.239798,8182560.301667,13942633.360857,8.886365,4,1.796706,3682.364329,3675.505187,3683.900114,6.859142,1,-0.003935
2022-05-28,"Fresh, chilled or frozen fruit",15927.611885714286,26354.1887,3354401.9553285716,0.8822267142857143,1.459894,185.76000742857144,10,11,7,4,15789.317297,10891.896033,19602.676833,1.581645,10,0.875874,0.869141,0.801294,0.91134,0.067847,26,1.505574,26149.090577,18436.855767,31249.10995,1.012935,11,0.784341,1.440723,1.375786,1.496551,0.064936,24,1.330678,3309952.701717,2308666.66155,4022982.239033,2.589239,9,1.342897,182.199418,171.490344,193.700603,11.501184,24,1.954226
2022-05-28,Fruit and vegetable juices,3965.527057142857,6388.594171428572,958864.8470285714,0.5538657142857143,0.8912192857142857,133.982755,22,21,21,4,3956.552029,3322.8124,6014.348971,0.396335,21,0.22684,0.549655,0.523444,0.565905,0.026211,27,0.766001,6420.381727,5507.827633,10098.037914,0.248706,21,-0.495104,0.890925,0.874856,0.907908,0.016983,26,0.033024,957660.438973,802306.9711,1466231.447171,0.749138,19,0.125766,133.064152,127.725177,136.908499,5.338975,25,0.690346
2022-05-28,"Leafy and stem vegetables, including cabbages",2705.4923571428567,2736.153028571429,563951.4420285715,0.5334067142857143,0.5389744285714285,111.21362428571429,26,26,23,4,2757.371029,2291.510433,5559.985586,0.276211,24,-1.881454,0.52777,0.516959,0.544295,0.016525,28,1.068024,2803.538455,2332.706917,5906.793629,0.1086,26,-2.403585,0.535526,0.508317,0.556186,0.027209,29,0.643903,582885.201471,490911.0199,1223458.897614,0.455967,23,-3.248283,111.33321,109.938657,113.745759,2.412549,26,-0.107413
2022-05-28,Meat alternative,2334.9000285714287,2932.599871428571,133009.53354285713,3.195465571428571,4.010171714285714,181.73293199999998,27,25,26,4,2334.920785,1507.460183,3546.6332,0.233893,27,-0.000889,3.203856,3.15683,3.258684,0.054828,14,-0.261888,2935.016621,1767.951217,4661.065671,0.113694,25,-0.082342,4.007139,3.664715,4.363268,0.356129,17,0.075684,134877.095393,76279.345517,224216.564714,0.105509,27,-1.38464,183.238195,156.950947,211.128878,27.890684,23,-0.821479
2022-05-28,Other Meat,176039.7964142857,423978.3537428571,13966256.162985714,15.322953857142858,36.66675585714285,1217.9995307142856,3,3,2,4,155605.134295,120499.749017,240673.170914,15.58725,3,13.132383,14.54359,13.440539,15.963764,1.420174,4,5.358814,346493.577259,242973.5198,463373.103614,13.422097,3,22.362543,32.476188,26.094584,40.120317,7.644129,4,12.903508,12871723.378448,10935977.428233,23519542.951257,10.069016,2,8.50339,1196.865944,1171.617404,1306.265527,109.399583,7,1.765744
2022-05-28,Other vegetables,22821.523585714283,48035.168699999995,4301414.128042857,1.353978142857143,2.8617651428571427,255.45426385714285,9,7,6,4,21710.047346,15914.283133,28532.786986,2.174735,9,5.11964,1.356362,1.328676,1.385649,0.029287,22,-0.175752,48418.258862,34800.809067,62979.575171,1.875575,7,-0.79121,3.024343,2.70005,3.328264,0.324293,20,-5.375639,4158886.236624,3003937.482633,5335174.981029,3.253324,6,3.427069,259.81835,251.354083,267.523771,8.464267,21,-1.679668
2022-05-28,Pasta products,4166.424585714286,9073.935785714286,1549745.4823857143,1.7584909999999998,3.829699,654.097385857143,21,19,14,4,3786.170854,2469.686283,4294.3287,0.379268,22,10.043227,1.768948,1.755839,1.788505,0.019556,20,-0.591157,8190.71269,5343.18925,9354.024514,0.317283,19,10.783226,3.82556,3.819282,3.831063,0.006278,18,0.108195,1402184.256253,917760.774833,1595015.077443,1.096871,14,10.523669,655.192799,650.769265,663.292973,8.100175,11,-0.167189
2022-05-28,Pastry (savoury),13645.322114285713,32228.6712,1129910.4250571427,8.339859142857142,19.76626142857143,686.7957479999999,12,9,17,4,12126.324274,10321.05505,19579.955629,1.214716,12,12.526449,8.741523,6.799252,9.710859,1.942272,7,-4.5949,29965.389169,23568.996617,40972.183471,1.160767,10,7.552987,21.659973,14.495135,25.177449,7.164837,6,-8.742906,922921.302795,826556.673571,1901873.346986,0.721963,20,22.427603,662.523247,612.539212,710.974256,49.984035,10,3.663645
2022-05-28,"Potatoes, root crops, non-starchy bulbs and mushrooms",9224.556842857142,13981.736642857142,994402.8430000001,0.46332214285714285,0.7021459999999999,49.93639685714286,16,16,20,4,9479.581166,7237.189171,19570.309457,0.949587,16,-2.690249,0.46348,0.458367,0.464637,0.005112,29,-0.033999,14246.901157,10888.947086,28934.506829,0.551881,16,-1.861208,0.697227,0.679129,0.705335,0.018099,28,0.705439,1017563.41704,774128.405286,2033935.952857,0.795998,18,-2.276082,49.794536,47.743595,50.189854,2.050941,28,0.284892
2022-05-28,Preserved fruit and fruit based products,839.0926857142857,1241.990142857143,178986.14612857142,0.8730897142857142,1.291863,186.19011114285715,29,29,25,4,792.376834,427.837867,909.3098,0.079374,29,5.895661,0.873013,0.862756,0.878507,0.010257,25,0.00874,1172.190112,623.814667,1352.714314,0.045407,30,5.954668,1.290893,1.277285,1.314326,0.023434,25,0.075143,168954.540101,90254.870717,194439.635686,0.132166,25,5.937459,186.086047,184.937372,188.026297,1.940251,22,0.055923
2022-05-28,Ready meals,65064.27487142857,213595.00934285714,8002779.885328571,10.601162285714285,34.79930628571429,1301.3194434285713,4,4,5,4,69234.105759,59992.4463,88710.792357,6.935307,4,-6.022799,11.115542,10.328625,11.579405,0.786918,6,-4.627576,227633.511184,196833.1531,286054.254,8.817823,4,-6.167151,36.533255,33.59909,38.377942,2.934165,3,-4.746219,8015120.061351,6754268.6726,9946543.391871,6.269897,5,-0.153961,1287.886634,1233.17431,1329.759094,54.712323,6,1.043012
2022-05-28,Rice,6552.127200000001,4139.582171428571,3304703.0163714285,4.418455,2.79165,2228.5081917142857,18,24,8,4,6693.004805,4764.563817,7877.731471,0.670451,18,-2.104848,4.413957,4.395409,4.435112,0.021155,11,0.101902,4231.196538,3004.00565,4992.0532,0.163904,23,-2.165212,2.790459,2.785549,2.796059,0.0056,21,0.042673,3374950.652558,2405027.938333,3968670.926971,2.640084,8,-2.081442,2225.728891,2214.268126,2238.80079,13.071899,3,0.124871
2022-05-28,"Salt, spices, culinary herbs and other food products",450.4941714285714,1073.862157142857,113204.4686857143,0.9975071428571428,2.3774542857142857,252.86409685714287,30,30,27,4,516.810652,379.375457,1145.614886,0.05177,30,-12.831872,1.074819,0.809817,1.221574,0.265002,23,-7.193009,1349.002485,884.187243,3982.261571,0.052256,29,-20.395836,2.758251,1.860042,4.102337,1.344086,22,-13.805716,163697.872327,91196.791014,737993.111686,0.128054,26,-30.845486,323.367205,227.575549,684.446814,361.079609,19,-21.802801
2022-05-28,"Sauces, condiments",10328.785142857143,21966.753385714284,1398839.6303714286,2.3003414285714285,4.881068428571429,312.0210041428571,15,14,15,4,9741.672716,6612.831643,16390.927014,0.975841,15,6.026813,2.272242,2.219467,2.334464,0.062222,16,1.236649,19720.604072,13509.463229,32628.764671,0.763916,14,11.389861,4.633239,4.137111,5.845381,1.212142,15,5.348946,1352646.415272,951675.764257,2346649.088014,1.058119,16,3.415025,315.774797,298.01131,338.335853,22.561056,20,-1.188756
2022-05-28,Savoury snacks,3790.5548999999996,11984.6752,694812.1889571429,1.7330031428571429,5.480259285714285,317.9047835714286,23,17,22,4,3508.406924,2934.376717,6976.290086,0.351444,23,8.042054,1.778011,1.72737,1.930614,0.152603,19,-2.531355,11150.688654,9137.195133,21948.036743,0.431943,17,7.479238,5.653864,5.480259,6.146643,0.492779,13,-3.070555,678020.444067,547013.339467,1387744.531357,0.530387,22,2.476584,343.50234,316.547979,437.715846,94.213506,18,-7.451931
2022-05-28,"Soft drinks (inc. fizzy and ready to drink fruit drinks), mineral or spring water",6339.0572,1698.061357142857,72907.81727142858,0.21107257142857144,0.05615328571428572,2.4340392857142854,19,28,30,4,5649.728345,4618.665886,10412.868729,0.565944,19,12.201097,0.21015,0.205601,0.225306,0.015156,30,0.439194,1483.983748,1169.996771,3335.102614,0.057485,28,14.425873,0.055049,0.049885,0.071721,0.016672,30,2.00612,65043.039427,52897.311257,116022.955314,0.05088,30,12.091652,2.439413,2.236549,2.64423,0.204817,30,-0.220275
2022-05-28,"Sugar, sugar products, jams and marmalades",5962.105257142857,4991.550342857144,1027574.8412142858,2.168651,1.816214142857143,373.81944985714284,20,22,19,4,5300.058234,3688.53565,8378.2543,0.530917,20,12.491316,2.154882,2.107335,2.194137,0.047547,17,0.638971,4454.640753,3104.651483,7005.104414,0.172559,22,12.052815,1.811221,1.793978,1.825456,0.017243,23,0.27568,914944.404727,637128.790567,1443213.123371,0.715723,21,12.310085,372.001013,365.721601,377.185269,6.279412,16,0.488826
2022-05-28,"Tea, coffee, cocoa and powdered chocolate",36822.65218571429,38518.844,85307.49557142858,26.680618285714285,27.893617857142857,61.724079857142854,7,8,28,4,39709.720555,28327.34405,54265.222929,3.977795,7,-7.270432,26.740506,26.019858,27.627357,0.88685,2,-0.22396,42263.378573,30278.014383,59652.770557,1.637153,8,-8.859998,28.425734,27.112628,30.299542,1.873808,5,-1.871951,99012.963197,64382.544514,171887.487971,0.077454,28,-13.842094,66.404043,50.741391,87.517516,21.113474,27,-7.047708
2022-06-04,"Baker's yeast, dessert preparations, soups",6722.686285714286,9947.658642857143,1185085.7431,2.775312,4.085587,488.7367444285714,17,18,16,5,7985.690448,5158.9966,11109.725871,0.799941,17,-15.815842,2.638836,2.399434,3.01519,0.376354,15,5.171839,10133.984543,7743.733817,12772.186,0.392559,18,-1.838624,3.457694,2.339541,5.233981,1.776287,19,18.159283,1385906.736596,932849.351929,1911053.4077,1.084137,15,-14.490224,459.239816,405.329624,545.753175,86.513359,15,6.42299
2022-06-04,Beef and Lamb,172506.66929999998,628285.3268,2836054.648285714,91.30227557142858,332.16634500000004,1499.168657142857,2,2,9,5,207224.686107,139791.837786,342066.711086,20.758075,2,-16.753804,90.78412,81.878412,93.473207,8.905708,1,0.570756,762451.264726,511727.556257,1210221.180571,29.535021,1,-17.596658,332.544384,330.582466,339.041855,6.497471,1,-0.113681,3446260.019342,2311457.704143,5441731.711429,2.695867,7,-17.706307,1502.220715,1486.381377,1554.67736,52.456645,4,-0.20317
2022-06-04,Breads and cereals,34297.58818571428,83183.29491428573,12075970.5424,1.7329264285714285,4.200930428571429,609.5668552857143,8,5,3,5,34676.828332,27259.42595,44667.298843,3.473641,8,-1.093641,1.729168,1.706626,1.753884,0.024716,21,0.217377,84408.522919,67389.80845,110732.959757,3.269727,6,-1.451545,4.207487,4.155123,4.294658,0.087171,16,-0.155841,12243011.855362,9951514.284967,16090617.298671,9.577201,3,-1.364381,610.467519,604.357677,626.34124,15.87372,12,-0.147537
2022-06-04,"Buns, crispbread and biscuits",15033.564757142856,19039.309057142855,1109068.393342857,4.635674857142858,5.869159000000001,343.09851014285715,11,15,17,5,14641.766396,7038.073033,18824.045329,1.466692,11,2.675895,4.567265,3.926231,4.713494,0.641034,10,1.497822,18464.739406,8809.09675,23471.154129,0.715267,15,3.111713,5.761494,4.890149,5.974548,0.871345,12,1.868707,1107429.666344,654959.338583,1873560.941871,0.866296,17,0.147976,345.52277,336.010497,388.190236,42.667466,17,-0.701621
2022-06-04,Cakes and puddings,11212.845942857142,22427.090314285713,1623496.6349,3.9939568571428574,7.9880451428571435,577.966325,13,13,13,5,12052.166693,9446.5345,27323.8271,1.207288,13,-6.964065,3.866842,3.605168,4.120057,0.261674,12,3.287311,24195.206302,19153.708186,54549.739343,0.937248,13,-7.307712,7.761808,7.357303,8.090825,0.404506,11,2.914742,1796396.537273,1442834.604586,4056742.431329,1.405247,13,-9.624818,574.910952,564.979312,581.588772,9.93164,13,0.531451
2022-06-04,Chocolate,47730.39884285715,82580.47368571429,2528435.5115571427,26.64063657142857,46.092177428571425,1411.2473817142857,5,6,10,5,58315.82945,28150.229133,132547.293257,5.841603,5,-18.151899,26.648336,26.635705,26.70231,0.053974,3,-0.028893,100886.00487,48669.253133,229294.0415,3.908014,5,-18.144768,46.100992,46.086531,46.162786,0.061793,2,-0.019121,3087731.596088,1485490.099517,7016207.887686,2.415405,10,-18.113494,1410.912515,1408.565066,1411.461877,2.347449,5,0.023734
2022-06-04,Confectionery products,2668.892757142857,4198.236442857143,367966.11461428565,3.3555705714285717,5.274606857142857,458.8351407142857,24,23,24,5,2639.015552,1230.34235,3506.494586,0.264355,26,1.132135,3.375115,3.076151,3.996045,0.620931,13,-0.579067,4173.185967,1949.08865,5594.6689,0.161656,24,0.600272,5.335199,4.888743,6.384052,1.048852,14,-1.135711,365423.519615,182796.127083,451633.892,0.285856,24,0.695794,467.73042,451.206086,488.80262,21.0722,14,-1.901796
2022-06-04,Dairy alternative,2585.1873428571425,1850.1086,74441.37685714285,0.980195,0.701497,28.227228285714286,26,27,29,5,2660.652938,1800.759517,3323.2613,0.266522,25,-2.836356,0.980224,0.980018,0.980467,0.000243,24,-0.00297,1904.762021,1287.6059,2379.9254,0.073785,27,-2.869304,0.701721,0.700136,0.703588,0.001867,27,-0.031878,76719.871596,51670.4985,95957.073143,0.060015,29,-2.969889,28.261161,28.02064,28.544487,0.283326,29,-0.120068
2022-06-04,Dairy products and eggs,225822.20384285715,689458.7494142858,47088929.5929,4.690672714285715,14.328072,978.2792327142857,1,1,1,5,232477.799758,181843.006267,351065.404543,23.287725,1,-2.862895,4.695567,4.563031,5.229134,0.533567,8,-0.104229,710535.102733,556267.420133,1103935.183871,27.523948,2,-2.966265,14.350037,13.874504,16.437715,2.087678,7,-0.153065,48504478.375397,37951671.559517,74580377.351429,37.943045,1,-2.918388,979.638118,947.127741,1110.38497,130.746852,8,-0.138713
2022-06-04,Dried fruit and nuts,1166.2134285714287,6804.652714285715,1831133.9300999998,1.879133,10.971915714285714,2953.0048424285715,28,20,12,5,1354.723428,1038.388929,3492.095486,0.135705,28,-13.915017,1.889388,1.871719,1.912103,0.022716,18,-0.542765,7856.897445,6027.1344,20353.999714,0.304352,20,-13.392624,10.957706,10.926228,10.982189,0.031477,9,0.12968,2111373.829218,1619963.4337,5475933.913743,1.65164,12,-13.27287,2944.647013,2926.133188,2959.04748,18.513825,2,0.283831
2022-06-04,Edible oils and plant-based spreads,10642.236914285715,29191.94242857143,1960094.5557,4.566743571428572,12.547143857142856,841.6778595714286,14,10,11,5,11516.024682,7616.68445,19449.161571,1.153581,14,-7.587582,4.571062,4.524855,4.614628,0.046207,9,-0.094478,32326.766906,21393.85755,58323.040243,1.25224,9,-9.697303,12.826853,12.319996,13.748304,0.921451,8,-2.180653,2159306.817661,1382403.26375,3664321.3365,1.689136,11,-9.225751,859.015758,796.975647,904.810217,62.040111,9,-2.018345
2022-06-04,Fish and fish products,44178.01298571429,25183.309885714287,11396659.126142858,14.271806,8.138236142857142,3682.468442428571,6,12,4,5,44048.218618,32840.772867,56109.634029,4.41239,6,0.294664,14.279638,14.164105,14.795633,0.515995,5,-0.054849,25097.448283,17677.2765,30066.8442,0.972198,12,0.342113,8.135042,7.924591,8.182162,0.210451,10,0.039265,11359882.239798,8182560.301667,13942633.360857,8.886365,4,0.323744,3682.364329,3675.505187,3683.900114,6.859142,1,0.002827
2022-06-04,"Fresh, chilled or frozen fruit",16037.693685714285,26281.116828571427,3323726.4216857143,0.8800491428571429,1.4441614285714286,182.63547271428573,10,11,7,5,15789.317297,10891.896033,19602.676833,1.581645,10,1.573066,0.869141,0.801294,0.91134,0.067847,26,1.255031,26149.090577,18436.855767,31249.10995,1.012935,11,0.504898,1.440723,1.375786,1.496551,0.064936,24,0.238686,3309952.701717,2308666.66155,4022982.239033,2.589239,9,0.41613,182.199418,171.490344,193.700603,11.501184,24,0.239328
2022-06-04,Fruit and vegetable juices,3887.733257142857,6293.533971428572,943890.4808285714,0.5526012857142857,0.8926284285714285,134.28152528571428,22,21,19,5,3956.552029,3322.8124,6014.348971,0.396335,21,-1.739362,0.549655,0.523444,0.565905,0.026211,27,0.535961,6420.381727,5507.827633,10098.037914,0.248706,21,-1.975704,0.890925,0.874856,0.907908,0.016983,26,0.191191,957660.438973,802306.9711,1466231.447171,0.749138,19,-1.437875,133.064152,127.725177,136.908499,5.338975,25,0.914877
2022-06-04,"Leafy and stem vegetables, including cabbages",2653.8655,2699.5071,553860.2590571429,0.5343014285714286,0.543223,111.50365771428572,25,26,23,5,2757.371029,2291.510433,5559.985586,0.276211,24,-3.753776,0.52777,0.516959,0.544295,0.016525,28,1.237551,2803.538455,2332.706917,5906.793629,0.1086,26,-3.710716,0.535526,0.508317,0.556186,0.027209,29,1.437248,582885.201471,490911.0199,1223458.897614,0.455967,23,-4.97953,111.33321,109.938657,113.745759,2.412549,26,0.153097
2022-06-04,Meat alternative,2281.250828571429,2872.7717285714284,131090.4105857143,3.200894857142857,4.027988571428572,183.70429357142856,27,25,26,5,2334.920785,1507.460183,3546.6332,0.233893,27,-2.298577,3.203856,3.15683,3.258684,0.054828,14,-0.092427,2935.016621,1767.951217,4661.065671,0.113694,25,-2.120768,4.007139,3.664715,4.363268,0.356129,17,0.520312,134877.095393,76279.345517,224216.564714,0.105509,27,-2.807508,183.238195,156.950947,211.128878,27.890684,23,0.254368
2022-06-04,Other Meat,156489.49914285712,365799.6754571428,12493759.309185714,15.004074857142857,35.00132785714286,1197.4599352857144,3,3,2,5,155605.134295,120499.749017,240673.170914,15.58725,3,0.568339,14.54359,13.440539,15.963764,1.420174,4,3.16624,346493.577259,242973.5198,463373.103614,13.422097,3,5.571849,32.476188,26.094584,40.120317,7.644129,4,7.775357,12871723.378448,10935977.428233,23519542.951257,10.069016,2,-2.936391,1196.865944,1171.617404,1306.265527,109.399583,7,0.049629
2022-06-04,Other vegetables,21917.918199999996,46979.06177142857,4176770.0585714285,1.3485874285714288,2.891475,257.07685271428574,9,7,6,5,21710.047346,15914.283133,28532.786986,2.174735,9,0.957487,1.356362,1.328676,1.385649,0.029287,22,-0.573191,48418.258862,34800.809067,62979.575171,1.875575,7,-2.972426,3.024343,2.70005,3.328264,0.324293,20,-4.393282,4158886.236624,3003937.482633,5335174.981029,3.253324,6,0.430015,259.81835,251.354083,267.523771,8.464267,21,-1.055159
2022-06-04,Pasta products,3891.8414571428575,8420.515642857144,1438784.8170714285,1.7685157142857142,3.826103428571429,653.9683178571429,21,19,14,5,3786.170854,2469.686283,4294.3287,0.379268,22,2.790962,1.768948,1.755839,1.788505,0.019556,20,-0.024453,8190.71269,5343.18925,9354.024514,0.317283,19,2.805653,3.82556,3.819282,3.831063,0.006278,18,0.014206,1402184.256253,917760.774833,1595015.077443,1.096871,14,2.610253,655.192799,650.769265,663.292973,8.100175,11,-0.186889
2022-06-04,Pastry (savoury),11803.818928571429,29212.459042857143,895891.227542857,8.881993142857143,22.007339714285713,672.1978728571429,12,9,20,5,12126.324274,10321.05505,19579.955629,1.214716,12,-2.659547,8.741523,6.799252,9.710859,1.942272,7,1.606925,29965.389169,23568.996617,40972.183471,1.160767,10,-2.512666,21.659973,14.495135,25.177449,7.164837,6,1.603729,922921.302795,826556.673571,1901873.346986,0.721963,20,-2.928752,662.523247,612.539212,710.974256,49.984035,10,1.46027
2022-06-04,"Potatoes, root crops, non-starchy bulbs and mushrooms",8825.2733,13373.334071428571,953836.9212857143,0.46319442857142856,0.7014094285714286,50.023220428571435,16,16,18,5,9479.581166,7237.189171,19570.309457,0.949587,16,-6.902287,0.46348,0.458367,0.464637,0.005112,29,-0.061555,14246.901157,10888.947086,28934.506829,0.551881,16,-6.131629,0.697227,0.679129,0.705335,0.018099,28,0.599796,1017563.41704,774128.405286,2033935.952857,0.795998,18,-6.262656,49.794536,47.743595,50.189854,2.050941,28,0.459255
2022-06-04,Preserved fruit and fruit based products,790.1576571428571,1165.9948,168166.60514285715,0.8739347142857142,1.2899415714285714,186.03120885714287,29,29,25,5,792.376834,427.837867,909.3098,0.079374,29,-0.280066,0.873013,0.862756,0.878507,0.010257,25,0.105531,1172.190112,623.814667,1352.714314,0.045407,30,-0.528524,1.290893,1.277285,1.314326,0.023434,25,-0.073702,168954.540101,90254.870717,194439.635686,0.132166,25,-0.466359,186.086047,184.937372,188.026297,1.940251,22,-0.029469
2022-06-04,Ready meals,67016.56741428572,219553.9379857143,7896713.947485714,10.937715857142857,35.83240571428571,1289.8234687142856,4,4,5,5,69234.105759,59992.4463,88710.792357,6.935307,4,-3.202957,11.115542,10.328625,11.579405,0.786918,6,-1.599801,227633.511184,196833.1531,286054.254,8.817823,4,-3.549378,36.533255,33.59909,38.377942,2.934165,3,-1.918386,8015120.061351,6754268.6726,9946543.391871,6.269897,5,-1.477284,1287.886634,1233.17431,1329.759094,54.712323,6,0.150389
2022-06-04,Rice,6393.967585714286,4041.7734285714287,3224277.6530999998,4.414680857142857,2.7906507142857144,2226.176026,18,24,8,5,6693.004805,4764.563817,7877.731471,0.670451,18,-4.467907,4.413957,4.395409,4.435112,0.021155,11,0.016397,4231.196538,3004.00565,4992.0532,0.163904,23,-4.476821,2.790459,2.785549,2.796059,0.0056,21,0.006863,3374950.652558,2405027.938333,3968670.926971,2.640084,8,-4.46445,2225.728891,2214.268126,2238.80079,13.071899,3,0.020089
2022-06-04,"Salt, spices, culinary herbs and other food products",451.4634571428572,1123.0255571428572,113410.32335714286,1.1258311428571428,2.7977312857142858,283.81307642857143,30,30,27,5,516.810652,379.375457,1145.614886,0.05177,30,-12.64432,1.074819,0.809817,1.221574,0.265002,23,4.746118,1349.002485,884.187243,3982.261571,0.052256,29,-16.751409,2.758251,1.860042,4.102337,1.344086,22,1.43137,163697.872327,91196.791014,737993.111686,0.128054,26,-30.719733,323.367205,227.575549,684.446814,361.079609,19,-12.231954
2022-06-04,"Sauces, condiments",9461.869028571427,19759.717185714286,1281556.523242857,2.300799571428571,4.803074428571429,312.3149795714286,15,14,15,5,9741.672716,6612.831643,16390.927014,0.975841,15,-2.872235,2.272242,2.219467,2.334464,0.062222,16,1.256812,19720.604072,13509.463229,32628.764671,0.763916,14,0.198336,4.633239,4.137111,5.845381,1.212142,15,3.665588,1352646.415272,951675.764257,2346649.088014,1.058119,16,-5.255615,315.774797,298.01131,338.335853,22.561056,20,-1.09566
2022-06-04,Savoury snacks,3276.9886857142856,10413.225585714286,620771.5959714287,1.7547481428571428,5.581558428571428,333.0370542857143,23,17,22,5,3508.406924,2934.376717,6976.290086,0.351444,23,-6.596106,1.778011,1.72737,1.930614,0.152603,19,-1.308359,11150.688654,9137.195133,21948.036743,0.431943,17,-6.61361,5.653864,5.480259,6.146643,0.492779,13,-1.278876,678020.444067,547013.339467,1387744.531357,0.530387,22,-8.443528,343.50234,316.547979,437.715846,94.213506,18,-3.046642
2022-06-04,"Soft drinks (inc. fizzy and ready to drink fruit drinks), mineral or spring water",5493.297528571428,1390.0097428571428,65161.59428571428,0.20755371428571429,0.052311142857142855,2.479448428571428,19,28,30,5,5649.728345,4618.665886,10412.868729,0.565944,19,-2.76882,0.21015,0.205601,0.225306,0.015156,30,-1.235259,1483.983748,1169.996771,3335.102614,0.057485,28,-6.332549,0.055049,0.049885,0.071721,0.016672,30,-4.973384,65043.039427,52897.311257,116022.955314,0.05088,30,0.182271,2.439413,2.236549,2.64423,0.204817,30,1.641203
2022-06-04,"Sugar, sugar products, jams and marmalades",5166.696085714286,4357.577671428572,893197.7526571428,2.142667714285714,1.8067915714285714,370.38792971428575,20,22,21,5,5300.058234,3688.53565,8378.2543,0.530917,20,-2.516239,2.154882,2.107335,2.194137,0.047547,17,-0.566816,4454.640753,3104.651483,7005.104414,0.172559,22,-2.178921,1.811221,1.793978,1.825456,0.017243,23,-0.244553,914944.404727,637128.790567,1443213.123371,0.715723,21,-2.376828,372.001013,365.721601,377.185269,6.279412,16,-0.433623
2022-06-04,"Tea, coffee, cocoa and powdered chocolate",37669.66894285714,39510.994485714284,84791.49531428571,26.543262571428574,27.793636714285714,59.87700671428571,7,8,28,5,39709.720555,28327.34405,54265.222929,3.977795,7,-5.137411,26.740506,26.019858,27.627357,0.88685,2,-0.737622,42263.378573,30278.014383,59652.770557,1.637153,8,-6.512456,28.425734,27.112628,30.299542,1.873808,5,-2.223679,99012.963197,64382.544514,171887.487971,0.077454,28,-14.363238,66.404043,50.741391,87.517516,21.113474,27,-9.829275
2022-06-11,"Baker's yeast, dessert preparations, soups",5743.426271428571,8443.12392857143,1015542.5868428572,2.7584985714285715,4.020923285714286,487.5259598571429,19,18,17,5,7985.690448,5158.9966,11109.725871,0.799941,17,-28.078526,2.638836,2.399434,3.01519,0.376354,15,4.534685,10133.984543,7743.733817,12772.186,0.392559,18,-16.685052,3.457694,2.339541,5.233981,1.776287,19,16.289144,1385906.736596,932849.351929,1911053.4077,1.084137,15,-26.723598,459.239816,405.329624,545.753175,86.513359,15,6.15934
2022-06-11,Beef and Lamb,167420.7154714286,611784.6404857143,2762772.838142857,91.03273971428573,332.3629945714286,1500.7562854285713,2,2,9,5,207224.686107,139791.837786,342066.711086,20.758075,2,-19.208122,90.78412,81.878412,93.473207,8.905708,1,0.273859,762451.264726,511727.556257,1210221.180571,29.535021,1,-19.76082,332.544384,330.582466,339.041855,6.497471,1,-0.054546,3446260.019342,2311457.704143,5441731.711429,2.695867,7,-19.832722,1502.220715,1486.381377,1554.67736,52.456645,4,-0.097484
2022-06-11,Breads and cereals,34074.65764285714,82559.09365714286,11995707.132242858,1.7293444285714286,4.188457714285714,608.2060771428571,8,6,3,5,34676.828332,27259.42595,44667.298843,3.473641,8,-1.736522,1.729168,1.706626,1.753884,0.024716,21,0.010225,84408.522919,67389.80845,110732.959757,3.269727,6,-2.191046,4.207487,4.155123,4.294658,0.087171,16,-0.452282,12243011.855362,9951514.284967,16090617.298671,9.577201,3,-2.019966,610.467519,604.357677,626.34124,15.87372,12,-0.370444
2022-06-11,"Buns, crispbread and biscuits",15086.984314285713,19151.266671428573,1107030.7893428572,4.674364428571429,5.936428285714285,342.5209218571428,11,15,16,5,14641.766396,7038.073033,18824.045329,1.466692,11,3.040739,4.567265,3.926231,4.713494,0.641034,10,2.344927,18464.739406,8809.09675,23471.154129,0.715267,15,3.718045,5.761494,4.890149,5.974548,0.871345,12,3.036274,1107429.666344,654959.338583,1873560.941871,0.866296,17,-0.036018,345.52277,336.010497,388.190236,42.667466,17,-0.868784
2022-06-11,Cakes and puddings,11203.027614285715,22324.77687142857,1599059.6704142857,4.056963714285714,8.080059714285714,577.9327882857143,13,13,13,5,12052.166693,9446.5345,27323.8271,1.207288,13,-7.04553,3.866842,3.605168,4.120057,0.261674,12,4.916725,24195.206302,19153.708186,54549.739343,0.937248,13,-7.730579,7.761808,7.357303,8.090825,0.404506,11,4.10022,1796396.537273,1442834.604586,4056742.431329,1.405247,13,-10.985151,574.910952,564.979312,581.588772,9.93164,13,0.525618
2022-06-11,Chocolate,49444.24778571429,85545.41284285714,2619179.7036428573,26.641282,46.092916714285714,1411.2193095714285,5,5,10,5,58315.82945,28150.229133,132547.293257,5.841603,5,-15.212991,26.648336,26.635705,26.70231,0.053974,3,-0.026471,100886.00487,48669.253133,229294.0415,3.908014,5,-15.205867,46.100992,46.086531,46.162786,0.061793,2,-0.017518,3087731.596088,1485490.099517,7016207.887686,2.415405,10,-15.174632,1410.912515,1408.565066,1411.461877,2.347449,5,0.021744
2022-06-11,Confectionery products,2746.9281571428573,4335.3361428571425,393625.2797428571,3.252595857142857,5.132030428571428,464.5910672857143,24,22,24,5,2639.015552,1230.34235,3506.494586,0.264355,26,4.089124,3.375115,3.076151,3.996045,0.620931,13,-3.630066,4173.185967,1949.08865,5594.6689,0.161656,24,3.885525,5.335199,4.888743,6.384052,1.048852,14,-3.808084,365423.519615,182796.127083,451633.892,0.285856,24,7.717555,467.73042,451.206086,488.80262,21.0722,14,-0.671189
2022-06-11,Dairy alternative,2432.3358857142857,1742.7021,70363.63328571428,0.9803065714285715,0.7023538571428573,28.35727585714286,26,27,29,5,2660.652938,1800.759517,3323.2613,0.266522,25,-8.581241,0.980224,0.980018,0.980467,0.000243,24,0.008412,1904.762021,1287.6059,2379.9254,0.073785,27,-8.508145,0.701721,0.700136,0.703588,0.001867,27,0.09023,76719.871596,51670.4985,95957.073143,0.060015,29,-8.284996,28.261161,28.02064,28.544487,0.283326,29,0.340095
2022-06-11,Dairy products and eggs,229761.22964285713,698417.4288428572,47884603.86667143,4.683363857142857,14.246047285714285,976.2347068571429,1,1,1,5,232477.799758,181843.006267,351065.404543,23.287725,1,-1.168529,4.695567,4.563031,5.229134,0.533567,8,-0.259883,710535.102733,556267.420133,1103935.183871,27.523948,2,-1.705429,14.350037,13.874504,16.437715,2.087678,7,-0.724664,48504478.375397,37951671.559517,74580377.351429,37.943045,1,-1.277974,979.638118,947.127741,1110.38497,130.746852,8,-0.347415
2022-06-11,Dried fruit and nuts,1181.0718142857145,6896.070014285715,1856023.4840714284,1.8780667142857141,10.973394,2953.8741870000003,28,20,12,5,1354.723428,1038.388929,3492.095486,0.135705,28,-12.818234,1.889388,1.871719,1.912103,0.022716,18,-0.5992,7856.897445,6027.1344,20353.999714,0.304352,20,-12.229095,10.957706,10.926228,10.982189,0.031477,9,0.143171,2111373.829218,1619963.4337,5475933.913743,1.65164,12,-12.094038,2944.647013,2926.133188,2959.04748,18.513825,2,0.313354
2022-06-11,Edible oils and plant-based spreads,10763.77382857143,29975.546242857145,2015212.4082571429,4.559259,12.696874,851.6348872857143,14,9,11,5,11516.024682,7616.68445,19449.161571,1.153581,14,-6.532209,4.571062,4.524855,4.614628,0.046207,9,-0.258217,32326.766906,21393.85755,58323.040243,1.25224,9,-7.273294,12.826853,12.319996,13.748304,0.921451,8,-1.013335,2159306.817661,1382403.26375,3664321.3365,1.689136,11,-6.673179,859.015758,796.975647,904.810217,62.040111,9,-0.859224
2022-06-11,Fish and fish products,44011.676485714284,25088.300828571428,11353696.243857143,14.272013857142856,8.138151857142857,3682.4656814285713,6,12,4,5,44048.218618,32840.772867,56109.634029,4.41239,6,-0.082959,14.279638,14.164105,14.795633,0.515995,5,-0.053394,25097.448283,17677.2765,30066.8442,0.972198,12,-0.036448,8.135042,7.924591,8.182162,0.210451,10,0.038229,11359882.239798,8182560.301667,13942633.360857,8.886365,4,-0.054455,3682.364329,3675.505187,3683.900114,6.859142,1,0.002752
2022-06-11,"Fresh, chilled or frozen fruit",17054.595928571427,27518.902585714288,3523169.972328571,0.8908485714285714,1.439409,184.04635028571428,10,11,7,5,15789.317297,10891.896033,19602.676833,1.581645,10,8.013511,0.869141,0.801294,0.91134,0.067847,26,2.497571,26149.090577,18436.855767,31249.10995,1.012935,11,5.238469,1.440723,1.375786,1.496551,0.064936,24,-0.091178,3309952.701717,2308666.66155,4022982.239033,2.589239,9,6.441701,182.199418,171.490344,193.700603,11.501184,24,1.013687
2022-06-11,Fruit and vegetable juices,4065.0732428571428,6620.825457142857,984229.4757142857,0.547179,0.8896047142857143,132.56689642857143,21,21,18,5,3956.552029,3322.8124,6014.348971,0.396335,21,2.742823,0.549655,0.523444,0.565905,0.026211,27,-0.450527,6420.381727,5507.827633,10098.037914,0.248706,21,3.121991,0.890925,0.874856,0.907908,0.016983,26,-0.1482,957660.438973,802306.9711,1466231.447171,0.749138,19,2.774369,133.064152,127.725177,136.908499,5.338975,25,-0.373696
2022-06-11,"Leafy and stem vegetables, including cabbages",2732.0800285714286,2755.461728571428,565062.0299285714,0.5366237142857143,0.541063,110.99369,25,26,23,5,2757.371029,2291.510433,5559.985586,0.276211,24,-0.917214,0.52777,0.516959,0.544295,0.016525,28,1.67757,2803.538455,2332.706917,5906.793629,0.1086,26,-1.714859,0.535526,0.508317,0.556186,0.027209,29,1.033907,582885.201471,490911.0199,1223458.897614,0.455967,23,-3.05775,111.33321,109.938657,113.745759,2.412549,26,-0.304959
2022-06-11,Meat alternative,2249.1544,2828.920757142857,129260.26525714285,3.2012120000000004,4.018868,183.30705171428573,27,25,26,5,2334.920785,1507.460183,3546.6332,0.233893,27,-3.673203,3.203856,3.15683,3.258684,0.054828,14,-0.082528,2935.016621,1767.951217,4661.065671,0.113694,25,-3.61483,4.007139,3.664715,4.363268,0.356129,17,0.292704,134877.095393,76279.345517,224216.564714,0.105509,27,-4.164406,183.238195,156.950947,211.128878,27.890684,23,0.037578
2022-06-11,Other Meat,160812.65087142857,385357.60732857144,12635751.012771428,15.282048,36.501279,1200.7542095714286,3,3,2,5,155605.134295,120499.749017,240673.170914,15.58725,3,3.346623,14.54359,13.440539,15.963764,1.420174,4,5.07755,346493.577259,242973.5198,463373.103614,13.422097,3,11.216378,32.476188,26.094584,40.120317,7.644129,4,12.393975,12871723.378448,10935977.428233,23519542.951257,10.069016,2,-1.833262,1196.865944,1171.617404,1306.265527,109.399583,7,0.324871
2022-06-11,Other vegetables,22153.12012857143,46154.91131428571,4187671.4769285717,1.3363542857142858,2.7916128571428573,252.85019885714286,9,7,6,5,21710.047346,15914.283133,28532.786986,2.174735,9,2.040865,1.356362,1.328676,1.385649,0.029287,22,-1.475099,48418.258862,34800.809067,62979.575171,1.875575,7,-4.674574,3.024343,2.70005,3.328264,0.324293,20,-7.695227,4158886.236624,3003937.482633,5335174.981029,3.253324,6,0.692138,259.81835,251.354083,267.523771,8.464267,21,-2.681932
2022-06-11,Pasta products,3618.671,7810.330728571428,1334488.0565571429,1.7722107142857142,3.824846,653.705483,22,19,14,5,3786.170854,2469.686283,4294.3287,0.379268,22,-4.423991,1.768948,1.755839,1.788505,0.019556,20,0.184428,8190.71269,5343.18925,9354.024514,0.317283,19,-4.644064,3.82556,3.819282,3.831063,0.006278,18,-0.018663,1402184.256253,917760.774833,1595015.077443,1.096871,14,-4.82791,655.192799,650.769265,663.292973,8.100175,11,-0.227004
2022-06-11,Pastry (savoury),11310.170528571429,27552.805314285713,888436.6124857143,8.706247857142857,21.268256,680.3897177142857,12,10,20,5,12126.324274,10321.05505,19579.955629,1.214716,12,-6.73043,8.741523,6.799252,9.710859,1.942272,7,-0.40354,29965.389169,23568.996617,40972.183471,1.160767,10,-8.051235,21.659973,14.495135,25.177449,7.164837,6,-1.808481,922921.302795,826556.673571,1901873.346986,0.721963,20,-3.736471,662.523247,612.539212,710.974256,49.984035,10,2.696731
2022-06-11,"Potatoes, root crops, non-starchy bulbs and mushrooms",8488.445342857143,12836.993185714286,915271.7948571428,0.463417,0.7010191428571428,49.96851485714286,16,16,19,5,9479.581166,7237.189171,19570.309457,0.949587,16,-10.455481,0.46348,0.458367,0.464637,0.005112,29,-0.013533,14246.901157,10888.947086,28934.506829,0.551881,16,-9.896243,0.697227,0.679129,0.705335,0.018099,28,0.54382,1017563.41704,774128.405286,2033935.952857,0.795998,18,-10.052604,49.794536,47.743595,50.189854,2.050941,28,0.349393
2022-06-11,Preserved fruit and fruit based products,789.8700285714286,1165.1159142857143,168059.16032857142,0.873812,1.2896215714285713,185.99224042857142,29,29,25,5,792.376834,427.837867,909.3098,0.079374,29,-0.316365,0.873013,0.862756,0.878507,0.010257,25,0.091475,1172.190112,623.814667,1352.714314,0.045407,30,-0.603503,1.290893,1.277285,1.314326,0.023434,25,-0.098491,168954.540101,90254.870717,194439.635686,0.132166,25,-0.529953,186.086047,184.937372,188.026297,1.940251,22,-0.05041
2022-06-11,Ready meals,67744.99618571429,220672.15735714286,7946771.193571428,11.09447,36.15027228571429,1298.3639294285713,4,4,5,5,69234.105759,59992.4463,88710.792357,6.935307,4,-2.150832,11.115542,10.328625,11.579405,0.786918,6,-0.189577,227633.511184,196833.1531,286054.254,8.817823,4,-3.058141,36.533255,33.59909,38.377942,2.934165,3,-1.048311,8015120.061351,6754268.6726,9946543.391871,6.269897,5,-0.852749,1287.886634,1233.17431,1329.759094,54.712323,6,0.813526
2022-06-11,Rice,6257.964314285715,3956.964371428571,3155336.196914286,4.412571142857144,2.790092428571428,2224.8724875714283,17,24,8,5,6693.004805,4764.563817,7877.731471,0.670451,18,-6.499928,4.413957,4.395409,4.435112,0.021155,11,-0.0314,4231.196538,3004.00565,4992.0532,0.163904,23,-6.481197,2.790459,2.785549,2.796059,0.0056,21,-0.013144,3374950.652558,2405027.938333,3968670.926971,2.640084,8,-6.50719,2225.728891,2214.268126,2238.80079,13.071899,3,-0.038477
2022-06-11,"Salt, spices, culinary herbs and other food products",414.0560142857143,967.3619,92640.38195714286,1.0184151428571429,2.379884,227.57554857142856,30,30,27,5,516.810652,379.375457,1145.614886,0.05177,30,-19.882454,1.074819,0.809817,1.221574,0.265002,23,-5.247751,1349.002485,884.187243,3982.261571,0.052256,29,-28.290577,2.758251,1.860042,4.102337,1.344086,22,-13.717627,163697.872327,91196.791014,737993.111686,0.128054,26,-43.407706,323.367205,227.575549,684.446814,361.079609,19,-29.623182
2022-06-11,"Sauces, condiments",9578.132714285715,20493.258842857143,1271764.4874714285,2.3088925714285713,4.932523571428571,307.08517914285716,15,14,15,5,9741.672716,6612.831643,16390.927014,0.975841,15,-1.678767,2.272242,2.219467,2.334464,0.062222,16,1.61298,19720.604072,13509.463229,32628.764671,0.763916,14,3.918008,4.633239,4.137111,5.845381,1.212142,15,6.459511,1352646.415272,951675.764257,2346649.088014,1.058119,16,-5.979532,315.774797,298.01131,338.335853,22.561056,20,-2.75184
2022-06-11,Savoury snacks,3372.0004285714285,10660.059,638316.7779857143,1.7930065714285714,5.672425285714286,339.8603415714286,23,17,22,5,3508.406924,2934.376717,6976.290086,0.351444,23,-3.88799,1.778011,1.72737,1.930614,0.152603,19,0.843396,11150.688654,9137.195133,21948.036743,0.431943,17,-4.399994,5.653864,5.480259,6.146643,0.492779,13,0.328288,678020.444067,547013.339467,1387744.531357,0.530387,22,-5.855821,343.50234,316.547979,437.715846,94.213506,18,-1.060254
2022-06-11,"Soft drinks (inc. fizzy and ready to drink fruit drinks), mineral or spring water",6030.875357142858,1508.6839285714286,67667.43389999999,0.2072027142857143,0.05158357142857143,2.3582949999999996,18,28,30,5,5649.728345,4618.665886,10412.868729,0.565944,19,6.746289,0.21015,0.205601,0.225306,0.015156,30,-1.402283,1483.983748,1169.996771,3335.102614,0.057485,28,1.664451,0.055049,0.049885,0.071721,0.016672,30,-6.295065,65043.039427,52897.311257,116022.955314,0.05088,30,4.034858,2.439413,2.236549,2.64423,0.204817,30,-3.325297
2022-06-11,"Sugar, sugar products, jams and marmalades",4863.345457142857,4111.514257142857,841586.0420428572,2.132983285714286,1.8032797142857144,369.10895985714285,20,23,21,5,5300.058234,3688.53565,8378.2543,0.530917,20,-8.239773,2.154882,2.107335,2.194137,0.047547,17,-1.016234,4454.640753,3104.651483,7005.104414,0.172559,22,-7.702675,1.811221,1.793978,1.825456,0.017243,23,-0.438448,914944.404727,637128.790567,1443213.123371,0.715723,21,-8.017795,372.001013,365.721601,377.185269,6.279412,16,-0.777432
2022-06-11,"Tea, coffee, cocoa and powdered chocolate",36881.809942857144,38951.39602857143,83497.63582857142,26.424882285714286,27.90890642857143,59.88277171428571,7,8,28,5,39709.720555,28327.34405,54265.222929,3.977795,7,-7.121457,26.740506,26.019858,27.627357,0.88685,2,-1.180322,42263.378573,30278.014383,59652.770557,1.637153,8,-7.83653,28.425734,27.112628,30.299542,1.873808,5,-1.818167,99012.963197,64382.544514,171887.487971,0.077454,28,-15.669996,66.404043,50.741391,87.517516,21.113474,27,-9.820593
2022-06-18,"Baker's yeast, dessert preparations, soups",5418.991771428571,8366.261257142858,962937.1295,2.8248987142857147,4.322135285714286,501.521716,19,18,18,5,7985.690448,5158.9966,11109.725871,0.799941,17,-32.141224,2.638836,2.399434,3.01519,0.376354,15,7.050952,10133.984543,7743.733817,12772.186,0.392559,18,-17.443517,3.457694,2.339541,5.233981,1.776287,19,25.000498,1385906.736596,932849.351929,1911053.4077,1.084137,15,-30.519341,459.239816,405.329624,545.753175,86.513359,15,9.206933
2022-06-18,Beef and Lamb,159382.51851428574,580981.6766,2622822.354428571,91.223884,332.22353842857143,1499.630403,2,2,9,5,207224.686107,139791.837786,342066.711086,20.758075,2,-23.087099,90.78412,81.878412,93.473207,8.905708,1,0.484407,762451.264726,511727.556257,1210221.180571,29.535021,1,-23.800811,332.544384,330.582466,339.041855,6.497471,1,-0.096482,3446260.019342,2311457.704143,5441731.711429,2.695867,7,-23.89366,1502.220715,1486.381377,1554.67736,52.456645,4,-0.172432
2022-06-18,Breads and cereals,33597.01794285714,81405.0353,11877451.505128572,1.7222615714285714,4.170484857142857,608.173228142857,8,5,3,5,34676.828332,27259.42595,44667.298843,3.473641,8,-3.113925,1.729168,1.706626,1.753884,0.024716,21,-0.399385,84408.522919,67389.80845,110732.959757,3.269727,6,-3.558275,4.207487,4.155123,4.294658,0.087171,16,-0.879445,12243011.855362,9951514.284967,16090617.298671,9.577201,3,-2.985869,610.467519,604.357677,626.34124,15.87372,12,-0.375825
2022-06-18,"Buns, crispbread and biscuits",14654.129414285713,18599.38267142857,1088107.7414,4.644728714285714,5.8980185714285716,344.6222048571429,11,15,16,5,14641.766396,7038.073033,18824.045329,1.466692,11,0.084437,4.567265,3.926231,4.713494,0.641034,10,1.696055,18464.739406,8809.09675,23471.154129,0.715267,15,0.729191,5.761494,4.890149,5.974548,0.871345,12,2.369611,1107429.666344,654959.338583,1873560.941871,0.866296,17,-1.744754,345.52277,336.010497,388.190236,42.667466,17,-0.260638
2022-06-18,Cakes and puddings,11010.753957142859,21938.162414285714,1571107.0356285716,4.051938285714286,8.072831142857142,577.9015357142856,13,13,13,5,12052.166693,9446.5345,27323.8271,1.207288,13,-8.640876,3.866842,3.605168,4.120057,0.261674,12,4.786763,24195.206302,19153.708186,54549.739343,0.937248,13,-9.328475,7.761808,7.357303,8.090825,0.404506,11,4.00709,1796396.537273,1442834.604586,4056742.431329,1.405247,13,-12.54119,574.910952,564.979312,581.588772,9.93164,13,0.520182
2022-06-18,Chocolate,45509.30731428572,78735.30128571427,2410387.3826285712,26.64355785714286,46.095522,1411.1203295714288,5,6,10,5,58315.82945,28150.229133,132547.293257,5.841603,5,-21.960628,26.648336,26.635705,26.70231,0.053974,3,-0.017931,100886.00487,48669.253133,229294.0415,3.908014,5,-21.956171,46.100992,46.086531,46.162786,0.061793,2,-0.011866,3087731.596088,1485490.099517,7016207.887686,2.415405,10,-21.936629,1410.912515,1408.565066,1411.461877,2.347449,5,0.014729
2022-06-18,Confectionery products,2690.7975571428574,4243.021071428571,381061.1264857143,3.2831754285714285,5.175581428571428,463.4911097142857,24,22,24,5,2639.015552,1230.34235,3506.494586,0.264355,26,1.962171,3.375115,3.076151,3.996045,0.620931,13,-2.724036,4173.185967,1949.08865,5594.6689,0.161656,24,1.673424,5.335199,4.888743,6.384052,1.048852,14,-2.991789,365423.519615,182796.127083,451633.892,0.285856,24,4.27931,467.73042,451.206086,488.80262,21.0722,14,-0.906358
2022-06-18,Dairy alternative,2466.568028571429,1768.31,71530.45999999999,0.9803741428571427,0.702875,28.436345857142857,26,27,30,5,2660.652938,1800.759517,3323.2613,0.266522,25,-7.294635,0.980224,0.980018,0.980467,0.000243,24,0.015306,1904.762021,1287.6059,2379.9254,0.073785,27,-7.163731,0.701721,0.700136,0.703588,0.001867,27,0.164496,76719.871596,51670.4985,95957.073143,0.060015,29,-6.764104,28.261161,28.02064,28.544487,0.283326,29,0.619878
2022-06-18,Dairy products and eggs,231986.97115714286,703381.1951285715,48308584.951171435,4.663500428571429,14.147748428571429,971.3686088571428,1,1,1,5,232477.799758,181843.006267,351065.404543,23.287725,1,-0.211129,4.695567,4.563031,5.229134,0.533567,8,-0.682908,710535.102733,556267.420133,1103935.183871,27.523948,2,-1.006834,14.350037,13.874504,16.437715,2.087678,7,-1.409672,48504478.375397,37951671.559517,74580377.351429,37.943045,1,-0.403867,979.638118,947.127741,1110.38497,130.746852,8,-0.844139
2022-06-18,Dried fruit and nuts,1147.3668,6709.797971428571,1806533.907542857,1.8758305714285715,10.976491714285714,2955.696551285714,28,21,12,5,1354.723428,1038.388929,3492.095486,0.135705,28,-15.306196,1.889388,1.871719,1.912103,0.022716,18,-0.717553,7856.897445,6027.1344,20353.999714,0.304352,20,-14.599904,10.957706,10.926228,10.982189,0.031477,9,0.171441,2111373.829218,1619963.4337,5475933.913743,1.65164,12,-14.437989,2944.647013,2926.133188,2959.04748,18.513825,2,0.375242
2022-06-18,Edible oils and plant-based spreads,9858.058657142858,27269.32582857143,1843338.3777714286,4.549506142857143,12.608350857142856,852.117211,14,10,11,5,11516.024682,7616.68445,19449.161571,1.153581,14,-14.397034,4.571062,4.524855,4.614628,0.046207,9,-0.471577,32326.766906,21393.85755,58323.040243,1.25224,9,-15.644748,12.826853,12.319996,13.748304,0.921451,8,-1.703474,2159306.817661,1382403.26375,3664321.3365,1.689136,11,-14.632864,859.015758,796.975647,904.810217,62.040111,9,-0.803076
2022-06-18,Fish and fish products,44637.8953,25446.072171428572,11515464.771857142,14.27269157142857,8.137875,3682.456673,6,12,4,5,44048.218618,32840.772867,56109.634029,4.41239,6,1.338707,14.279638,14.164105,14.795633,0.515995,5,-0.048648,25097.448283,17677.2765,30066.8442,0.972198,12,1.389081,8.135042,7.924591,8.182162,0.210451,10,0.034826,11359882.239798,8182560.301667,13942633.360857,8.886365,4,1.369579,3682.364329,3675.505187,3683.900114,6.859142,1,0.002508
2022-06-18,"Fresh, chilled or frozen fruit",17516.528371428572,28098.111271428574,3608525.8646,0.8942951428571428,1.4351582857142857,184.2336855714286,10,9,7,5,15789.317297,10891.896033,19602.676833,1.581645,10,10.939112,0.869141,0.801294,0.91134,0.067847,26,2.89412,26149.090577,18436.855767,31249.10995,1.012935,11,7.453493,1.440723,1.375786,1.496551,0.064936,24,-0.386218,3309952.701717,2308666.66155,4022982.239033,2.589239,9,9.020466,182.199418,171.490344,193.700603,11.501184,24,1.116506
2022-06-18,Fruit and vegetable juices,4198.947585714285,6812.350042857142,1014040.4053142857,0.5503794285714286,0.8915001428571429,132.8962202857143,21,20,17,5,3956.552029,3322.8124,6014.348971,0.396335,21,6.126434,0.549655,0.523444,0.565905,0.026211,27,0.131734,6420.381727,5507.827633,10098.037914,0.248706,21,6.105062,0.890925,0.874856,0.907908,0.016983,26,0.064549,957660.438973,802306.9711,1466231.447171,0.749138,19,5.887261,133.064152,127.725177,136.908499,5.338975,25,-0.126203
2022-06-18,"Leafy and stem vegetables, including cabbages",2671.592571428572,2666.990142857143,548991.2785142857,0.5371199999999999,0.5365308571428572,110.31380714285714,25,26,23,5,2757.371029,2291.510433,5559.985586,0.276211,24,-3.110878,0.52777,0.516959,0.544295,0.016525,28,1.771604,2803.538455,2332.706917,5906.793629,0.1086,26,-4.87057,0.535526,0.508317,0.556186,0.027209,29,0.18761,582885.201471,490911.0199,1223458.897614,0.455967,23,-5.814854,111.33321,109.938657,113.745759,2.412549,26,-0.915633
2022-06-18,Meat alternative,2179.874557142857,2774.953885714286,126940.25057142857,3.2025245714285715,4.0733944285714285,186.315751,27,25,26,5,2334.920785,1507.460183,3546.6332,0.233893,27,-6.640321,3.203856,3.15683,3.258684,0.054828,14,-0.041559,2935.016621,1767.951217,4661.065671,0.113694,25,-5.453555,4.007139,3.664715,4.363268,0.356129,17,1.653436,134877.095393,76279.345517,224216.564714,0.105509,27,-5.884502,183.238195,156.950947,211.128878,27.890684,23,1.679539
2022-06-18,Other Meat,158109.44678571427,373502.9665857143,12532218.72402857,15.248166714285714,36.15159714285714,1203.2232462857141,3,3,2,5,155605.134295,120499.749017,240673.170914,15.58725,3,1.609402,14.54359,13.440539,15.963764,1.420174,4,4.844587,346493.577259,242973.5198,463373.103614,13.422097,3,7.795062,32.476188,26.094584,40.120317,7.644129,4,11.317242,12871723.378448,10935977.428233,23519542.951257,10.069016,2,-2.637601,1196.865944,1171.617404,1306.265527,109.399583,7,0.531162
2022-06-18,Other vegetables,22040.832085714286,45161.37628571429,4156689.433757142,1.3345285714285713,2.7365877142857147,251.76923014285714,9,7,6,5,21710.047346,15914.283133,28532.786986,2.174735,9,1.523648,1.356362,1.328676,1.385649,0.029287,22,-1.609703,48418.258862,34800.809067,62979.575171,1.875575,7,-6.726559,3.024343,2.70005,3.328264,0.324293,20,-9.514635,4158886.236624,3003937.482633,5335174.981029,3.253324,6,-0.052822,259.81835,251.354083,267.523771,8.464267,21,-3.09798
2022-06-18,Pasta products,3554.8274714285717,7647.9335,1310657.3310142856,1.777112142857143,3.822594714285714,655.2045410000001,22,19,14,5,3786.170854,2469.686283,4294.3287,0.379268,22,-6.11022,1.768948,1.755839,1.788505,0.019556,20,0.46151,8190.71269,5343.18925,9354.024514,0.317283,19,-6.626764,3.82556,3.819282,3.831063,0.006278,18,-0.077511,1402184.256253,917760.774833,1595015.077443,1.096871,14,-6.527453,655.192799,650.769265,663.292973,8.100175,11,0.001792
2022-06-18,Pastry (savoury),11057.884471428571,26623.017385714284,890779.5282428572,8.544774714285714,20.591520714285714,687.4179577142858,12,11,19,5,12126.324274,10321.05505,19579.955629,1.214716,12,-8.810912,8.741523,6.799252,9.710859,1.942272,7,-2.250737,29965.389169,23568.996617,40972.183471,1.160767,10,-11.154108,21.659973,14.495135,25.177449,7.164837,6,-4.93284,922921.302795,826556.673571,1901873.346986,0.721963,20,-3.482613,662.523247,612.539212,710.974256,49.984035,10,3.75756
2022-06-18,"Potatoes, root crops, non-starchy bulbs and mushrooms",8236.265885714285,12451.902971428572,886755.2668571428,0.4637374285714286,0.7010365714285715,49.907149571428576,16,16,20,5,9479.581166,7237.189171,19570.309457,0.949587,16,-13.11572,0.46348,0.458367,0.464637,0.005112,29,0.055603,14246.901157,10888.947086,28934.506829,0.551881,16,-12.599218,0.697227,0.679129,0.705335,0.018099,28,0.546319,1017563.41704,774128.405286,2033935.952857,0.795998,18,-12.855037,49.794536,47.743595,50.189854,2.050941,28,0.226156
2022-06-18,Preserved fruit and fruit based products,810.2196142857143,1188.5176142857142,171679.4463142857,0.8757924285714286,1.2855318571428571,185.6626527142857,29,29,25,5,792.376834,427.837867,909.3098,0.079374,29,2.251805,0.873013,0.862756,0.878507,0.010257,25,0.318324,1172.190112,623.814667,1352.714314,0.045407,30,1.392906,1.290893,1.277285,1.314326,0.023434,25,-0.415304,168954.540101,90254.870717,194439.635686,0.132166,25,1.612804,186.086047,184.937372,188.026297,1.940251,22,-0.227526
2022-06-18,Ready meals,66972.60165714286,217339.26598571427,7891083.678328572,11.059920142857141,35.875797,1300.811311,4,4,5,5,69234.105759,59992.4463,88710.792357,6.935307,4,-3.26646,11.115542,10.328625,11.579405,0.786918,6,-0.500401,227633.511184,196833.1531,286054.254,8.817823,4,-4.522289,36.533255,33.59909,38.377942,2.934165,3,-1.799614,8015120.061351,6754268.6726,9946543.391871,6.269897,5,-1.54753,1287.886634,1233.17431,1329.759094,54.712323,6,1.003557
2022-06-18,Rice,5919.633714285715,3746.374485714285,2983713.2300857143,4.405537,2.7882302857142856,2220.526120142857,18,24,8,5,6693.004805,4764.563817,7877.731471,0.670451,18,-11.554916,4.413957,4.395409,4.435112,0.021155,11,-0.190761,4231.196538,3004.00565,4992.0532,0.163904,23,-11.458273,2.790459,2.785549,2.796059,0.0056,21,-0.079877,3374950.652558,2405027.938333,3968670.926971,2.640084,8,-11.592389,2225.728891,2214.268126,2238.80079,13.071899,3,-0.233756
2022-06-18,"Salt, spices, culinary herbs and other food products",410.05802857142857,972.9972,92726.92145714285,1.0468878571428573,2.4762124285714284,237.50925428571426,30,30,27,5,516.810652,379.375457,1145.614886,0.05177,30,-20.656042,1.074819,0.809817,1.221574,0.265002,23,-2.59868,1349.002485,884.187243,3982.261571,0.052256,29,-27.872839,2.758251,1.860042,4.102337,1.344086,22,-10.225252,163697.872327,91196.791014,737993.111686,0.128054,26,-43.35484,323.367205,227.575549,684.446814,361.079609,19,-26.551224
2022-06-18,"Sauces, condiments",9501.952914285715,20584.690385714286,1247220.4804714285,2.3185414285714288,5.021452428571428,304.45122714285714,15,14,15,5,9741.672716,6612.831643,16390.927014,0.975841,15,-2.460766,2.272242,2.219467,2.334464,0.062222,16,2.03762,19720.604072,13509.463229,32628.764671,0.763916,14,4.381642,4.633239,4.137111,5.845381,1.212142,15,8.378878,1352646.415272,951675.764257,2346649.088014,1.058119,16,-7.79405,315.774797,298.01131,338.335853,22.561056,20,-3.585964
2022-06-18,Savoury snacks,3359.159014285714,10628.517157142856,631471.1685571428,1.7773257142857142,5.626816571428571,334.1940821428571,23,17,22,5,3508.406924,2934.376717,6976.290086,0.351444,23,-4.254008,1.778011,1.72737,1.930614,0.152603,19,-0.038537,11150.688654,9137.195133,21948.036743,0.431943,17,-4.682863,5.653864,5.480259,6.146643,0.492779,13,-0.478394,678020.444067,547013.339467,1387744.531357,0.530387,22,-6.865468,343.50234,316.547979,437.715846,94.213506,18,-2.709809
2022-06-18,"Soft drinks (inc. fizzy and ready to drink fruit drinks), mineral or spring water",6498.925014285714,1636.805142857143,71846.62077142857,0.207964,0.05221914285714286,2.3228605714285715,17,28,29,5,5649.728345,4618.665886,10412.868729,0.565944,19,15.030752,0.21015,0.205601,0.225306,0.015156,30,-1.040024,1483.983748,1169.996771,3335.102614,0.057485,28,10.29805,0.055049,0.049885,0.071721,0.016672,30,-5.140508,65043.039427,52897.311257,116022.955314,0.05088,30,10.460122,2.439413,2.236549,2.64423,0.204817,30,-4.777877
2022-06-18,"Sugar, sugar products, jams and marmalades",4881.587114285714,4120.207671428571,844171.5498142857,2.138986,1.8054565714285715,369.901722,20,23,21,5,5300.058234,3688.53565,8378.2543,0.530917,20,-7.895595,2.154882,2.107335,2.194137,0.047547,17,-0.73767,4454.640753,3104.651483,7005.104414,0.172559,22,-7.507521,1.811221,1.793978,1.825456,0.017243,23,-0.31826,914944.404727,637128.790567,1443213.123371,0.715723,21,-7.735208,372.001013,365.721601,377.185269,6.279412,16,-0.564324
2022-06-18,"Tea, coffee, cocoa and powdered chocolate",36192.7012,38013.16625714285,78259.02962857144,26.359124,27.659061,57.396530999999996,7,8,28,5,39709.720555,28327.34405,54265.222929,3.977795,7,-8.856822,26.740506,26.019858,27.627357,0.88685,2,-1.426235,42263.378573,30278.014383,59652.770557,1.637153,8,-10.05649,28.425734,27.112628,30.299542,1.873808,5,-2.697108,99012.963197,64382.544514,171887.487971,0.077454,28,-20.960825,66.404043,50.741391,87.517516,21.113474,27,-13.564704
2022-06-25,"Baker's yeast, dessert preparations, soups",5846.704828571428,8887.312642857143,1040520.8864285714,2.794772571428571,4.205787,496.5744287142857,19,18,17,5,7985.690448,5158.9966,11109.725871,0.799941,17,-26.785231,2.638836,2.399434,3.01519,0.376354,15,5.909307,10133.984543,7743.733817,12772.186,0.392559,18,-12.301893,3.457694,2.339541,5.233981,1.776287,19,21.635588,1385906.736596,932849.351929,1911053.4077,1.084137,15,-24.921291,459.239816,405.329624,545.753175,86.513359,15,8.129655
2022-06-25,Beef and Lamb,167556.4794,608203.5638571428,2744187.006428572,91.54584114285714,331.9886432857143,1497.734000714286,2,2,9,5,207224.686107,139791.837786,342066.711086,20.758075,2,-19.142607,90.78412,81.878412,93.473207,8.905708,1,0.839047,762451.264726,511727.556257,1210221.180571,29.535021,1,-20.2305,332.544384,330.582466,339.041855,6.497471,1,-0.167118,3446260.019342,2311457.704143,5441731.711429,2.695867,7,-20.372027,1502.220715,1486.381377,1554.67736,52.456645,4,-0.298672
2022-06-25,Breads and cereals,33169.604257142855,80459.2805,11718242.765514286,1.7271664285714288,4.187241142857142,609.4741767142857,8,5,3,5,34676.828332,27259.42595,44667.298843,3.473641,8,-4.346488,1.729168,1.706626,1.753884,0.024716,21,-0.115731,84408.522919,67389.80845,110732.959757,3.269727,6,-4.678725,4.207487,4.155123,4.294658,0.087171,16,-0.481196,12243011.855362,9951514.284967,16090617.298671,9.577201,3,-4.286274,610.467519,604.357677,626.34124,15.87372,12,-0.162718
2022-06-25,"Buns, crispbread and biscuits",14085.852242857143,17799.93605714286,1072727.8207,4.567146428571428,5.775142000000001,347.01417728571425,11,15,16,5,14641.766396,7038.073033,18824.045329,1.466692,11,-3.79677,4.567265,3.926231,4.713494,0.641034,10,-0.002604,18464.739406,8809.09675,23471.154129,0.715267,15,-3.600394,5.761494,4.890149,5.974548,0.871345,12,0.23689,1107429.666344,654959.338583,1873560.941871,0.866296,17,-3.133548,345.52277,336.010497,388.190236,42.667466,17,0.431638
2022-06-25,Cakes and puddings,10551.217071428571,21195.68307142857,1545677.6346285716,3.9779675714285716,7.977687,579.2679278571429,13,13,13,5,12052.166693,9446.5345,27323.8271,1.207288,13,-12.453774,3.866842,3.605168,4.120057,0.261674,12,2.873814,24195.206302,19153.708186,54549.739343,0.937248,13,-12.39718,7.761808,7.357303,8.090825,0.404506,11,2.781292,1796396.537273,1442834.604586,4056742.431329,1.405247,13,-13.956768,574.910952,564.979312,581.588772,9.93164,13,0.757852
2022-06-25,Chocolate,42666.27485714286,73817.28345714285,2259920.876857143,26.642051000000002,46.093796857142856,1411.1858725714285,6,6,10,5,58315.82945,28150.229133,132547.293257,5.841603,5,-26.83586,26.648336,26.635705,26.70231,0.053974,3,-0.023585,100886.00487,48669.253133,229294.0415,3.908014,5,-26.830997,46.100992,46.086531,46.162786,0.061793,2,-0.015608,3087731.596088,1485490.099517,7016207.887686,2.415405,10,-26.809672,1410.912515,1408.565066,1411.461877,2.347449,5,0.019375
2022-06-25,Confectionery products,2491.472357142857,3934.068,359117.6275714286,3.2370127142857146,5.1097785714285715,465.02266428571426,26,24,24,5,2639.015552,1230.34235,3506.494586,0.264355,26,-5.590842,3.375115,3.076151,3.996045,0.620931,13,-4.091773,4173.185967,1949.08865,5594.6689,0.161656,24,-5.729866,5.335199,4.888743,6.384052,1.048852,14,-4.225161,365423.519615,182796.127083,451633.892,0.285856,24,-1.725639,467.73042,451.206086,488.80262,21.0722,14,-0.578914
2022-06-25,Dairy alternative,2582.788442857143,1848.3951,74372.83685714286,0.9802012857142858,0.7015448571428572,28.234481857142857,25,27,29,5,2660.652938,1800.759517,3323.2613,0.266522,25,-2.926518,0.980224,0.980018,0.980467,0.000243,24,-0.002329,1904.762021,1287.6059,2379.9254,0.073785,27,-2.959263,0.701721,0.700136,0.703588,0.001867,27,-0.025058,76719.871596,51670.4985,95957.073143,0.060015,29,-3.059227,28.261161,28.02064,28.544487,0.283326,29,-0.094402
2022-06-25,Dairy products and eggs,227131.92465714287,691216.4859714286,47334222.72538572,4.670836714285714,14.217338571428572,973.517153,1,1,1,5,232477.799758,181843.006267,351065.404543,23.287725,1,-2.299521,4.695567,4.563031,5.229134,0.533567,8,-0.52667,710535.102733,556267.420133,1103935.183871,27.523948,2,-2.718883,14.350037,13.874504,16.437715,2.087678,7,-0.924725,48504478.375397,37951671.559517,74580377.351429,37.943045,1,-2.412675,979.638118,947.127741,1110.38497,130.746852,8,-0.624819
2022-06-25,Dried fruit and nuts,1199.3169142857143,7004.655042857143,1885374.0875857142,1.8779585714285716,10.973543285714285,2953.9622404285715,28,20,11,5,1354.723428,1038.388929,3492.095486,0.135705,28,-11.471457,1.889388,1.871719,1.912103,0.022716,18,-0.604924,7856.897445,6027.1344,20353.999714,0.304352,20,-10.84706,10.957706,10.926228,10.982189,0.031477,9,0.144533,2111373.829218,1619963.4337,5475933.913743,1.65164,12,-10.703919,2944.647013,2926.133188,2959.04748,18.513825,2,0.316344
2022-06-25,Edible oils and plant-based spreads,9643.810885714285,26979.223457142856,1850421.1437428573,4.562644285714286,12.776177714285714,876.1946374285715,14,10,12,5,11516.024682,7616.68445,19449.161571,1.153581,14,-16.257466,4.571062,4.524855,4.614628,0.046207,9,-0.184158,32326.766906,21393.85755,58323.040243,1.25224,9,-16.542154,12.826853,12.319996,13.748304,0.921451,8,-0.395072,2159306.817661,1382403.26375,3664321.3365,1.689136,11,-14.304853,859.015758,796.975647,904.810217,62.040111,9,1.999833
2022-06-25,Fish and fish products,44799.416814285716,25521.931114285715,11552634.70957143,14.275609000000001,8.136685142857143,3682.4178901428572,5,12,4,5,44048.218618,32840.772867,56109.634029,4.41239,6,1.7054,14.279638,14.164105,14.795633,0.515995,5,-0.028217,25097.448283,17677.2765,30066.8442,0.972198,12,1.691339,8.135042,7.924591,8.182162,0.210451,10,0.0202,11359882.239798,8182560.301667,13942633.360857,8.886365,4,1.696782,3682.364329,3675.505187,3683.900114,6.859142,1,0.001455
2022-06-25,"Fresh, chilled or frozen fruit",16811.496485714284,27134.523500000003,3473997.672342857,0.8936718571428572,1.4422598571428573,184.6369334285714,10,9,7,5,15789.317297,10891.896033,19602.676833,1.581645,10,6.473866,0.869141,0.801294,0.91134,0.067847,26,2.822407,26149.090577,18436.855767,31249.10995,1.012935,11,3.768517,1.440723,1.375786,1.496551,0.064936,24,0.106699,3309952.701717,2308666.66155,4022982.239033,2.589239,9,4.956112,182.199418,171.490344,193.700603,11.501184,24,1.337828
2022-06-25,Fruit and vegetable juices,4062.9175571428573,6551.3739428571425,978904.887657143,0.554175,0.8922984285714285,133.59706257142858,21,21,18,5,3956.552029,3322.8124,6014.348971,0.396335,21,2.688339,0.549655,0.523444,0.565905,0.026211,27,0.82227,6420.381727,5507.827633,10098.037914,0.248706,21,2.040256,0.890925,0.874856,0.907908,0.016983,26,0.154151,957660.438973,802306.9711,1466231.447171,0.749138,19,2.21837,133.064152,127.725177,136.908499,5.338975,25,0.400492
2022-06-25,"Leafy and stem vegetables, including cabbages",2592.8604857142855,2653.394342857143,539240.8250428571,0.5375161428571429,0.5485351428571429,111.69071028571429,24,26,23,5,2757.371029,2291.510433,5559.985586,0.276211,24,-5.96621,0.52777,0.516959,0.544295,0.016525,28,1.846664,2803.538455,2332.706917,5906.793629,0.1086,26,-5.355522,0.535526,0.508317,0.556186,0.027209,29,2.429197,582885.201471,490911.0199,1223458.897614,0.455967,23,-7.487645,111.33321,109.938657,113.745759,2.412549,26,0.321108
2022-06-25,Meat alternative,2226.3478142857143,2817.2874857142856,128014.09822857144,3.1971201428571425,4.046288857142857,183.88102114285715,27,25,26,5,2334.920785,1507.460183,3546.6332,0.233893,27,-4.649964,3.203856,3.15683,3.258684,0.054828,14,-0.210245,2935.016621,1767.951217,4661.065671,0.113694,25,-4.011191,4.007139,3.664715,4.363268,0.356129,17,0.977004,134877.095393,76279.345517,224216.564714,0.105509,27,-5.088334,183.238195,156.950947,211.128878,27.890684,23,0.350815
2022-06-25,Other Meat,152721.84427142856,354705.7953,12195176.779614286,15.038022142857143,34.89917728571429,1199.6470782857143,3,3,2,5,155605.134295,120499.749017,240673.170914,15.58725,3,-1.852953,14.54359,13.440539,15.963764,1.420174,4,3.399658,346493.577259,242973.5198,463373.103614,13.422097,3,2.370092,32.476188,26.094584,40.120317,7.644129,4,7.460817,12871723.378448,10935977.428233,23519542.951257,10.069016,2,-5.256069,1196.865944,1171.617404,1306.265527,109.399583,7,0.232368
2022-06-25,Other vegetables,21713.22172857143,45445.39798571429,4124192.9745714287,1.3436792857142856,2.8108437142857143,255.2775897142857,9,7,6,5,21710.047346,15914.283133,28532.786986,2.174735,9,0.014622,1.356362,1.328676,1.385649,0.029287,22,-0.935052,48418.258862,34800.809067,62979.575171,1.875575,7,-6.139958,3.024343,2.70005,3.328264,0.324293,20,-7.059358,4158886.236624,3003937.482633,5335174.981029,3.253324,6,-0.834196,259.81835,251.354083,267.523771,8.464267,21,-1.747667
2022-06-25,Pasta products,3674.5292285714286,7937.320957142858,1365038.2517142857,1.7700322857142858,3.8244089999999997,657.5929327142857,22,19,14,5,3786.170854,2469.686283,4294.3287,0.379268,22,-2.948668,1.768948,1.755839,1.788505,0.019556,20,0.06128,8190.71269,5343.18925,9354.024514,0.317283,19,-3.093647,3.82556,3.819282,3.831063,0.006278,18,-0.030086,1402184.256253,917760.774833,1595015.077443,1.096871,14,-2.649153,655.192799,650.769265,663.292973,8.100175,11,0.366325
2022-06-25,Pastry (savoury),10922.7092,26731.639785714284,852651.9296,8.71406942857143,21.326212857142856,680.3674155714286,12,11,20,5,12126.324274,10321.05505,19579.955629,1.214716,12,-9.925638,8.741523,6.799252,9.710859,1.942272,7,-0.314064,29965.389169,23568.996617,40972.183471,1.160767,10,-10.791615,21.659973,14.495135,25.177449,7.164837,6,-1.540905,922921.302795,826556.673571,1901873.346986,0.721963,20,-7.613799,662.523247,612.539212,710.974256,49.984035,10,2.693365
2022-06-25,"Potatoes, root crops, non-starchy bulbs and mushrooms",8363.51317142857,12634.940971428572,901815.1004285713,0.46360714285714283,0.7003505714285715,49.97847528571429,16,16,19,5,9479.581166,7237.189171,19570.309457,0.949587,16,-11.773389,0.46348,0.458367,0.464637,0.005112,29,0.027492,14246.901157,10888.947086,28934.506829,0.551881,16,-11.314462,0.697227,0.679129,0.705335,0.018099,28,0.44793,1017563.41704,774128.405286,2033935.952857,0.795998,18,-11.375047,49.794536,47.743595,50.189854,2.050941,28,0.369396
2022-06-25,Preserved fruit and fruit based products,788.2073142857143,1162.5481428571427,167695.20381428572,0.8738284285714286,1.2887767142857143,185.90554585714287,29,29,25,5,792.376834,427.837867,909.3098,0.079374,29,-0.526204,0.873013,0.862756,0.878507,0.010257,25,0.093356,1172.190112,623.814667,1352.714314,0.045407,30,-0.82256,1.290893,1.277285,1.314326,0.023434,25,-0.163938,168954.540101,90254.870717,194439.635686,0.132166,25,-0.74537,186.086047,184.937372,188.026297,1.940251,22,-0.096998
2022-06-25,Ready meals,67288.88795714286,219744.1495857143,8025267.537314286,11.023106857142858,35.97316228571429,1307.7906804285715,4,4,5,5,69234.105759,59992.4463,88710.792357,6.935307,4,-2.809624,11.115542,10.328625,11.579405,0.786918,6,-0.831589,227633.511184,196833.1531,286054.254,8.817823,4,-3.465817,36.533255,33.59909,38.377942,2.934165,3,-1.533102,8015120.061351,6754268.6726,9946543.391871,6.269897,5,0.126604,1287.886634,1233.17431,1329.759094,54.712323,6,1.545481
2022-06-25,Rice,6306.036957142857,3990.132485714286,3178717.788514286,4.407192571428571,2.788668571428571,2221.5490182857143,17,23,8,5,6693.004805,4764.563817,7877.731471,0.670451,18,-5.781676,4.413957,4.395409,4.435112,0.021155,11,-0.153253,4231.196538,3004.00565,4992.0532,0.163904,23,-5.697302,2.790459,2.785549,2.796059,0.0056,21,-0.06417,3374950.652558,2405027.938333,3968670.926971,2.640084,8,-5.814392,2225.728891,2214.268126,2238.80079,13.071899,3,-0.187798
2022-06-25,"Salt, spices, culinary herbs and other food products",444.1367,1102.698457142857,109611.4331,1.1043627142857144,2.7468507142857144,271.78481242857146,30,30,27,5,516.810652,379.375457,1145.614886,0.05177,30,-14.062007,1.074819,0.809817,1.221574,0.265002,23,2.748719,1349.002485,884.187243,3982.261571,0.052256,29,-18.258234,2.758251,1.860042,4.102337,1.344086,22,-0.413298,163697.872327,91196.791014,737993.111686,0.128054,26,-33.040405,323.367205,227.575549,684.446814,361.079609,19,-15.951646
2022-06-25,"Sauces, condiments",9428.210757142859,20078.518128571428,1262989.141857143,2.302040714285714,4.904457285714286,308.2447032857143,15,14,15,5,9741.672716,6612.831643,16390.927014,0.975841,15,-3.217743,2.272242,2.219467,2.334464,0.062222,16,1.311434,19720.604072,13509.463229,32628.764671,0.763916,14,1.814924,4.633239,4.137111,5.845381,1.212142,15,5.853751,1352646.415272,951675.764257,2346649.088014,1.058119,16,-6.628286,315.774797,298.01131,338.335853,22.561056,20,-2.38464
2022-06-25,Savoury snacks,3252.4546142857143,10338.617499999998,615001.4195428572,1.7553207142857143,5.579959714285715,332.17404385714286,23,17,22,5,3508.406924,2934.376717,6976.290086,0.351444,23,-7.2954,1.778011,1.72737,1.930614,0.152603,19,-1.276156,11150.688654,9137.195133,21948.036743,0.431943,17,-7.2827,5.653864,5.480259,6.146643,0.492779,13,-1.307152,678020.444067,547013.339467,1387744.531357,0.530387,22,-9.294561,343.50234,316.547979,437.715846,94.213506,18,-3.29788
2022-06-25,"Soft drinks (inc. fizzy and ready to drink fruit drinks), mineral or spring water",5917.008371428572,1538.0081285714284,68997.5745142857,0.20977514285714285,0.054373571428571424,2.4534151428571427,18,28,30,5,5649.728345,4618.665886,10412.868729,0.565944,19,4.730847,0.21015,0.205601,0.225306,0.015156,30,-0.178189,1483.983748,1169.996771,3335.102614,0.057485,28,3.640497,0.055049,0.049885,0.071721,0.016672,30,-1.226847,65043.039427,52897.311257,116022.955314,0.05088,30,6.079874,2.439413,2.236549,2.64423,0.204817,30,0.574008
2022-06-25,"Sugar, sugar products, jams and marmalades",4883.556057142858,4105.539271428572,843125.8411714286,2.1539688571428575,1.810889857142857,371.8804677142857,20,22,21,5,5300.058234,3688.53565,8378.2543,0.530917,20,-7.858445,2.154882,2.107335,2.194137,0.047547,17,-0.042372,4454.640753,3104.651483,7005.104414,0.172559,22,-7.836804,1.811221,1.793978,1.825456,0.017243,23,-0.018281,914944.404727,637128.790567,1443213.123371,0.715723,21,-7.8495,372.001013,365.721601,377.185269,6.279412,16,-0.032405
2022-06-25,"Tea, coffee, cocoa and powdered chocolate",36395.44015714286,38186.244557142854,76249.87380000002,26.225314,27.493797714285712,55.058892571428565,7,8,28,5,39709.720555,28327.34405,54265.222929,3.977795,7,-8.34627,26.740506,26.019858,27.627357,0.88685,2,-1.926637,42263.378573,30278.014383,59652.770557,1.637153,8,-9.646967,28.425734,27.112628,30.299542,1.873808,5,-3.278494,99012.963197,64382.544514,171887.487971,0.077454,28,-22.990009,66.404043,50.741391,87.517516,21.113474,27,-17.085029
2022-07-02,"Baker's yeast, dessert preparations, soups",6231.713000000001,9728.775328571428,1112032.2735,2.8325697142857145,4.379351285714286,504.8303781428571,18,18,16,6,7985.690448,5158.9966,11109.725871,0.799941,17,-21.964005,2.638836,2.399434,3.01519,0.376354,15,7.341648,10133.984543,7743.733817,12772.186,0.392559,18,-3.998518,3.457694,2.339541,5.233981,1.776287,19,26.655242,1385906.736596,932849.351929,1911053.4077,1.084137,15,-19.761392,459.239816,405.329624,545.753175,86.513359,15,9.927398
2022-07-02,Beef and Lamb,166831.16317142858,610294.9893714285,2756439.2197142853,90.94686457142858,332.4256475714286,1501.2621095714287,2,2,9,6,207224.686107,139791.837786,342066.711086,20.758075,2,-19.492621,90.78412,81.878412,93.473207,8.905708,1,0.179266,762451.264726,511727.556257,1210221.180571,29.535021,1,-19.956197,332.544384,330.582466,339.041855,6.497471,1,-0.035705,3446260.019342,2311457.704143,5441731.711429,2.695867,7,-20.016505,1502.220715,1486.381377,1554.67736,52.456645,4,-0.063813
2022-07-02,Breads and cereals,33069.89227142857,80321.26385714285,11717095.5081,1.7243994285714286,4.186360428571429,610.2406734285714,8,5,4,6,34676.828332,27259.42595,44667.298843,3.473641,8,-4.634034,1.729168,1.706626,1.753884,0.024716,21,-0.27575,84408.522919,67389.80845,110732.959757,3.269727,6,-4.842235,4.207487,4.155123,4.294658,0.087171,16,-0.502128,12243011.855362,9951514.284967,16090617.298671,9.577201,3,-4.295645,610.467519,604.357677,626.34124,15.87372,12,-0.037159
2022-07-02,"Buns, crispbread and biscuits",13666.337057142857,17176.0637,1061765.9874428571,4.490160857142857,5.644908571428571,348.8100654285714,11,15,17,6,14641.766396,7038.073033,18824.045329,1.466692,11,-6.661965,4.567265,3.926231,4.713494,0.641034,10,-1.688199,18464.739406,8809.09675,23471.154129,0.715267,15,-6.979117,5.761494,4.890149,5.974548,0.871345,12,-2.02352,1107429.666344,654959.338583,1873560.941871,0.866296,17,-4.123393,345.52277,336.010497,388.190236,42.667466,17,0.951398
2022-07-02,Cakes and puddings,10296.994814285714,20935.68747142857,1570846.5273857142,3.8167717142857143,7.7584857142857135,581.588772,13,13,13,6,12052.166693,9446.5345,27323.8271,1.207288,13,-14.563123,3.866842,3.605168,4.120057,0.261674,12,-1.294856,24195.206302,19153.708186,54549.739343,0.937248,13,-13.471755,7.761808,7.357303,8.090825,0.404506,11,-0.042809,1796396.537273,1442834.604586,4056742.431329,1.405247,13,-12.555692,574.910952,564.979312,581.588772,9.93164,13,1.16154
2022-07-02,Chocolate,42704.35468571429,73880.58075714286,2261511.772914286,26.643559571428572,46.095524142857144,1411.1202542857143,6,6,10,6,58315.82945,28150.229133,132547.293257,5.841603,5,-26.770561,26.648336,26.635705,26.70231,0.053974,3,-0.017924,100886.00487,48669.253133,229294.0415,3.908014,5,-26.768256,46.100992,46.086531,46.162786,0.061793,2,-0.011862,3087731.596088,1485490.099517,7016207.887686,2.415405,10,-26.758149,1410.912515,1408.565066,1411.461877,2.347449,5,0.014724
2022-07-02,Confectionery products,2355.084442857143,3728.067085714286,347275.5092142857,3.183255857142857,5.0383824285714285,468.6238117142857,26,24,24,6,2639.015552,1230.34235,3506.494586,0.264355,26,-10.758978,3.375115,3.076151,3.996045,0.620931,13,-5.684515,4173.185967,1949.08865,5594.6689,0.161656,24,-10.666165,5.335199,4.888743,6.384052,1.048852,14,-5.56337,365423.519615,182796.127083,451633.892,0.285856,24,-4.966295,467.73042,451.206086,488.80262,21.0722,14,0.191006
2022-07-02,Dairy alternative,2648.7816142857146,1895.3789,76233.18742857143,0.9801887142857143,0.7014474285714286,28.219675857142857,24,27,29,6,2660.652938,1800.759517,3323.2613,0.266522,25,-0.446181,0.980224,0.980018,0.980467,0.000243,24,-0.003611,1904.762021,1287.6059,2379.9254,0.073785,27,-0.492614,0.701721,0.700136,0.703588,0.001867,27,-0.038943,76719.871596,51670.4985,95957.073143,0.060015,29,-0.634365,28.261161,28.02064,28.544487,0.283326,29,-0.146792
2022-07-02,Dairy products and eggs,229266.49127142856,697518.5611571429,47778128.506299995,4.667611,14.208346,972.8323657142857,1,1,1,6,232477.799758,181843.006267,351065.404543,23.287725,1,-1.38134,4.695567,4.563031,5.229134,0.533567,8,-0.595367,710535.102733,556267.420133,1103935.183871,27.523948,2,-1.831935,14.350037,13.874504,16.437715,2.087678,7,-0.98739,48504478.375397,37951671.559517,74580377.351429,37.943045,1,-1.49749,979.638118,947.127741,1110.38497,130.746852,8,-0.694721
2022-07-02,Dried fruit and nuts,1209.0108,7075.006385714286,1905149.966642857,1.875379857142857,10.97711657142857,2956.0638412857143,28,20,11,6,1354.723428,1038.388929,3492.095486,0.135705,28,-10.755895,1.889388,1.871719,1.912103,0.022716,18,-0.741408,7856.897445,6027.1344,20353.999714,0.304352,20,-9.951652,10.957706,10.926228,10.982189,0.031477,9,0.177143,2111373.829218,1619963.4337,5475933.913743,1.65164,12,-9.767283,2944.647013,2926.133188,2959.04748,18.513825,2,0.387715
2022-07-02,Edible oils and plant-based spreads,9490.042771428572,26728.171742857143,1839793.3261857145,4.566185571428571,12.889002571428572,886.4298497142856,14,11,12,6,11516.024682,7616.68445,19449.161571,1.153581,14,-17.592719,4.571062,4.524855,4.614628,0.046207,9,-0.106686,32326.766906,21393.85755,58323.040243,1.25224,9,-17.31876,12.826853,12.319996,13.748304,0.921451,8,0.484527,2159306.817661,1382403.26375,3664321.3365,1.689136,11,-14.79704,859.015758,796.975647,904.810217,62.040111,9,3.191337
2022-07-02,Fish and fish products,46391.778014285715,26273.02534285714,11919973.022285715,14.326844285714285,8.115788714285715,3681.736817,5,12,3,6,44048.218618,32840.772867,56109.634029,4.41239,6,5.320441,14.279638,14.164105,14.795633,0.515995,5,0.330583,25097.448283,17677.2765,30066.8442,0.972198,12,4.68405,8.135042,7.924591,8.182162,0.210451,10,-0.23667,11359882.239798,8182560.301667,13942633.360857,8.886365,4,4.930428,3682.364329,3675.505187,3683.900114,6.859142,1,-0.017041
2022-07-02,"Fresh, chilled or frozen fruit",16862.53577142857,27285.8975,3509597.0769285713,0.9028708571428572,1.4630155714285713,188.014715,10,9,7,6,15789.317297,10891.896033,19602.676833,1.581645,10,6.797118,0.869141,0.801294,0.91134,0.067847,26,3.880809,26149.090577,18436.855767,31249.10995,1.012935,11,4.347405,1.440723,1.375786,1.496551,0.064936,24,1.547345,3309952.701717,2308666.66155,4022982.239033,2.589239,9,6.031638,182.199418,171.490344,193.700603,11.501184,24,3.191721
2022-07-02,Fruit and vegetable juices,4019.9042285714286,6463.202728571428,964701.3093999999,0.5514084285714286,0.8861837142857143,132.5005277142857,21,21,18,6,3956.552029,3322.8124,6014.348971,0.396335,21,1.601197,0.549655,0.523444,0.565905,0.026211,27,0.318942,6420.381727,5507.827633,10098.037914,0.248706,21,0.666954,0.890925,0.874856,0.907908,0.016983,26,-0.532183,957660.438973,802306.9711,1466231.447171,0.749138,19,0.735216,133.064152,127.725177,136.908499,5.338975,25,-0.423573
2022-07-02,"Leafy and stem vegetables, including cabbages",2585.9297714285713,2643.358471428571,537014.4859142856,0.5384748571428571,0.550759,111.8509132857143,25,26,23,6,2757.371029,2291.510433,5559.985586,0.276211,24,-6.217562,0.52777,0.516959,0.544295,0.016525,28,2.028318,2803.538455,2332.706917,5906.793629,0.1086,26,-5.713493,0.535526,0.508317,0.556186,0.027209,29,2.844463,582885.201471,490911.0199,1223458.897614,0.455967,23,-7.869597,111.33321,109.938657,113.745759,2.412549,26,0.465003
2022-07-02,Meat alternative,2164.1905714285717,2744.8427,124684.34798571428,3.196296428571429,4.049372285714286,183.87366557142857,27,25,26,6,2334.920785,1507.460183,3546.6332,0.233893,27,-7.312035,3.203856,3.15683,3.258684,0.054828,14,-0.235955,2935.016621,1767.951217,4661.065671,0.113694,25,-6.479484,4.007139,3.664715,4.363268,0.356129,17,1.053952,134877.095393,76279.345517,224216.564714,0.105509,27,-7.557063,183.238195,156.950947,211.128878,27.890684,23,0.346801
2022-07-02,Other Meat,159025.33049999998,379734.15579999995,12490855.894157141,15.263028285714284,36.26305442857143,1200.547727857143,3,3,2,6,155605.134295,120499.749017,240673.170914,15.58725,3,2.197997,14.54359,13.440539,15.963764,1.420174,4,4.946773,346493.577259,242973.5198,463373.103614,13.422097,3,9.593418,32.476188,26.094584,40.120317,7.644129,4,11.660439,12871723.378448,10935977.428233,23519542.951257,10.069016,2,-2.958947,1196.865944,1171.617404,1306.265527,109.399583,7,0.307619
2022-07-02,Other vegetables,22125.510757142856,47090.08617142857,4205479.218085715,1.3549068571428573,2.897758,257.8658637142857,9,7,6,6,21710.047346,15914.283133,28532.786986,2.174735,9,1.913692,1.356362,1.328676,1.385649,0.029287,22,-0.107281,48418.258862,34800.809067,62979.575171,1.875575,7,-2.743124,3.024343,2.70005,3.328264,0.324293,20,-4.185534,4158886.236624,3003937.482633,5335174.981029,3.253324,6,1.120324,259.81835,251.354083,267.523771,8.464267,21,-0.751481
2022-07-02,Pasta products,3838.6388857142856,8340.8909,1425467.9940285715,1.7617087142857142,3.8283712857142858,654.6069597142857,22,19,14,6,3786.170854,2469.686283,4294.3287,0.379268,22,1.385781,1.768948,1.755839,1.788505,0.019556,20,-0.409258,8190.71269,5343.18925,9354.024514,0.317283,19,1.833518,3.82556,3.819282,3.831063,0.006278,18,0.073488,1402184.256253,917760.774833,1595015.077443,1.096871,14,1.660533,655.192799,650.769265,663.292973,8.100175,11,-0.089415
2022-07-02,Pastry (savoury),11022.736914285715,26809.27705714286,872552.8641714286,8.690034285714285,21.189138571428572,684.8394487142857,12,10,20,6,12126.324274,10321.05505,19579.955629,1.214716,12,-9.100757,8.741523,6.799252,9.710859,1.942272,7,-0.589018,29965.389169,23568.996617,40972.183471,1.160767,10,-10.532525,21.659973,14.495135,25.177449,7.164837,6,-2.173751,922921.302795,826556.673571,1901873.346986,0.721963,20,-5.457501,662.523247,612.539212,710.974256,49.984035,10,3.368365
2022-07-02,"Potatoes, root crops, non-starchy bulbs and mushrooms",8394.485,12691.688942857143,902351.5965714286,0.46388342857142856,0.7012858571428572,49.85476514285715,16,16,19,6,9479.581166,7237.189171,19570.309457,0.949587,16,-11.446668,0.46348,0.458367,0.464637,0.005112,29,0.087103,14246.901157,10888.947086,28934.506829,0.551881,16,-10.916144,0.697227,0.679129,0.705335,0.018099,28,0.582073,1017563.41704,774128.405286,2033935.952857,0.795998,18,-11.322323,49.794536,47.743595,50.189854,2.050941,28,0.120955
2022-07-02,Preserved fruit and fruit based products,794.0394142857142,1174.7215571428571,169313.86265714286,0.8731761428571428,1.2914092857142856,186.1472377142857,29,30,25,6,792.376834,427.837867,909.3098,0.079374,29,0.209822,0.873013,0.862756,0.878507,0.010257,25,0.01864,1172.190112,623.814667,1352.714314,0.045407,30,0.215959,1.290893,1.277285,1.314326,0.023434,25,0.039996,168954.540101,90254.870717,194439.635686,0.132166,25,0.212674,186.086047,184.937372,188.026297,1.940251,22,0.032883
2022-07-02,Ready meals,67323.02535714286,219360.2339142857,8292326.088057144,10.708876857142856,34.88429385714286,1316.6396738571427,4,4,5,6,69234.105759,59992.4463,88710.792357,6.935307,4,-2.760316,11.115542,10.328625,11.579405,0.786918,6,-3.658531,227633.511184,196833.1531,286054.254,8.817823,4,-3.634472,36.533255,33.59909,38.377942,2.934165,3,-4.513588,8015120.061351,6754268.6726,9946543.391871,6.269897,5,3.458539,1287.886634,1233.17431,1329.759094,54.712323,6,2.232575
2022-07-02,Rice,6476.237614285715,4098.3226,3264358.311157143,4.406571285714286,2.788504,2221.165116,17,23,8,6,6693.004805,4764.563817,7877.731471,0.670451,18,-3.238713,4.413957,4.395409,4.435112,0.021155,11,-0.167329,4231.196538,3004.00565,4992.0532,0.163904,23,-3.14034,2.790459,2.785549,2.796059,0.0056,21,-0.070068,3374950.652558,2405027.938333,3968670.926971,2.640084,8,-3.276858,2225.728891,2214.268126,2238.80079,13.071899,3,-0.205046
2022-07-02,"Salt, spices, culinary herbs and other food products",473.14861428571425,1190.873357142857,110631.66558571429,1.18794,2.986404428571429,276.89002,30,29,27,6,516.810652,379.375457,1145.614886,0.05177,30,-8.448363,1.074819,0.809817,1.221574,0.265002,23,10.52466,1349.002485,884.187243,3982.261571,0.052256,29,-11.72193,2.758251,1.860042,4.102337,1.344086,22,8.27169,163697.872327,91196.791014,737993.111686,0.128054,26,-32.417163,323.367205,227.575549,684.446814,361.079609,19,-14.372881
2022-07-02,"Sauces, condiments",9394.296114285713,19941.36532857143,1273118.5322285716,2.2700361428571427,4.806340857142857,308.05148242857143,15,14,15,6,9741.672716,6612.831643,16390.927014,0.975841,15,-3.565882,2.272242,2.219467,2.334464,0.062222,16,-0.097068,19720.604072,13509.463229,32628.764671,0.763916,14,1.119445,4.633239,4.137111,5.845381,1.212142,15,3.736087,1352646.415272,951675.764257,2346649.088014,1.058119,16,-5.879429,315.774797,298.01131,338.335853,22.561056,20,-2.44583
2022-07-02,Savoury snacks,3233.1267000000003,10315.0252,613319.7649714286,1.72737,5.515416142857142,328.6381035714286,23,17,22,6,3508.406924,2934.376717,6976.290086,0.351444,23,-7.846303,1.778011,1.72737,1.930614,0.152603,19,-2.848177,11150.688654,9137.195133,21948.036743,0.431943,17,-7.494277,5.653864,5.480259,6.146643,0.492779,13,-2.448735,678020.444067,547013.339467,1387744.531357,0.530387,22,-9.542585,343.50234,316.547979,437.715846,94.213506,18,-4.327259
2022-07-02,"Soft drinks (inc. fizzy and ready to drink fruit drinks), mineral or spring water",5985.712571428571,1513.512042857143,69100.94287142858,0.2078735714285714,0.052376,2.4219262857142856,19,28,30,6,5649.728345,4618.665886,10412.868729,0.565944,19,5.946909,0.21015,0.205601,0.225306,0.015156,30,-1.083055,1483.983748,1169.996771,3335.102614,0.057485,28,1.989799,0.055049,0.049885,0.071721,0.016672,30,-4.855566,65043.039427,52897.311257,116022.955314,0.05088,30,6.238797,2.439413,2.236549,2.64423,0.204817,30,-0.716829
2022-07-02,"Sugar, sugar products, jams and marmalades",5001.5644,4190.343,862276.7610285714,2.166727857142857,1.8155167142857143,373.5654711428571,20,22,21,6,5300.058234,3688.53565,8378.2543,0.530917,20,-5.631897,2.154882,2.107335,2.194137,0.047547,17,0.549726,4454.640753,3104.651483,7005.104414,0.172559,22,-5.933088,1.811221,1.793978,1.825456,0.017243,23,0.237174,914944.404727,637128.790567,1443213.123371,0.715723,21,-5.756376,372.001013,365.721601,377.185269,6.279412,16,0.420552
2022-07-02,"Tea, coffee, cocoa and powdered chocolate",37079.30367142857,39130.82577142857,76878.80468571429,26.081107428571432,27.529865857142855,54.23829185714286,7,8,28,6,39709.720555,28327.34405,54265.222929,3.977795,7,-6.624113,26.740506,26.019858,27.627357,0.88685,2,-2.465918,42263.378573,30278.014383,59652.770557,1.637153,8,-7.411979,28.425734,27.112628,30.299542,1.873808,5,-3.151609,99012.963197,64382.544514,171887.487971,0.077454,28,-22.354809,66.404043,50.741391,87.517516,21.113474,27,-18.320798
2022-07-09,"Baker's yeast, dessert preparations, soups",5375.679485714286,9217.557171428572,975046.9163428572,2.9756678571428568,5.073449571428571,539.502014,19,18,18,6,7985.690448,5158.9966,11109.725871,0.799941,17,-32.683598,2.638836,2.399434,3.01519,0.376354,15,12.764424,10133.984543,7743.733817,12772.186,0.392559,18,-9.04311,3.457694,2.339541,5.233981,1.776287,19,46.729262,1385906.736596,932849.351929,1911053.4077,1.084137,15,-29.645561,459.239816,405.329624,545.753175,86.513359,15,17.477186
2022-07-09,Beef and Lamb,143687.93471428572,524627.1128285715,2368919.251285714,91.08065214285715,332.32803814285717,1500.4740707142857,3,2,9,6,207224.686107,139791.837786,342066.711086,20.758075,2,-30.660802,90.78412,81.878412,93.473207,8.905708,1,0.326635,762451.264726,511727.556257,1210221.180571,29.535021,1,-31.192046,332.544384,330.582466,339.041855,6.497471,1,-0.065058,3446260.019342,2311457.704143,5441731.711429,2.695867,7,-31.261157,1502.220715,1486.381377,1554.67736,52.456645,4,-0.116271
2022-07-09,Breads and cereals,31763.243971428572,77229.62685714287,11321569.257185714,1.7167352857142857,4.172836571428571,611.5869832857143,8,5,4,6,34676.828332,27259.42595,44667.298843,3.473641,8,-8.402107,1.729168,1.706626,1.753884,0.024716,21,-0.718978,84408.522919,67389.80845,110732.959757,3.269727,6,-8.504942,4.207487,4.155123,4.294658,0.087171,16,-0.823552,12243011.855362,9951514.284967,16090617.298671,9.577201,3,-7.526274,610.467519,604.357677,626.34124,15.87372,12,0.183378
2022-07-09,"Buns, crispbread and biscuits",12754.2153,16016.324157142857,1002538.4609285714,4.459073,5.601927285714285,350.5956492857143,11,15,17,6,14641.766396,7038.073033,18824.045329,1.466692,11,-12.891553,4.567265,3.926231,4.713494,0.641034,10,-2.368866,18464.739406,8809.09675,23471.154129,0.715267,15,-13.25995,5.761494,4.890149,5.974548,0.871345,12,-2.76953,1107429.666344,654959.338583,1873560.941871,0.866296,17,-9.471591,345.52277,336.010497,388.190236,42.667466,17,1.468175
2022-07-09,Cakes and puddings,9601.026,19500.769157142855,1465271.5976,3.801012714285714,7.721816285714286,580.0887781428571,13,14,13,6,12052.166693,9446.5345,27323.8271,1.207288,13,-20.33776,3.866842,3.605168,4.120057,0.261674,12,-1.702398,24195.206302,19153.708186,54549.739343,0.937248,13,-19.402344,7.761808,7.357303,8.090825,0.404506,11,-0.515243,1796396.537273,1442834.604586,4056742.431329,1.405247,13,-18.432731,574.910952,564.979312,581.588772,9.93164,13,0.900631
2022-07-09,Chocolate,38317.66365714285,66290.86254285714,2029116.2391428573,26.645815142857142,46.09810642857143,1411.022150142857,6,6,10,6,58315.82945,28150.229133,132547.293257,5.841603,5,-34.29286,26.648336,26.635705,26.70231,0.053974,3,-0.00946,100886.00487,48669.253133,229294.0415,3.908014,5,-34.29132,46.100992,46.086531,46.162786,0.061793,2,-0.00626,3087731.596088,1485490.099517,7016207.887686,2.415405,10,-34.284565,1410.912515,1408.565066,1411.461877,2.347449,5,0.007771
2022-07-09,Confectionery products,2269.7202714285713,3600.113542857143,340941.82922857144,3.1413442857142857,4.982315,471.5646805714286,26,24,24,6,2639.015552,1230.34235,3506.494586,0.264355,26,-13.993676,3.375115,3.076151,3.996045,0.620931,13,-6.926297,4173.185967,1949.08865,5594.6689,0.161656,24,-13.732252,5.335199,4.888743,6.384052,1.048852,14,-6.614267,365423.519615,182796.127083,451633.892,0.285856,24,-6.699539,467.73042,451.206086,488.80262,21.0722,14,0.819759
2022-07-09,Dairy alternative,2474.0841142857143,1770.2866,71191.49257142856,0.980158,0.701213,28.184112714285714,25,28,29,6,2660.652938,1800.759517,3323.2613,0.266522,25,-7.012144,0.980224,0.980018,0.980467,0.000243,24,-0.006745,1904.762021,1287.6059,2379.9254,0.073785,27,-7.059959,0.701721,0.700136,0.703588,0.001867,27,-0.07235,76719.871596,51670.4985,95957.073143,0.060015,29,-7.205928,28.261161,28.02064,28.544487,0.283326,29,-0.27263
2022-07-09,Dairy products and eggs,228666.5488,689281.0649142858,47559441.45777143,4.626309142857143,13.945166285714285,962.2862975714286,1,1,1,6,232477.799758,181843.006267,351065.404543,23.287725,1,-1.639404,4.695567,4.563031,5.229134,0.533567,8,-1.474959,710535.102733,556267.420133,1103935.183871,27.523948,2,-2.991272,14.350037,13.874504,16.437715,2.087678,7,-2.821391,48504478.375397,37951671.559517,74580377.351429,37.943045,1,-1.94835,979.638118,947.127741,1110.38497,130.746852,8,-1.771248
2022-07-09,Dried fruit and nuts,1121.7877285714287,6517.353271428571,1752102.003842857,1.8856798571428572,10.962843714285714,2947.669154857143,28,21,11,6,1354.723428,1038.388929,3492.095486,0.135705,28,-17.194336,1.889388,1.871719,1.912103,0.022716,18,-0.196258,7856.897445,6027.1344,20353.999714,0.304352,20,-17.049277,10.957706,10.926228,10.982189,0.031477,9,0.046889,2111373.829218,1619963.4337,5475933.913743,1.65164,12,-17.016022,2944.647013,2926.133188,2959.04748,18.513825,2,0.102632
2022-07-09,Edible oils and plant-based spreads,8975.959485714286,25300.748114285718,1734433.0662714285,4.577129571428571,12.929809857142857,887.757877,15,11,12,6,11516.024682,7616.68445,19449.161571,1.153581,14,-22.056788,4.571062,4.524855,4.614628,0.046207,9,0.132734,32326.766906,21393.85755,58323.040243,1.25224,9,-21.734369,12.826853,12.319996,13.748304,0.921451,8,0.802666,2159306.817661,1382403.26375,3664321.3365,1.689136,11,-19.676396,859.015758,796.975647,904.810217,62.040111,9,3.345936
2022-07-09,Fish and fish products,46211.2551,25943.995457142857,11810677.357571429,14.401392285714286,8.085383857142856,3680.7458460000003,5,10,3,6,44048.218618,32840.772867,56109.634029,4.41239,6,4.910611,14.279638,14.164105,14.795633,0.515995,5,0.852641,25097.448283,17677.2765,30066.8442,0.972198,12,3.373041,8.135042,7.924591,8.182162,0.210451,10,-0.610421,11359882.239798,8182560.301667,13942633.360857,8.886365,4,3.968308,3682.364329,3675.505187,3683.900114,6.859142,1,-0.043952
2022-07-09,"Fresh, chilled or frozen fruit",17153.665357142858,27310.908457142858,3537932.631857143,0.9047822857142858,1.4407614285714287,186.71156985714285,10,9,7,6,15789.317297,10891.896033,19602.676833,1.581645,10,8.640957,0.869141,0.801294,0.91134,0.067847,26,4.10073,26149.090577,18436.855767,31249.10995,1.012935,11,4.443053,1.440723,1.375786,1.496551,0.064936,24,0.002694,3309952.701717,2308666.66155,4022982.239033,2.589239,9,6.88771,182.199418,171.490344,193.700603,11.501184,24,2.476491
2022-07-09,Fruit and vegetable juices,4289.089171428571,6870.6206571428565,1029618.9011428572,0.54768,0.8762382857142857,131.53525342857142,21,20,16,6,3956.552029,3322.8124,6014.348971,0.396335,21,8.404721,0.549655,0.523444,0.565905,0.026211,27,-0.359379,6420.381727,5507.827633,10098.037914,0.248706,21,7.01265,0.890925,0.874856,0.907908,0.016983,26,-1.648486,957660.438973,802306.9711,1466231.447171,0.749138,19,7.513985,133.064152,127.725177,136.908499,5.338975,25,-1.148993
2022-07-09,"Leafy and stem vegetables, including cabbages",2560.2038428571427,2566.9763285714284,521180.373,0.5442952857142858,0.5447295714285715,110.70549385714286,24,26,23,6,2757.371029,2291.510433,5559.985586,0.276211,24,-7.15055,0.52777,0.516959,0.544295,0.016525,28,3.131152,2803.538455,2332.706917,5906.793629,0.1086,26,-8.437984,0.535526,0.508317,0.556186,0.027209,29,1.718574,582885.201471,490911.0199,1223458.897614,0.455967,23,-10.586103,111.33321,109.938657,113.745759,2.412549,26,-0.563818
2022-07-09,Meat alternative,2133.4301714285716,2725.894857142857,123876.72594285714,3.1972002857142856,4.087993142857143,185.99964342857143,27,25,26,6,2334.920785,1507.460183,3546.6332,0.233893,27,-8.629441,3.203856,3.15683,3.258684,0.054828,14,-0.207743,2935.016621,1767.951217,4661.065671,0.113694,25,-7.125062,4.007139,3.664715,4.363268,0.356129,17,2.017753,134877.095393,76279.345517,224216.564714,0.105509,27,-8.155847,183.238195,156.950947,211.128878,27.890684,23,1.507027
2022-07-09,Other Meat,162967.7134,410596.7383857143,12359531.61452857,15.963764142857142,40.12031685714286,1209.7704795714287,2,3,2,6,155605.134295,120499.749017,240673.170914,15.58725,3,4.731579,14.54359,13.440539,15.963764,1.420174,4,9.76495,346493.577259,242973.5198,463373.103614,13.422097,3,18.500534,32.476188,26.094584,40.120317,7.644129,4,23.537641,12871723.378448,10935977.428233,23519542.951257,10.069016,2,-3.979201,1196.865944,1171.617404,1306.265527,109.399583,7,1.078194
2022-07-09,Other vegetables,21396.0227,42689.113300000005,3985804.1506999996,1.353851857142857,2.70005,252.23842600000003,9,7,6,6,21710.047346,15914.283133,28532.786986,2.174735,9,-1.446448,1.356362,1.328676,1.385649,0.029287,22,-0.185062,48418.258862,34800.809067,62979.575171,1.875575,7,-11.832614,3.024343,2.70005,3.328264,0.324293,20,-10.722756,4158886.236624,3003937.482633,5335174.981029,3.253324,6,-4.161741,259.81835,251.354083,267.523771,8.464267,21,-2.917394
2022-07-09,Pasta products,3570.0609,7669.780142857142,1307335.903242857,1.779353142857143,3.822889142857143,651.697315,22,19,14,6,3786.170854,2469.686283,4294.3287,0.379268,22,-5.707876,1.768948,1.755839,1.788505,0.019556,20,0.588195,8190.71269,5343.18925,9354.024514,0.317283,19,-6.360039,3.82556,3.819282,3.831063,0.006278,18,-0.069815,1402184.256253,917760.774833,1595015.077443,1.096871,14,-6.764329,655.192799,650.769265,663.292973,8.100175,11,-0.533505
2022-07-09,Pastry (savoury),10566.282042857143,25024.27795714286,886721.9610142857,8.405536,19.909986428571433,705.4170595714286,12,12,19,6,12126.324274,10321.05505,19579.955629,1.214716,12,-12.864923,8.741523,6.799252,9.710859,1.942272,7,-3.84358,29965.389169,23568.996617,40972.183471,1.160767,10,-16.489394,21.659973,14.495135,25.177449,7.164837,6,-8.079355,922921.302795,826556.673571,1901873.346986,0.721963,20,-3.922257,662.523247,612.539212,710.974256,49.984035,10,6.474311
2022-07-09,"Potatoes, root crops, non-starchy bulbs and mushrooms",7406.710571428572,11250.160042857142,798212.2961428572,0.4644385714285714,0.7053347142857144,50.031192714285716,16,16,20,6,9479.581166,7237.189171,19570.309457,0.949587,16,-21.86669,0.46348,0.458367,0.464637,0.005112,29,0.206881,14246.901157,10888.947086,28934.506829,0.551881,16,-21.034336,0.697227,0.679129,0.705335,0.018099,28,1.162781,1017563.41704,774128.405286,2033935.952857,0.795998,18,-21.556506,49.794536,47.743595,50.189854,2.050941,28,0.475266
2022-07-09,Preserved fruit and fruit based products,826.5845714285715,1218.1827857142857,175754.5407,0.8741035714285713,1.2888028571428571,185.92130657142857,29,29,25,6,792.376834,427.837867,909.3098,0.079374,29,4.317105,0.873013,0.862756,0.878507,0.010257,25,0.124873,1172.190112,623.814667,1352.714314,0.045407,30,3.923653,1.290893,1.277285,1.314326,0.023434,25,-0.161913,168954.540101,90254.870717,194439.635686,0.132166,25,4.024752,186.086047,184.937372,188.026297,1.940251,22,-0.088529
2022-07-09,Ready meals,62562.18177142857,203293.67224285714,7924418.906671428,10.485216,34.07513885714285,1329.7590935714286,4,4,5,6,69234.105759,59992.4463,88710.792357,6.935307,4,-9.636759,11.115542,10.328625,11.579405,0.786918,6,-5.670677,227633.511184,196833.1531,286054.254,8.817823,4,-10.692555,36.533255,33.59909,38.377942,2.934165,3,-6.728433,8015120.061351,6754268.6726,9946543.391871,6.269897,5,-1.131626,1287.886634,1233.17431,1329.759094,54.712323,6,3.251254
2022-07-09,Rice,5852.287471428572,3706.9936000000002,2948765.929957143,4.398795857142857,2.786445857142857,2216.360615857143,18,23,8,6,6693.004805,4764.563817,7877.731471,0.670451,18,-12.561134,4.413957,4.395409,4.435112,0.021155,11,-0.343484,4231.196538,3004.00565,4992.0532,0.163904,23,-12.389,2.790459,2.785549,2.796059,0.0056,21,-0.143824,3374950.652558,2405027.938333,3968670.926971,2.640084,8,-12.62788,2225.728891,2214.268126,2238.80079,13.071899,3,-0.420908
2022-07-09,"Salt, spices, culinary herbs and other food products",387.9231571428571,952.2514428571428,91196.79101428573,1.06152,2.5998664285714286,250.4319952857143,30,30,27,6,516.810652,379.375457,1145.614886,0.05177,30,-24.939017,1.074819,0.809817,1.221574,0.265002,23,-1.237321,1349.002485,884.187243,3982.261571,0.052256,29,-29.410698,2.758251,1.860042,4.102337,1.344086,22,-5.742193,163697.872327,91196.791014,737993.111686,0.128054,26,-44.289569,323.367205,227.575549,684.446814,361.079609,19,-22.554919
2022-07-09,"Sauces, condiments",9358.914157142857,20708.60904285714,1219673.758342857,2.2893515714285715,5.067626428571429,298.01130971428574,14,13,15,6,9741.672716,6612.831643,16390.927014,0.975841,15,-3.929085,2.272242,2.219467,2.334464,0.062222,16,0.752992,19720.604072,13509.463229,32628.764671,0.763916,14,5.010014,4.633239,4.137111,5.845381,1.212142,15,9.375459,1352646.415272,951675.764257,2346649.088014,1.058119,16,-9.830556,315.774797,298.01131,338.335853,22.561056,20,-5.625366
2022-07-09,Savoury snacks,3265.9847142857143,10364.973528571429,606434.279642857,1.7288147142857144,5.494477142857143,322.47076457142856,23,17,22,6,3508.406924,2934.376717,6976.290086,0.351444,23,-6.909752,1.778011,1.72737,1.930614,0.152603,19,-2.766923,11150.688654,9137.195133,21948.036743,0.431943,17,-7.046337,5.653864,5.480259,6.146643,0.492779,13,-2.819084,678020.444067,547013.339467,1387744.531357,0.530387,22,-10.558113,343.50234,316.547979,437.715846,94.213506,18,-6.122688
2022-07-09,"Soft drinks (inc. fizzy and ready to drink fruit drinks), mineral or spring water",7054.962057142858,1777.5634714285713,75278.21635714287,0.20845057142857143,0.052457857142857146,2.2365485714285716,17,27,28,6,5649.728345,4618.665886,10412.868729,0.565944,19,24.872589,0.21015,0.205601,0.225306,0.015156,30,-0.808488,1483.983748,1169.996771,3335.102614,0.057485,28,19.783217,0.055049,0.049885,0.071721,0.016672,30,-4.706868,65043.039427,52897.311257,116022.955314,0.05088,30,15.736007,2.439413,2.236549,2.64423,0.204817,30,-8.316106
2022-07-09,"Sugar, sugar products, jams and marmalades",4575.685328571429,3842.8827285714287,789647.7826857144,2.156965285714286,1.8119765714285714,372.27615357142855,20,22,21,6,5300.058234,3688.53565,8378.2543,0.530917,20,-13.667263,2.154882,2.107335,2.194137,0.047547,17,0.096681,4454.640753,3104.651483,7005.104414,0.172559,22,-13.73305,1.811221,1.793978,1.825456,0.017243,23,0.041718,914944.404727,637128.790567,1443213.123371,0.715723,21,-13.694452,372.001013,365.721601,377.185269,6.279412,16,0.073962
2022-07-09,"Tea, coffee, cocoa and powdered chocolate",33306.38301428571,34626.274,67715.083,26.217472571428573,27.232167142857143,52.92364385714286,7,8,30,6,39709.720555,28327.34405,54265.222929,3.977795,7,-16.125365,26.740506,26.019858,27.627357,0.88685,2,-1.955961,42263.378573,30278.014383,59652.770557,1.637153,8,-18.070265,28.425734,27.112628,30.299542,1.873808,5,-4.198895,99012.963197,64382.544514,171887.487971,0.077454,28,-31.609881,66.404043,50.741391,87.517516,21.113474,27,-20.300569
2022-07-16,"Baker's yeast, dessert preparations, soups",5158.9965999999995,8939.060614285714,932849.3519285715,3.015189857142857,5.233981142857142,545.7531747142857,19,18,18,6,7985.690448,5158.9966,11109.725871,0.799941,17,-35.396987,2.638836,2.399434,3.01519,0.376354,15,14.26213,10133.984543,7743.733817,12772.186,0.392559,18,-11.791255,3.457694,2.339541,5.233981,1.776287,19,51.371997,1385906.736596,932849.351929,1911053.4077,1.084137,15,-32.690323,459.239816,405.329624,545.753175,86.513359,15,18.838384
2022-07-16,Beef and Lamb,139791.83778571428,511727.5562571428,2311457.7041428573,91.00327214285714,332.38449314285714,1500.929855,3,2,9,6,207224.686107,139791.837786,342066.711086,20.758075,2,-32.540934,90.78412,81.878412,93.473207,8.905708,1,0.2414,762451.264726,511727.556257,1210221.180571,29.535021,1,-32.8839,332.544384,330.582466,339.041855,6.497471,1,-0.048081,3446260.019342,2311457.704143,5441731.711429,2.695867,7,-32.928517,1502.220715,1486.381377,1554.67736,52.456645,4,-0.08593
2022-07-16,Breads and cereals,32411.056485714285,78804.25094285714,11578485.364028571,1.7122427142857144,4.161466571428571,611.4726345714286,8,5,4,6,34676.828332,27259.42595,44667.298843,3.473641,8,-6.533965,1.729168,1.706626,1.753884,0.024716,21,-0.978789,84408.522919,67389.80845,110732.959757,3.269727,6,-6.639462,4.207487,4.155123,4.294658,0.087171,16,-1.093784,12243011.855362,9951514.284967,16090617.298671,9.577201,3,-5.427802,610.467519,604.357677,626.34124,15.87372,12,0.164647
2022-07-16,"Buns, crispbread and biscuits",13631.786271428573,17194.009685714285,1052171.9302428572,4.4904337142857145,5.658764142857143,350.5826152857143,11,15,17,6,14641.766396,7038.073033,18824.045329,1.466692,11,-6.897939,4.567265,3.926231,4.713494,0.641034,10,-1.682225,18464.739406,8809.09675,23471.154129,0.715267,15,-6.881926,5.761494,4.890149,5.974548,0.871345,12,-1.783035,1107429.666344,654959.338583,1873560.941871,0.866296,17,-4.989729,345.52277,336.010497,388.190236,42.667466,17,1.464403
2022-07-16,Cakes and puddings,10289.715542857142,20649.951628571427,1505599.3836428572,3.928813857142857,7.902573285714285,579.0548555714286,13,14,13,6,12052.166693,9446.5345,27323.8271,1.207288,13,-14.623521,3.866842,3.605168,4.120057,0.261674,12,1.602654,24195.206302,19153.708186,54549.739343,0.937248,13,-14.652715,7.761808,7.357303,8.090825,0.404506,11,1.813557,1796396.537273,1442834.604586,4056742.431329,1.405247,13,-16.187804,574.910952,564.979312,581.588772,9.93164,13,0.72079
2022-07-16,Chocolate,42063.12395714286,72777.12078571429,2228526.247657143,26.640132142857144,46.091600285714286,1411.2693215714285,6,6,10,6,58315.82945,28150.229133,132547.293257,5.841603,5,-27.870144,26.648336,26.635705,26.70231,0.053974,3,-0.030786,100886.00487,48669.253133,229294.0415,3.908014,5,-27.862025,46.100992,46.086531,46.162786,0.061793,2,-0.020373,3087731.596088,1485490.099517,7016207.887686,2.415405,10,-27.826426,1410.912515,1408.565066,1411.461877,2.347449,5,0.025289
2022-07-16,Confectionery products,2570.808257142857,4069.283685714286,380406.0401571429,3.1552321428571433,4.997717000000001,469.6491541428572,25,22,24,6,2639.015552,1230.34235,3506.494586,0.264355,26,-2.584573,3.375115,3.076151,3.996045,0.620931,13,-6.514819,4173.185967,1949.08865,5594.6689,0.161656,24,-2.489759,5.335199,4.888743,6.384052,1.048852,14,-6.32558,365423.519615,182796.127083,451633.892,0.285856,24,4.100043,467.73042,451.206086,488.80262,21.0722,14,0.410222
2022-07-16,Dairy alternative,2497.4658142857143,1787.2191,71897.29471428572,0.9801804285714286,0.701385,28.210235714285716,26,28,29,6,2660.652938,1800.759517,3323.2613,0.266522,25,-6.133349,0.980224,0.980018,0.980467,0.000243,24,-0.004457,1904.762021,1287.6059,2379.9254,0.073785,27,-6.171003,0.701721,0.700136,0.703588,0.001867,27,-0.047839,76719.871596,51670.4985,95957.073143,0.060015,29,-6.285955,28.261161,28.02064,28.544487,0.283326,29,-0.180195
2022-07-16,Dairy products and eggs,234668.16701428572,705208.5337857142,48787425.79044286,4.621581714285715,13.874504428571429,960.5857548571429,1,1,1,6,232477.799758,181843.006267,351065.404543,23.287725,1,0.942183,4.695567,4.563031,5.229134,0.533567,8,-1.575638,710535.102733,556267.420133,1103935.183871,27.523948,2,-0.749656,14.350037,13.874504,16.437715,2.087678,7,-3.313807,48504478.375397,37951671.559517,74580377.351429,37.943045,1,0.583343,979.638118,947.127741,1110.38497,130.746852,8,-1.944837
2022-07-16,Dried fruit and nuts,1128.5777999999998,6555.645871428571,1762325.313357143,1.88608,10.962289714285715,2947.343168714286,28,21,12,6,1354.723428,1038.388929,3492.095486,0.135705,28,-16.693122,1.889388,1.871719,1.912103,0.022716,18,-0.175079,7856.897445,6027.1344,20353.999714,0.304352,20,-16.561901,10.957706,10.926228,10.982189,0.031477,9,0.041833,2111373.829218,1619963.4337,5475933.913743,1.65164,12,-16.53182,2944.647013,2926.133188,2959.04748,18.513825,2,0.091561
2022-07-16,Edible oils and plant-based spreads,9316.967385714286,26164.832357142855,1810823.3824285716,4.585369857142857,12.891262285714285,890.8807398571428,15,10,11,6,11516.024682,7616.68445,19449.161571,1.153581,14,-19.095629,4.571062,4.524855,4.614628,0.046207,9,0.313004,32326.766906,21393.85755,58323.040243,1.25224,9,-19.061401,12.826853,12.319996,13.748304,0.921451,8,0.502144,2159306.817661,1382403.26375,3664321.3365,1.689136,11,-16.138672,859.015758,796.975647,904.810217,62.040111,9,3.709476
2022-07-16,Fish and fish products,45458.49392857143,25710.613542857143,11670779.423857141,14.349495142857142,8.106550285714286,3681.435719142857,5,11,3,6,44048.218618,32840.772867,56109.634029,4.41239,6,3.201663,14.279638,14.164105,14.795633,0.515995,5,0.489206,25097.448283,17677.2765,30066.8442,0.972198,12,2.443138,8.135042,7.924591,8.182162,0.210451,10,-0.350233,11359882.239798,8182560.301667,13942633.360857,8.886365,4,2.736799,3682.364329,3675.505187,3683.900114,6.859142,1,-0.025218
2022-07-16,"Fresh, chilled or frozen fruit",18352.177257142856,28817.36525714286,3778933.478242857,0.9113401428571429,1.4301287142857144,187.62794014285714,10,9,7,6,15789.317297,10891.896033,19602.676833,1.581645,10,16.231607,0.869141,0.801294,0.91134,0.067847,26,4.855252,26149.090577,18436.855767,31249.10995,1.012935,11,10.204082,1.440723,1.375786,1.496551,0.064936,24,-0.735319,3309952.701717,2308666.66155,4022982.239033,2.589239,9,14.168806,182.199418,171.490344,193.700603,11.501184,24,2.97944
2022-07-16,Fruit and vegetable juices,4593.354328571429,7340.119385714285,1101676.764057143,0.5496054285714286,0.8777051428571429,131.89524357142858,20,20,16,6,3956.552029,3322.8124,6014.348971,0.396335,21,16.09488,0.549655,0.523444,0.565905,0.026211,27,-0.009082,6420.381727,5507.827633,10098.037914,0.248706,21,14.32528,0.890925,0.874856,0.907908,0.016983,26,-1.483842,957660.438973,802306.9711,1466231.447171,0.749138,19,15.03835,133.064152,127.725177,136.908499,5.338975,25,-0.878455
2022-07-16,"Leafy and stem vegetables, including cabbages",2575.567985714286,2568.5576285714283,523242.54699999996,0.5441577142857142,0.5408367142857143,110.33658185714286,24,26,23,6,2757.371029,2291.510433,5559.985586,0.276211,24,-6.593347,0.52777,0.516959,0.544295,0.016525,28,3.105085,2803.538455,2332.706917,5906.793629,0.1086,26,-8.38158,0.535526,0.508317,0.556186,0.027209,29,0.991652,582885.201471,490911.0199,1223458.897614,0.455967,23,-10.232316,111.33321,109.938657,113.745759,2.412549,26,-0.895176
2022-07-16,Meat alternative,2106.5517714285716,2722.7889,124779.4107,3.202507285714286,4.152994428571429,190.32604957142854,27,25,26,6,2334.920785,1507.460183,3546.6332,0.233893,27,-9.780589,3.203856,3.15683,3.258684,0.054828,14,-0.042099,2935.016621,1767.951217,4661.065671,0.113694,25,-7.230887,4.007139,3.664715,4.363268,0.356129,17,3.639891,134877.095393,76279.345517,224216.564714,0.105509,27,-7.486582,183.238195,156.950947,211.128878,27.890684,23,3.86811
2022-07-16,Other Meat,159962.5127142857,397531.9420142857,12213860.705685714,15.821997999999999,39.25433271428572,1206.2729872857142,2,3,2,6,155605.134295,120499.749017,240673.170914,15.58725,3,2.800279,14.54359,13.440539,15.963764,1.420174,4,8.790183,346493.577259,242973.5198,463373.103614,13.422097,3,14.72996,32.476188,26.094584,40.120317,7.644129,4,20.87112,12871723.378448,10935977.428233,23519542.951257,10.069016,2,-5.110914,1196.865944,1171.617404,1306.265527,109.399583,7,0.785973
2022-07-16,Other vegetables,21184.315757142856,42385.1377,3933393.334971429,1.3695382857142857,2.7365962857142856,254.2086,9,7,6,6,21710.047346,15914.283133,28532.786986,2.174735,9,-2.421605,1.356362,1.328676,1.385649,0.029287,22,0.971445,48418.258862,34800.809067,62979.575171,1.875575,7,-12.460426,3.024343,2.70005,3.328264,0.324293,20,-9.514352,4158886.236624,3003937.482633,5335174.981029,3.253324,6,-5.421954,259.81835,251.354083,267.523771,8.464267,21,-2.159105
2022-07-16,Pasta products,3642.6032285714286,7794.4613,1332521.8176714287,1.7860868571428572,3.819820142857143,653.6808331428572,22,19,14,6,3786.170854,2469.686283,4294.3287,0.379268,22,-3.791895,1.768948,1.755839,1.788505,0.019556,20,0.968857,8190.71269,5343.18925,9354.024514,0.317283,19,-4.837813,3.82556,3.819282,3.831063,0.006278,18,-0.150038,1402184.256253,917760.774833,1595015.077443,1.096871,14,-4.968137,655.192799,650.769265,663.292973,8.100175,11,-0.230767
2022-07-16,Pastry (savoury),10718.669957142858,25273.139485714284,905915.8052714287,8.363250428571428,19.669157857142856,710.9742564285715,12,12,19,6,12126.324274,10321.05505,19579.955629,1.214716,12,-11.608252,8.741523,6.799252,9.710859,1.942272,7,-4.327312,29965.389169,23568.996617,40972.183471,1.160767,10,-15.658898,21.659973,14.495135,25.177449,7.164837,6,-9.191215,922921.302795,826556.673571,1901873.346986,0.721963,20,-1.842573,662.523247,612.539212,710.974256,49.984035,10,7.313103
2022-07-16,"Potatoes, root crops, non-starchy bulbs and mushrooms",7237.189171428572,10888.947085714286,774128.4052857142,0.4646215714285714,0.6982677142857143,49.59337671428572,17,17,21,6,9479.581166,7237.189171,19570.309457,0.949587,16,-23.654969,0.46348,0.458367,0.464637,0.005112,29,0.246365,14246.901157,10888.947086,28934.506829,0.551881,16,-23.569716,0.697227,0.679129,0.705335,0.018099,28,0.149195,1017563.41704,774128.405286,2033935.952857,0.795998,18,-23.923326,49.794536,47.743595,50.189854,2.050941,28,-0.403979
2022-07-16,Preserved fruit and fruit based products,859.2831142857142,1285.0793285714285,184710.59615714286,0.8687528571428571,1.2999251428571428,186.81934014285713,29,29,25,6,792.376834,427.837867,909.3098,0.079374,29,8.443745,0.873013,0.862756,0.878507,0.010257,25,-0.488029,1172.190112,623.814667,1352.714314,0.045407,30,9.630624,1.290893,1.277285,1.314326,0.023434,25,0.699683,168954.540101,90254.870717,194439.635686,0.132166,25,9.325619,186.086047,184.937372,188.026297,1.940251,22,0.394062
2022-07-16,Ready meals,60762.87774285714,197950.98521428573,7693241.075028571,10.328624714285715,33.59908971428571,1319.470245142857,4,4,5,6,69234.105759,59992.4463,88710.792357,6.935307,4,-12.235629,11.115542,10.328625,11.579405,0.786918,6,-7.079436,227633.511184,196833.1531,286054.254,8.817823,4,-13.039612,36.533255,33.59909,38.377942,2.934165,3,-8.03149,8015120.061351,6754268.6726,9946543.391871,6.269897,5,-4.015897,1287.886634,1233.17431,1329.759094,54.712323,6,2.45236
2022-07-16,Rice,5664.051885714286,3584.768985714286,2854845.6618999997,4.404669428571429,2.7880007142857144,2219.989990857143,18,24,8,6,6693.004805,4764.563817,7877.731471,0.670451,18,-15.373557,4.413957,4.395409,4.435112,0.021155,11,-0.210416,4231.196538,3004.00565,4992.0532,0.163904,23,-15.277654,2.790459,2.785549,2.796059,0.0056,21,-0.088104,3374950.652558,2405027.938333,3968670.926971,2.640084,8,-15.410744,2225.728891,2214.268126,2238.80079,13.071899,3,-0.257844
2022-07-16,"Salt, spices, culinary herbs and other food products",422.6824142857143,1061.5263285714286,108127.7410857143,1.1325552857142858,2.8632365714285717,285.4799427142857,30,30,27,6,516.810652,379.375457,1145.614886,0.05177,30,-18.213293,1.074819,0.809817,1.221574,0.265002,23,5.371725,1349.002485,884.187243,3982.261571,0.052256,29,-21.310276,2.758251,1.860042,4.102337,1.344086,22,3.806256,163697.872327,91196.791014,737993.111686,0.128054,26,-33.946765,323.367205,227.575549,684.446814,361.079609,19,-11.716483
2022-07-16,"Sauces, condiments",9786.545442857143,21496.83847142857,1258580.072842857,2.3269827142857147,5.133897285714285,298.7356298571429,14,13,15,6,9741.672716,6612.831643,16390.927014,0.975841,15,0.460627,2.272242,2.219467,2.334464,0.062222,16,2.409116,19720.604072,13509.463229,32628.764671,0.763916,14,9.006998,4.633239,4.137111,5.845381,1.212142,15,10.805795,1352646.415272,951675.764257,2346649.088014,1.058119,16,-6.954245,315.774797,298.01131,338.335853,22.561056,20,-5.395987
2022-07-16,Savoury snacks,3525.4724714285717,11130.785699999999,650362.4517428571,1.7496622857142856,5.5290298571428576,323.90853100000004,23,16,22,6,3508.406924,2934.376717,6976.290086,0.351444,23,0.486419,1.778011,1.72737,1.930614,0.152603,19,-1.594401,11150.688654,9137.195133,21948.036743,0.431943,17,-0.178491,5.653864,5.480259,6.146643,0.492779,13,-2.207949,678020.444067,547013.339467,1387744.531357,0.530387,22,-4.079227,343.50234,316.547979,437.715846,94.213506,18,-5.704127
2022-07-16,"Soft drinks (inc. fizzy and ready to drink fruit drinks), mineral or spring water",7838.088657142857,1945.559042857143,86860.55971428573,0.20729771428571428,0.05135314285714286,2.3026775714285717,16,27,28,6,5649.728345,4618.665886,10412.868729,0.565944,19,38.733903,0.21015,0.205601,0.225306,0.015156,30,-1.357077,1483.983748,1169.996771,3335.102614,0.057485,28,31.103797,0.055049,0.049885,0.071721,0.016672,30,-6.713653,65043.039427,52897.311257,116022.955314,0.05088,30,33.543205,2.439413,2.236549,2.64423,0.204817,30,-5.605248
2022-07-16,"Sugar, sugar products, jams and marmalades",4505.376557142858,3804.052428571428,779230.5454857143,2.137325,1.804854142857143,369.6823315714286,21,23,20,6,5300.058234,3688.53565,8378.2543,0.530917,20,-14.993829,2.154882,2.107335,2.194137,0.047547,17,-0.814751,4454.640753,3104.651483,7005.104414,0.172559,22,-14.604732,1.811221,1.793978,1.825456,0.017243,23,-0.351521,914944.404727,637128.790567,1443213.123371,0.715723,21,-14.833017,372.001013,365.721601,377.185269,6.279412,16,-0.6233
2022-07-16,"Tea, coffee, cocoa and powdered chocolate",32892.929757142854,33943.90127142857,66362.48311428571,26.29333157142857,27.112627857142858,52.557695714285714,7,8,30,6,39709.720555,28327.34405,54265.222929,3.977795,7,-17.166554,26.740506,26.019858,27.627357,0.88685,2,-1.672275,42263.378573,30278.014383,59652.770557,1.637153,8,-19.684837,28.425734,27.112628,30.299542,1.873808,5,-4.619427,99012.963197,64382.544514,171887.487971,0.077454,28,-32.975965,66.404043,50.741391,87.517516,21.113474,27,-20.851663
2022-07-23,"Baker's yeast, dessert preparations, soups",6545.656033333333,10268.496383333333,1155690.1492333333,2.879890666666667,4.5252783333333335,508.68329583333326,19,18,17,6,7985.690448,5158.9966,11109.725871,0.799941,17,-18.032685,2.638836,2.399434,3.01519,0.376354,15,9.1349,10133.984543,7743.733817,12772.186,0.392559,18,1.327334,3.457694,2.339541,5.233981,1.776287,19,30.875599,1385906.736596,932849.351929,1911053.4077,1.084137,15,-16.611261,459.239816,405.329624,545.753175,86.513359,15,10.766375
2022-07-23,Beef and Lamb,186564.3991,684168.4048333333,3091090.7641666667,90.5330235,332.72758016666666,1503.6997285,2,2,9,6,207224.686107,139791.837786,342066.711086,20.758075,2,-9.969993,90.78412,81.878412,93.473207,8.905708,1,-0.276586,762451.264726,511727.556257,1210221.180571,29.535021,1,-10.267261,332.544384,330.582466,339.041855,6.497471,1,0.055089,3446260.019342,2311457.704143,5441731.711429,2.695867,7,-10.305933,1502.220715,1486.381377,1554.67736,52.456645,4,0.098455
2022-07-23,Breads and cereals,36797.39585,89466.41978333333,13152288.034116665,1.7101251666666668,4.1563921666666666,611.0368043333333,8,5,3,6,34676.828332,27259.42595,44667.298843,3.473641,8,6.115229,1.729168,1.706626,1.753884,0.024716,21,-1.101249,84408.522919,67389.80845,110732.959757,3.269727,6,5.992164,4.207487,4.155123,4.294658,0.087171,16,-1.214388,12243011.855362,9951514.284967,16090617.298671,9.577201,3,7.426899,610.467519,604.357677,626.34124,15.87372,12,0.093254
2022-07-23,"Buns, crispbread and biscuits",16869.597266666668,21415.377,1233823.3188833334,4.678297166666667,5.941293333333333,341.72383766666667,11,15,16,6,14641.766396,7038.073033,18824.045329,1.466692,11,15.215588,4.567265,3.926231,4.713494,0.641034,10,2.431034,18464.739406,8809.09675,23471.154129,0.715267,15,15.97985,5.761494,4.890149,5.974548,0.871345,12,3.120714,1107429.666344,654959.338583,1873560.941871,0.866296,17,11.413244,345.52277,336.010497,388.190236,42.667466,17,-1.099474
2022-07-23,Cakes and puddings,12497.637533333334,24845.239783333334,1777111.1273666667,4.054113166666666,8.0591575,575.9030903333334,13,13,13,6,12052.166693,9446.5345,27323.8271,1.207288,13,3.696189,3.866842,3.605168,4.120057,0.261674,12,4.843007,24195.206302,19153.708186,54549.739343,0.937248,13,2.686621,7.761808,7.357303,8.090825,0.404506,11,3.830925,1796396.537273,1442834.604586,4056742.431329,1.405247,13,-1.073561,574.910952,564.979312,581.588772,9.93164,13,0.172572
2022-07-23,Chocolate,50398.90443333334,87194.46968333334,2669316.45105,26.6429735,46.09485316666667,1411.1457481666666,5,6,10,6,58315.82945,28150.229133,132547.293257,5.841603,5,-13.575945,26.648336,26.635705,26.70231,0.053974,3,-0.020123,100886.00487,48669.253133,229294.0415,3.908014,5,-13.571293,46.100992,46.086531,46.162786,0.061793,2,-0.013317,3087731.596088,1485490.099517,7016207.887686,2.415405,10,-13.550891,1410.912515,1408.565066,1411.461877,2.347449,5,0.016531
2022-07-23,Confectionery products,2902.5730000000003,4586.494766666667,421644.8516,3.2075663333333337,5.068956333333333,466.57387216666666,24,23,24,6,2639.015552,1230.34235,3506.494586,0.264355,26,9.986961,3.375115,3.076151,3.996045,0.620931,13,-4.964229,4173.185967,1949.08865,5594.6689,0.161656,24,9.903915,5.335199,4.888743,6.384052,1.048852,14,-4.99031,365423.519615,182796.127083,451633.892,0.285856,24,15.385253,467.73042,451.206086,488.80262,21.0722,14,-0.247268
2022-07-23,Dairy alternative,2823.8449333333338,2020.8095833333334,81297.91833333333,0.9801921666666668,0.7014748333333333,28.223841000000004,25,27,29,6,2660.652938,1800.759517,3323.2613,0.266522,25,6.133532,0.980224,0.980018,0.980467,0.000243,24,-0.003259,1904.762021,1287.6059,2379.9254,0.073785,27,6.092497,0.701721,0.700136,0.703588,0.001867,27,-0.035037,76719.871596,51670.4985,95957.073143,0.060015,29,5.967224,28.261161,28.02064,28.544487,0.283326,29,-0.132054
2022-07-23,Dairy products and eggs,260225.29409999997,792184.1318166666,54276397.34553333,4.700194166666667,14.307434333333333,980.3959555,1,1,1,6,232477.799758,181843.006267,351065.404543,23.287725,1,11.935546,4.695567,4.563031,5.229134,0.533567,8,0.098547,710535.102733,556267.420133,1103935.183871,27.523948,2,11.491203,14.350037,13.874504,16.437715,2.087678,7,-0.296881,48504478.375397,37951671.559517,74580377.351429,37.943045,1,11.899765,979.638118,947.127741,1110.38497,130.746852,8,0.077359
2022-07-23,Dried fruit and nuts,1265.7508,7381.549166666667,1986138.9552333334,1.8814311666666665,10.968731499999999,2951.131919833333,28,20,12,6,1354.723428,1038.388929,3492.095486,0.135705,28,-6.567586,1.889388,1.871719,1.912103,0.022716,18,-0.421129,7856.897445,6027.1344,20353.999714,0.304352,20,-6.050076,10.957706,10.926228,10.982189,0.031477,9,0.100621,2111373.829218,1619963.4337,5475933.913743,1.65164,12,-5.93144,2944.647013,2926.133188,2959.04748,18.513825,2,0.220227
2022-07-23,Edible oils and plant-based spreads,11669.368583333335,32509.19053333333,2240386.337266667,4.580817166666667,12.764906000000002,878.2249086666667,14,10,11,6,11516.024682,7616.68445,19449.161571,1.153581,14,1.33157,4.571062,4.524855,4.614628,0.046207,9,0.213406,32326.766906,21393.85755,58323.040243,1.25224,9,0.564311,12.826853,12.319996,13.748304,0.921451,8,-0.482948,2159306.817661,1382403.26375,3664321.3365,1.689136,11,3.754886,859.015758,796.975647,904.810217,62.040111,9,2.236181
2022-07-23,Fish and fish products,49350.435333333335,28247.288,12763029.695833333,14.245700833333332,8.148883333333332,3682.8154579999996,6,12,4,6,44048.218618,32840.772867,56109.634029,4.41239,6,12.037301,14.279638,14.164105,14.795633,0.515995,5,-0.237663,25097.448283,17677.2765,30066.8442,0.972198,12,12.550438,8.135042,7.924591,8.182162,0.210451,10,0.170146,11359882.239798,8182560.301667,13942633.360857,8.886365,4,12.351778,3682.364329,3675.505187,3683.900114,6.859142,1,0.012251
2022-07-23,"Fresh, chilled or frozen fruit",19602.676833333335,31249.10995,4022982.2390333335,0.9043566666666667,1.4402920000000001,185.53907733333335,10,11,7,6,15789.317297,10891.896033,19602.676833,1.581645,10,24.151516,0.869141,0.801294,0.91134,0.067847,26,4.05176,26149.090577,18436.855767,31249.10995,1.012935,11,19.50362,1.440723,1.375786,1.496551,0.064936,24,-0.029889,3309952.701717,2308666.66155,4022982.239033,2.589239,9,21.541986,182.199418,171.490344,193.700603,11.501184,24,1.832969
2022-07-23,Fruit and vegetable juices,4552.9375,7323.7271,1090089.7488,0.5515838333333333,0.8869454999999999,132.138707,21,21,18,6,3956.552029,3322.8124,6014.348971,0.396335,21,15.073364,0.549655,0.523444,0.565905,0.026211,27,0.350854,6420.381727,5507.827633,10098.037914,0.248706,21,14.069964,0.890925,0.874856,0.907908,0.016983,26,-0.446678,957660.438973,802306.9711,1466231.447171,0.749138,19,13.82842,133.064152,127.725177,136.908499,5.338975,25,-0.695488
2022-07-23,"Leafy and stem vegetables, including cabbages",2736.5546833333333,2772.5742166666664,565374.6913833333,0.5383626666666667,0.544545,111.18653066666667,26,26,23,6,2757.371029,2291.510433,5559.985586,0.276211,24,-0.754935,0.52777,0.516959,0.544295,0.016525,28,2.00706,2803.538455,2332.706917,5906.793629,0.1086,26,-1.10447,0.535526,0.508317,0.556186,0.027209,29,1.684108,582885.201471,490911.0199,1223458.897614,0.455967,23,-3.00411,111.33321,109.938657,113.745759,2.412549,26,-0.131748
2022-07-23,Meat alternative,2561.0845,3243.5235,148665.77,3.204171166666667,4.063439166666667,186.13922716666664,27,25,26,6,2334.920785,1507.460183,3546.6332,0.233893,27,9.686141,3.203856,3.15683,3.258684,0.054828,14,0.009835,2935.016621,1767.951217,4661.065671,0.113694,25,10.511248,4.007139,3.664715,4.363268,0.356129,17,1.404998,134877.095393,76279.345517,224216.564714,0.105509,27,10.22314,183.238195,156.950947,211.128878,27.890684,23,1.583203
2022-07-23,Other Meat,177188.78156666667,426875.32091666665,13879286.606283331,15.521548166666667,37.524202,1212.9160405,3,3,2,6,155605.134295,120499.749017,240673.170914,15.58725,3,13.870781,14.54359,13.440539,15.963764,1.420174,4,6.724325,346493.577259,242973.5198,463373.103614,13.422097,3,23.198624,32.476188,26.094584,40.120317,7.644129,4,15.543738,12871723.378448,10935977.428233,23519542.951257,10.069016,2,7.827726,1196.865944,1171.617404,1306.265527,109.399583,7,1.34101
2022-07-23,Other vegetables,23277.8796,50155.97030000001,4409596.213866667,1.3637788333333332,2.9369425000000002,258.3495165,9,7,6,6,21710.047346,15914.283133,28532.786986,2.174735,9,7.22169,1.356362,1.328676,1.385649,0.029287,22,0.54682,48418.258862,34800.809067,62979.575171,1.875575,7,3.588959,3.024343,2.70005,3.328264,0.324293,20,-2.889897,4158886.236624,3003937.482633,5335174.981029,3.253324,6,6.028296,259.81835,251.354083,267.523771,8.464267,21,-0.565331
2022-07-23,Pasta products,4229.398066666667,9048.819633333333,1543035.72035,1.7843735,3.821361,650.7692651666667,22,19,14,6,3786.170854,2469.686283,4294.3287,0.379268,22,11.706477,1.768948,1.755839,1.788505,0.019556,20,0.872,8190.71269,5343.18925,9354.024514,0.317283,19,10.476585,3.82556,3.819282,3.831063,0.006278,18,-0.10976,1402184.256253,917760.774833,1595015.077443,1.096871,14,10.045147,655.192799,650.769265,663.292973,8.100175,11,-0.67515
2022-07-23,Pastry (savoury),13366.299416666667,32821.66355,1032603.9940833333,8.799705333333334,21.590761,680.4010228333333,12,9,19,6,12126.324274,10321.05505,19579.955629,1.214716,12,10.225482,8.741523,6.799252,9.710859,1.942272,7,0.665581,29965.389169,23568.996617,40972.183471,1.160767,10,9.531912,21.659973,14.495135,25.177449,7.164837,6,-0.319537,922921.302795,826556.673571,1901873.346986,0.721963,20,11.884295,662.523247,612.539212,710.974256,49.984035,10,2.698438
2022-07-23,"Potatoes, root crops, non-starchy bulbs and mushrooms",9088.628866666666,13751.686950000001,978698.7738333334,0.4643521666666666,0.7029679999999999,50.02100733333333,16,16,20,6,9479.581166,7237.189171,19570.309457,0.949587,16,-4.124152,0.46348,0.458367,0.464637,0.005112,29,0.188238,14246.901157,10888.947086,28934.506829,0.551881,16,-3.475943,0.697227,0.679129,0.705335,0.018099,28,0.823335,1017563.41704,774128.405286,2033935.952857,0.795998,18,-3.819383,49.794536,47.743595,50.189854,2.050941,28,0.454811
2022-07-23,Preserved fruit and fruit based products,859.4064500000001,1309.5380833333331,187329.67561666667,0.8627560000000001,1.3143265,188.02629733333333,29,29,25,6,792.376834,427.837867,909.3098,0.079374,29,8.45931,0.873013,0.862756,0.878507,0.010257,25,-1.174944,1172.190112,623.814667,1352.714314,0.045407,30,11.71721,1.290893,1.277285,1.314326,0.023434,25,1.815295,168954.540101,90254.870717,194439.635686,0.132166,25,10.875787,186.086047,184.937372,188.026297,1.940251,22,1.042663
2022-07-23,Ready meals,72390.89743333333,238750.6107,8579468.187883334,10.882809166666666,35.942314333333336,1291.4998783333333,4,4,5,6,69234.105759,59992.4463,88710.792357,6.935307,4,4.55959,11.115542,10.328625,11.579405,0.786918,6,-2.093765,227633.511184,196833.1531,286054.254,8.817823,4,4.883771,36.533255,33.59909,38.377942,2.934165,3,-1.61754,8015120.061351,6754268.6726,9946543.391871,6.269897,5,7.041044,1287.886634,1233.17431,1329.759094,54.712323,6,0.280556
2022-07-23,Rice,6780.803083333333,4287.942316666667,3418839.050566667,4.411946,2.789926833333334,2224.4861723333333,17,24,8,6,6693.004805,4764.563817,7877.731471,0.670451,18,1.311792,4.413957,4.395409,4.435112,0.021155,11,-0.045563,4231.196538,3004.00565,4992.0532,0.163904,23,1.341128,2.790459,2.785549,2.796059,0.0056,21,-0.019079,3374950.652558,2405027.938333,3968670.926971,2.640084,8,1.300416,2225.728891,2214.268126,2238.80079,13.071899,3,-0.055834
2022-07-23,"Salt, spices, culinary herbs and other food products",506.6236833333333,1207.8025,108894.79708333332,1.1090975,2.6296138333333334,242.010508,30,30,27,6,516.810652,379.375457,1145.614886,0.05177,30,-1.971122,1.074819,0.809817,1.221574,0.265002,23,3.189238,1349.002485,884.187243,3982.261571,0.052256,29,-10.466992,2.758251,1.860042,4.102337,1.344086,22,-4.663705,163697.872327,91196.791014,737993.111686,0.128054,26,-33.478184,323.367205,227.575549,684.446814,361.079609,19,-25.159229
2022-07-23,"Sauces, condiments",11160.864766666666,23443.565483333336,1488978.5018666666,2.334464,4.9146465,311.7763586666667,15,14,15,6,9741.672716,6612.831643,16390.927014,0.975841,15,14.568258,2.272242,2.219467,2.334464,0.062222,16,2.738363,19720.604072,13509.463229,32628.764671,0.763916,14,18.878536,4.633239,4.137111,5.845381,1.212142,15,6.073667,1352646.415272,951675.764257,2346649.088014,1.058119,16,10.078915,315.774797,298.01131,338.335853,22.561056,20,-1.266231
2022-07-23,Savoury snacks,3954.5659833333334,12510.176699999998,736451.9548833333,1.7663475000000002,5.585702333333334,328.36777183333334,23,17,22,6,3508.406924,2934.376717,6976.290086,0.351444,23,12.716856,1.778011,1.72737,1.930614,0.152603,19,-0.655981,11150.688654,9137.195133,21948.036743,0.431943,17,12.191965,5.653864,5.480259,6.146643,0.492779,13,-1.205582,678020.444067,547013.339467,1387744.531357,0.530387,22,8.617957,343.50234,316.547979,437.715846,94.213506,18,-4.405958
2022-07-23,"Soft drinks (inc. fizzy and ready to drink fruit drinks), mineral or spring water",6742.415633333333,1740.3592166666667,77969.71021666667,0.2096875,0.05423683333333334,2.4456626666666668,18,28,30,6,5649.728345,4618.665886,10412.868729,0.565944,19,19.340528,0.21015,0.205601,0.225306,0.015156,30,-0.219894,1483.983748,1169.996771,3335.102614,0.057485,28,17.276164,0.055049,0.049885,0.071721,0.016672,30,-1.475241,65043.039427,52897.311257,116022.955314,0.05088,30,19.874026,2.439413,2.236549,2.64423,0.204817,30,0.256208
2022-07-23,"Sugar, sugar products, jams and marmalades",5498.876066666667,4632.1946,950153.1698333332,2.1448513333333334,1.8075836666666667,370.67632933333334,20,22,21,6,5300.058234,3688.53565,8378.2543,0.530917,20,3.751239,2.154882,2.107335,2.194137,0.047547,17,-0.465482,4454.640753,3104.651483,7005.104414,0.172559,22,3.985817,1.811221,1.793978,1.825456,0.017243,23,-0.200821,914944.404727,637128.790567,1443213.123371,0.715723,21,3.848186,372.001013,365.721601,377.185269,6.279412,16,-0.356097
2022-07-23,"Tea, coffee, cocoa and powdered chocolate",38662.0665,40085.11621666667,86036.83856666667,26.648825333333335,27.629492166666665,59.385230666666665,7,8,28,6,39709.720555,28327.34405,54265.222929,3.977795,7,-2.638281,26.740506,26.019858,27.627357,0.88685,2,-0.342855,42263.378573,30278.014383,59652.770557,1.637153,8,-5.154019,28.425734,27.112628,30.299542,1.873808,5,-2.801129,99012.963197,64382.544514,171887.487971,0.077454,28,-13.105481,66.404043,50.741391,87.517516,21.113474,27,-10.569856
2022-07-30,"Baker's yeast, dessert preparations, soups",5668.877514285714,8760.1035,1002849.3189571429,2.835005857142857,4.343544142857143,500.9327064285714,18,18,17,6,7985.690448,5158.9966,11109.725871,0.799941,17,-29.012055,2.638836,2.399434,3.01519,0.376354,15,7.433967,10133.984543,7743.733817,12772.186,0.392559,18,-13.557165,3.457694,2.339541,5.233981,1.776287,19,25.619663,1385906.736596,932849.351929,1911053.4077,1.084137,15,-27.63948,459.239816,405.329624,545.753175,86.513359,15,9.078675
2022-07-30,Beef and Lamb,162677.2269142857,595136.0701714286,2687994.7094285716,90.98224042857143,332.3998382857143,1501.0537387142856,2,2,9,6,207224.686107,139791.837786,342066.711086,20.758075,2,-21.497178,90.78412,81.878412,93.473207,8.905708,1,0.218233,762451.264726,511727.556257,1210221.180571,29.535021,1,-21.944379,332.544384,330.582466,339.041855,6.497471,1,-0.043467,3446260.019342,2311457.704143,5441731.711429,2.695867,7,-22.002557,1502.220715,1486.381377,1554.67736,52.456645,4,-0.077683
2022-07-30,Breads and cereals,30802.35054285714,74903.81321428572,11007863.468842858,1.7104315714285714,4.157967285714286,610.8842782857143,8,5,3,6,34676.828332,27259.42595,44667.298843,3.473641,8,-11.173103,1.729168,1.706626,1.753884,0.024716,21,-1.08353,84408.522919,67389.80845,110732.959757,3.269727,6,-11.260367,4.207487,4.155123,4.294658,0.087171,16,-1.176952,12243011.855362,9951514.284967,16090617.298671,9.577201,3,-10.088599,610.467519,604.357677,626.34124,15.87372,12,0.068269
2022-07-30,"Buns, crispbread and biscuits",13772.859228571428,17454.403614285715,1024121.9510142857,4.626641857142857,5.863884428571429,344.00453314285716,11,15,16,6,14641.766396,7038.073033,18824.045329,1.466692,11,-5.934442,4.567265,3.926231,4.713494,0.641034,10,1.300045,18464.739406,8809.09675,23471.154129,0.715267,15,-5.471703,5.761494,4.890149,5.974548,0.871345,12,1.777158,1107429.666344,654959.338583,1873560.941871,0.866296,17,-7.522619,345.52277,336.010497,388.190236,42.667466,17,-0.439403
2022-07-30,Cakes and puddings,10358.832914285713,20686.694028571426,1493987.0908142857,4.008978142857143,8.003762857142858,577.3399027142857,13,13,13,6,12052.166693,9446.5345,27323.8271,1.207288,13,-14.050036,3.866842,3.605168,4.120057,0.261674,12,3.675775,24195.206302,19153.708186,54549.739343,0.937248,13,-14.500857,7.761808,7.357303,8.090825,0.404506,11,3.117242,1796396.537273,1442834.604586,4056742.431329,1.405247,13,-16.834226,574.910952,564.979312,581.588772,9.93164,13,0.422492
2022-07-30,Chocolate,41642.48434285715,72044.14694285714,2205385.4836142855,26.644772857142858,46.09691314285715,1411.0674805714286,6,6,10,6,58315.82945,28150.229133,132547.293257,5.841603,5,-28.591457,26.648336,26.635705,26.70231,0.053974,3,-0.013371,100886.00487,48669.253133,229294.0415,3.908014,5,-28.588562,46.100992,46.086531,46.162786,0.061793,2,-0.008849,3087731.596088,1485490.099517,7016207.887686,2.415405,10,-28.575868,1410.912515,1408.565066,1411.461877,2.347449,5,0.010983
2022-07-30,Confectionery products,2351.2534142857144,3716.420471428571,343354.44764285715,3.202299142857143,5.060576428571429,466.63702957142857,26,23,24,6,2639.015552,1230.34235,3506.494586,0.264355,26,-10.904147,3.375115,3.076151,3.996045,0.620931,13,-5.120289,4173.185967,1949.08865,5594.6689,0.161656,24,-10.945247,5.335199,4.888743,6.384052,1.048852,14,-5.147378,365423.519615,182796.127083,451633.892,0.285856,24,-6.039314,467.73042,451.206086,488.80262,21.0722,14,-0.233765
2022-07-30,Dairy alternative,2392.1535714285715,1713.5378999999998,69140.061,0.9802832857142858,0.7021751428571428,28.330142857142857,25,27,29,6,2660.652938,1800.759517,3323.2613,0.266522,25,-10.091484,0.980224,0.980018,0.980467,0.000243,24,0.006037,1904.762021,1287.6059,2379.9254,0.073785,27,-10.039266,0.701721,0.700136,0.703588,0.001867,27,0.064762,76719.871596,51670.4985,95957.073143,0.060015,29,-9.879853,28.261161,28.02064,28.544487,0.283326,29,0.244087
2022-07-30,Dairy products and eggs,219577.10339999996,668861.2424999999,45794352.6889,4.704796571428572,14.336825571428571,981.4152172857142,1,1,1,6,232477.799758,181843.006267,351065.404543,23.287725,1,-5.549216,4.695567,4.563031,5.229134,0.533567,8,0.196563,710535.102733,556267.420133,1103935.183871,27.523948,2,-5.865137,14.350037,13.874504,16.437715,2.087678,7,-0.092065,48504478.375397,37951671.559517,74580377.351429,37.943045,1,-5.587372,979.638118,947.127741,1110.38497,130.746852,8,0.181404
2022-07-30,Dried fruit and nuts,1040.7711428571429,6057.974742857143,1629299.9062285714,1.8842558571428571,10.964817571428572,2948.8299195714285,28,21,12,6,1354.723428,1038.388929,3492.095486,0.135705,28,-23.174641,1.889388,1.871719,1.912103,0.022716,18,-0.271626,7856.897445,6027.1344,20353.999714,0.304352,20,-22.896095,10.957706,10.926228,10.982189,0.031477,9,0.064902,2111373.829218,1619963.4337,5475933.913743,1.65164,12,-22.832239,2944.647013,2926.133188,2959.04748,18.513825,2,0.142051
2022-07-30,Edible oils and plant-based spreads,9734.647614285714,27254.47017142857,1880842.7515142858,4.585921428571429,12.844633285714286,885.9232844285715,14,10,11,6,11516.024682,7616.68445,19449.161571,1.153581,14,-15.468681,4.571062,4.524855,4.614628,0.046207,9,0.325071,32326.766906,21393.85755,58323.040243,1.25224,9,-15.690702,12.826853,12.319996,13.748304,0.921451,8,0.138618,2159306.817661,1382403.26375,3664321.3365,1.689136,11,-12.895993,859.015758,796.975647,904.810217,62.040111,9,3.132367
2022-07-30,Fish and fish products,42244.78851428571,24225.913285714283,10938060.176428571,14.221984285714285,8.158556285714285,3683.130723714286,5,12,4,6,44048.218618,32840.772867,56109.634029,4.41239,6,-4.094218,14.279638,14.164105,14.795633,0.515995,5,-0.40375,25097.448283,17677.2765,30066.8442,0.972198,12,-3.472604,8.135042,7.924591,8.182162,0.210451,10,0.289051,11359882.239798,8182560.301667,13942633.360857,8.886365,4,-3.713261,3682.364329,3675.505187,3683.900114,6.859142,1,0.020813
2022-07-30,"Fresh, chilled or frozen fruit",16603.912557142856,26485.045285714285,3423268.5926142856,0.9087245714285714,1.4495398571428573,187.39654957142855,10,11,7,6,15789.317297,10891.896033,19602.676833,1.581645,10,5.159154,0.869141,0.801294,0.91134,0.067847,26,4.554314,26149.090577,18436.855767,31249.10995,1.012935,11,1.284766,1.440723,1.375786,1.496551,0.064936,24,0.612001,3309952.701717,2308666.66155,4022982.239033,2.589239,9,3.42349,182.199418,171.490344,193.700603,11.501184,24,2.852441
2022-07-30,Fruit and vegetable juices,3835.5509142857145,6191.133442857143,917149.5138,0.5495355714285715,0.8868964285714286,131.50797414285714,21,20,18,6,3956.552029,3322.8124,6014.348971,0.396335,21,-3.058247,0.549655,0.523444,0.565905,0.026211,27,-0.021791,6420.381727,5507.827633,10098.037914,0.248706,21,-3.570633,0.890925,0.874856,0.907908,0.016983,26,-0.452186,957660.438973,802306.9711,1466231.447171,0.749138,19,-4.230197,133.064152,127.725177,136.908499,5.338975,25,-1.169494
2022-07-30,"Leafy and stem vegetables, including cabbages",2452.1401,2524.1576285714286,508711.4574,0.540362,0.5561857142857143,112.04319914285715,24,26,23,6,2757.371029,2291.510433,5559.985586,0.276211,24,-11.069636,0.52777,0.516959,0.544295,0.016525,28,2.385887,2803.538455,2332.706917,5906.793629,0.1086,26,-9.965293,0.535526,0.508317,0.556186,0.027209,29,3.857805,582885.201471,490911.0199,1223458.897614,0.455967,23,-12.725275,111.33321,109.938657,113.745759,2.412549,26,0.637715
2022-07-30,Meat alternative,2150.179557142857,2716.108928571429,124304.13142857142,3.2038821428571427,4.049755428571428,185.39213342857144,27,25,26,6,2334.920785,1507.460183,3546.6332,0.233893,27,-7.912098,3.203856,3.15683,3.258684,0.054828,14,0.000814,2935.016621,1767.951217,4661.065671,0.113694,25,-7.458482,4.007139,3.664715,4.363268,0.356129,17,1.063514,134877.095393,76279.345517,224216.564714,0.105509,27,-7.838962,183.238195,156.950947,211.128878,27.890684,23,1.175486
2022-07-30,Other Meat,148775.90587142858,350584.4365571429,11765808.415385714,15.197948,35.80416128571429,1200.6212325714284,3,3,2,6,155605.134295,120499.749017,240673.170914,15.58725,3,-4.388819,14.54359,13.440539,15.963764,1.420174,4,4.499289,346493.577259,242973.5198,463373.103614,13.422097,3,1.180645,32.476188,26.094584,40.120317,7.644129,4,10.247425,12871723.378448,10935977.428233,23519542.951257,10.069016,2,-8.591817,1196.865944,1171.617404,1306.265527,109.399583,7,0.31376
2022-07-30,Other vegetables,19795.31437142857,42745.73077142857,3758203.343485714,1.3856492857142857,2.996368,263.180197,9,7,6,6,21710.047346,15914.283133,28532.786986,2.174735,9,-8.819571,1.356362,1.328676,1.385649,0.029287,22,2.159255,48418.258862,34800.809067,62979.575171,1.875575,7,-11.71568,3.024343,2.70005,3.328264,0.324293,20,-0.924991,4158886.236624,3003937.482633,5335174.981029,3.253324,6,-9.63438,259.81835,251.354083,267.523771,8.464267,21,1.293922
2022-07-30,Pasta products,3552.4144571428574,7588.841928571428,1298882.9398999999,1.7872668571428572,3.8194585714285716,653.4707775714286,22,19,14,6,3786.170854,2469.686283,4294.3287,0.379268,22,-6.173953,1.768948,1.755839,1.788505,0.019556,20,1.035564,8190.71269,5343.18925,9354.024514,0.317283,19,-7.34821,3.82556,3.819282,3.831063,0.006278,18,-0.15949,1402184.256253,917760.774833,1595015.077443,1.096871,14,-7.367171,655.192799,650.769265,663.292973,8.100175,11,-0.262827
2022-07-30,Pastry (savoury),11401.254657142857,28002.92892857143,884581.2294142857,8.806470428571428,21.61738642857143,684.5141404285714,12,9,19,6,12126.324274,10321.05505,19579.955629,1.214716,12,-5.979303,8.741523,6.799252,9.710859,1.942272,7,0.742971,29965.389169,23568.996617,40972.183471,1.160767,10,-6.54909,21.659973,14.495135,25.177449,7.164837,6,-0.196612,922921.302795,826556.673571,1901873.346986,0.721963,20,-4.154208,662.523247,612.539212,710.974256,49.984035,10,3.319264
2022-07-30,"Potatoes, root crops, non-starchy bulbs and mushrooms",7864.3829857142855,11882.857957142856,845843.4504285714,0.4644552857142857,0.701971,49.94982114285715,16,16,20,6,9479.581166,7237.189171,19570.309457,0.949587,16,-17.038708,0.46348,0.458367,0.464637,0.005112,29,0.210487,14246.901157,10888.947086,28934.506829,0.551881,16,-16.593385,0.697227,0.679129,0.705335,0.018099,28,0.68034,1017563.41704,774128.405286,2033935.952857,0.795998,18,-16.875603,49.794536,47.743595,50.189854,2.050941,28,0.311851
2022-07-30,Preserved fruit and fruit based products,751.1255714285714,1100.3366428571428,159000.50515714288,0.8760412857142857,1.2842278571428571,185.53942185714286,29,29,25,6,792.376834,427.837867,909.3098,0.079374,29,-5.206016,0.873013,0.862756,0.878507,0.010257,25,0.34683,1172.190112,623.814667,1352.714314,0.045407,30,-6.129848,1.290893,1.277285,1.314326,0.023434,25,-0.516319,168954.540101,90254.870717,194439.635686,0.132166,25,-5.891546,186.086047,184.937372,188.026297,1.940251,22,-0.293748
2022-07-30,Ready meals,61628.26562857143,204110.9430285714,7318971.151942858,10.836050857142856,35.88247714285714,1287.2990791428572,4,4,5,6,69234.105759,59992.4463,88710.792357,6.935307,4,-10.985684,11.115542,10.328625,11.579405,0.786918,6,-2.514422,227633.511184,196833.1531,286054.254,8.817823,4,-10.333526,36.533255,33.59909,38.377942,2.934165,3,-1.781329,8015120.061351,6754268.6726,9946543.391871,6.269897,5,-8.685446,1287.886634,1233.17431,1329.759094,54.712323,6,-0.045622
2022-07-30,Rice,5838.828971428571,3691.428042857143,2944162.190614286,4.413446714285715,2.7903242857142856,2225.413516714286,17,24,8,6,6693.004805,4764.563817,7877.731471,0.670451,18,-12.762218,4.413957,4.395409,4.435112,0.021155,11,-0.011563,4231.196538,3004.00565,4992.0532,0.163904,23,-12.756876,2.790459,2.785549,2.796059,0.0056,21,-0.004835,3374950.652558,2405027.938333,3968670.926971,2.640084,8,-12.764289,2225.728891,2214.268126,2238.80079,13.071899,3,-0.014169
2022-07-30,"Salt, spices, culinary herbs and other food products",407.5242857142857,959.0007999999999,95936.64598571429,1.0871505714285714,2.565814857142857,253.62546500000002,30,30,27,6,516.810652,379.375457,1145.614886,0.05177,30,-21.146307,1.074819,0.809817,1.221574,0.265002,23,1.14732,1349.002485,884.187243,3982.261571,0.052256,29,-28.910376,2.758251,1.860042,4.102337,1.344086,22,-6.976728,163697.872327,91196.791014,737993.111686,0.128054,26,-41.394079,323.367205,227.575549,684.446814,361.079609,19,-21.567351
2022-07-30,"Sauces, condiments",9236.9512,19330.1862,1241760.4216714285,2.317382142857143,4.850370714285715,311.63090642857145,15,14,15,6,9741.672716,6612.831643,16390.927014,0.975841,15,-5.181056,2.272242,2.219467,2.334464,0.062222,16,1.986601,19720.604072,13509.463229,32628.764671,0.763916,14,-1.979746,4.633239,4.137111,5.845381,1.212142,15,4.686391,1352646.415272,951675.764257,2346649.088014,1.058119,16,-8.197707,315.774797,298.01131,338.335853,22.561056,20,-1.312293
2022-07-30,Savoury snacks,3232.335285714286,10230.049085714285,595366.1223857143,1.7591438571428573,5.571578428571429,325.15546942857145,23,17,22,6,3508.406924,2934.376717,6976.290086,0.351444,23,-7.86886,1.778011,1.72737,1.930614,0.152603,19,-1.061132,11150.688654,9137.195133,21948.036743,0.431943,17,-8.256347,5.653864,5.480259,6.146643,0.492779,13,-1.455392,678020.444067,547013.339467,1387744.531357,0.530387,22,-12.190535,343.50234,316.547979,437.715846,94.213506,18,-5.34112
2022-07-30,"Soft drinks (inc. fizzy and ready to drink fruit drinks), mineral or spring water",5450.961842857143,1398.7536142857145,60251.669428571426,0.20927314285714285,0.05373957142857143,2.331164714285714,19,28,30,6,5649.728345,4618.665886,10412.868729,0.565944,19,-3.51816,0.21015,0.205601,0.225306,0.015156,30,-0.417067,1483.983748,1169.996771,3335.102614,0.057485,28,-5.743333,0.055049,0.049885,0.071721,0.016672,30,-2.37855,65043.039427,52897.311257,116022.955314,0.05088,30,-7.366461,2.439413,2.236549,2.64423,0.204817,30,-4.437461
2022-07-30,"Sugar, sugar products, jams and marmalades",4726.941557142857,3973.5731000000005,816061.3121142857,2.153124571428571,1.8105834285714286,371.7689052857143,20,22,21,6,5300.058234,3688.53565,8378.2543,0.530917,20,-10.813403,2.154882,2.107335,2.194137,0.047547,17,-0.081552,4454.640753,3104.651483,7005.104414,0.172559,22,-10.799247,1.811221,1.793978,1.825456,0.017243,23,-0.0352,914944.404727,637128.790567,1443213.123371,0.715723,21,-10.807552,372.001013,365.721601,377.185269,6.279412,16,-0.062394
2022-07-30,"Tea, coffee, cocoa and powdered chocolate",32516.516242857142,33917.83031428572,71488.13428571429,26.502992857142857,27.640826714285716,58.355983,7,8,28,6,39709.720555,28327.34405,54265.222929,3.977795,7,-18.114467,26.740506,26.019858,27.627357,0.88685,2,-0.888216,42263.378573,30278.014383,59652.770557,1.637153,8,-19.746524,28.425734,27.112628,30.299542,1.873808,5,-2.761255,99012.963197,64382.544514,171887.487971,0.077454,28,-27.799217,66.404043,50.741391,87.517516,21.113474,27,-12.119834
2022-08-06,"Baker's yeast, dessert preparations, soups",5305.685371428571,8905.557657142857,951554.6100571428,2.9554775714285713,4.928202571428571,529.6719051428571,19,18,18,7,7985.690448,5158.9966,11109.725871,0.799941,17,-33.560092,2.638836,2.399434,3.01519,0.376354,15,11.999303,10133.984543,7743.733817,12772.186,0.392559,18,-12.121855,3.457694,2.339541,5.233981,1.776287,19,42.528573,1385906.736596,932849.351929,1911053.4077,1.084137,15,-31.340646,459.239816,405.329624,545.753175,86.513359,15,15.336669
2022-08-06,Beef and Lamb,151277.85264285715,553324.6387428571,2499085.036571428,90.83142242857143,332.50987271428573,1501.942090714286,3,2,9,7,207224.686107,139791.837786,342066.711086,20.758075,2,-26.998151,90.78412,81.878412,93.473207,8.905708,1,0.052105,762451.264726,511727.556257,1210221.180571,29.535021,1,-27.428196,332.544384,330.582466,339.041855,6.497471,1,-0.010378,3446260.019342,2311457.704143,5441731.711429,2.695867,7,-27.484142,1502.220715,1486.381377,1554.67736,52.456645,4,-0.018547
2022-08-06,Breads and cereals,30837.178714285714,75111.738,11045636.676557142,1.7066262857142858,4.155123142857144,610.8985318571429,8,5,4,7,34676.828332,27259.42595,44667.298843,3.473641,8,-11.072667,1.729168,1.706626,1.753884,0.024716,21,-1.303594,84408.522919,67389.80845,110732.959757,3.269727,6,-11.014036,4.207487,4.155123,4.294658,0.087171,16,-1.244549,12243011.855362,9951514.284967,16090617.298671,9.577201,3,-9.78007,610.467519,604.357677,626.34124,15.87372,12,0.070604
2022-08-06,"Buns, crispbread and biscuits",12648.0778,15932.08152857143,973680.3997000001,4.524331285714285,5.701013142857143,347.9733612857143,11,15,17,7,14641.766396,7038.073033,18824.045329,1.466692,11,-13.616449,4.567265,3.926231,4.713494,0.641034,10,-0.940039,18464.739406,8809.09675,23471.154129,0.715267,15,-13.716185,5.761494,4.890149,5.974548,0.871345,12,-1.049735,1107429.666344,654959.338583,1873560.941871,0.866296,17,-12.07745,345.52277,336.010497,388.190236,42.667466,17,0.709242
2022-08-06,Cakes and puddings,9741.18047142857,19610.97605714286,1442834.6045857144,3.9245932857142853,7.892169571428572,578.7351568571429,13,14,13,7,12052.166693,9446.5345,27323.8271,1.207288,13,-19.174861,3.866842,3.605168,4.120057,0.261674,12,1.493507,24195.206302,19153.708186,54549.739343,0.937248,13,-18.946853,7.761808,7.357303,8.090825,0.404506,11,1.67952,1796396.537273,1442834.604586,4056742.431329,1.405247,13,-19.681731,574.910952,564.979312,581.588772,9.93164,13,0.665182
2022-08-06,Chocolate,36815.16392857143,63690.21372857143,1949341.4652285713,26.646945714285714,46.09940028571429,1410.9730042857143,6,6,10,7,58315.82945,28150.229133,132547.293257,5.841603,5,-36.869347,26.648336,26.635705,26.70231,0.053974,3,-0.005217,100886.00487,48669.253133,229294.0415,3.908014,5,-36.869129,46.100992,46.086531,46.162786,0.061793,2,-0.003454,3087731.596088,1485490.099517,7016207.887686,2.415405,10,-36.86817,1410.912515,1408.565066,1411.461877,2.347449,5,0.004287
2022-08-06,Confectionery products,2146.057542857143,3399.217914285714,320207.0142714285,3.1514379999999997,4.991028857142857,469.4640884285714,26,24,24,7,2639.015552,1230.34235,3506.494586,0.264355,26,-18.679617,3.375115,3.076151,3.996045,0.620931,13,-6.627234,4173.185967,1949.08865,5594.6689,0.161656,24,-18.546215,5.335199,4.888743,6.384052,1.048852,14,-6.450939,365423.519615,182796.127083,451633.892,0.285856,24,-12.373726,467.73042,451.206086,488.80262,21.0722,14,0.370655
2022-08-06,Dairy alternative,2348.2090857142857,1680.0674999999999,67544.72571428571,0.9801628571428571,0.7012508571428572,28.189843571428572,25,28,29,7,2660.652938,1800.759517,3323.2613,0.266522,25,-11.743127,0.980224,0.980018,0.980467,0.000243,24,-0.006249,1904.762021,1287.6059,2379.9254,0.073785,27,-11.796462,0.701721,0.700136,0.703588,0.001867,27,-0.066956,76719.871596,51670.4985,95957.073143,0.060015,29,-11.959282,28.261161,28.02064,28.544487,0.283326,29,-0.252351
2022-08-06,Dairy products and eggs,224961.39294285714,680952.8507000001,46852605.535428576,4.676082142857142,14.164073285714284,974.1342028571428,1,1,1,7,232477.799758,181843.006267,351065.404543,23.287725,1,-3.233172,4.695567,4.563031,5.229134,0.533567,8,-0.41496,710535.102733,556267.420133,1103935.183871,27.523948,2,-4.163377,14.350037,13.874504,16.437715,2.087678,7,-1.29591,48504478.375397,37951671.559517,74580377.351429,37.943045,1,-3.405609,979.638118,947.127741,1110.38497,130.746852,8,-0.561831
2022-08-06,Dried fruit and nuts,1038.3889285714286,6027.1344,1619963.4337000002,1.8859777142857141,10.962431142857142,2947.426384,28,21,12,7,1354.723428,1038.388929,3492.095486,0.135705,28,-23.350486,1.889388,1.871719,1.912103,0.022716,18,-0.180493,7856.897445,6027.1344,20353.999714,0.304352,20,-23.288621,10.957706,10.926228,10.982189,0.031477,9,0.043124,2111373.829218,1619963.4337,5475933.913743,1.65164,12,-23.274438,2944.647013,2926.133188,2959.04748,18.513825,2,0.094387
2022-08-06,Edible oils and plant-based spreads,9658.450457142857,27428.175414285713,1898313.9348000002,4.601564428571429,13.068115142857142,904.8102167142857,14,9,11,7,11516.024682,7616.68445,19449.161571,1.153581,14,-16.130343,4.571062,4.524855,4.614628,0.046207,9,0.667289,32326.766906,21393.85755,58323.040243,1.25224,9,-15.15336,12.826853,12.319996,13.748304,0.921451,8,1.880914,2159306.817661,1382403.26375,3664321.3365,1.689136,11,-12.086883,859.015758,796.975647,904.810217,62.040111,9,5.331038
2022-08-06,Fish and fish products,43058.33854285714,24443.1168,11079539.72842857,14.300575142857143,8.12650257142857,3682.086011714286,5,12,3,7,44048.218618,32840.772867,56109.634029,4.41239,6,-2.247265,14.279638,14.164105,14.795633,0.515995,5,0.14662,25097.448283,17677.2765,30066.8442,0.972198,12,-2.607163,8.135042,7.924591,8.182162,0.210451,10,-0.10497,11359882.239798,8182560.301667,13942633.360857,8.886365,4,-2.467829,3682.364329,3675.505187,3683.900114,6.859142,1,-0.007558
2022-08-06,"Fresh, chilled or frozen fruit",16733.64807142857,26483.2592,3428783.3095000004,0.9019342857142857,1.4277095714285715,184.95805900000002,10,10,7,7,15789.317297,10891.896033,19602.676833,1.581645,10,5.980821,0.869141,0.801294,0.91134,0.067847,26,3.77305,26149.090577,18436.855767,31249.10995,1.012935,11,1.277936,1.440723,1.375786,1.496551,0.064936,24,-0.903231,3309952.701717,2308666.66155,4022982.239033,2.589239,9,3.5901,182.199418,171.490344,193.700603,11.501184,24,1.514078
2022-08-06,Fruit and vegetable juices,4162.000485714286,6661.232285714286,993984.9639428572,0.5539265714285715,0.8867592857142856,132.3749082857143,21,20,16,7,3956.552029,3322.8124,6014.348971,0.396335,21,5.192614,0.549655,0.523444,0.565905,0.026211,27,0.777073,6420.381727,5507.827633,10098.037914,0.248706,21,3.751343,0.890925,0.874856,0.907908,0.016983,26,-0.467579,957660.438973,802306.9711,1466231.447171,0.749138,19,3.793049,133.064152,127.725177,136.908499,5.338975,25,-0.517978
2022-08-06,"Leafy and stem vegetables, including cabbages",2495.555371428571,2520.0917999999997,510168.6353285714,0.542937,0.5489194285714285,110.99972871428572,24,26,23,7,2757.371029,2291.510433,5559.985586,0.276211,24,-9.495119,0.52777,0.516959,0.544295,0.016525,28,2.873789,2803.538455,2332.706917,5906.793629,0.1086,26,-10.110318,0.535526,0.508317,0.556186,0.027209,29,2.500955,582885.201471,490911.0199,1223458.897614,0.455967,23,-12.475281,111.33321,109.938657,113.745759,2.412549,26,-0.299535
2022-08-06,Meat alternative,2111.647571428571,2671.460428571428,122365.11438571429,3.2042322857142858,4.050479,185.4978367142857,27,25,26,7,2334.920785,1507.460183,3546.6332,0.233893,27,-9.562346,3.203856,3.15683,3.258684,0.054828,14,0.011742,2935.016621,1767.951217,4661.065671,0.113694,25,-8.979717,4.007139,3.664715,4.363268,0.356129,17,1.081571,134877.095393,76279.345517,224216.564714,0.105509,27,-9.27658,183.238195,156.950947,211.128878,27.890684,23,1.233172
2022-08-06,Other Meat,155595.44950000002,378773.1326857143,12039420.704071429,15.569832,37.84256357142857,1204.3804274285715,2,3,2,7,155605.134295,120499.749017,240673.170914,15.58725,3,-0.006224,14.54359,13.440539,15.963764,1.420174,4,7.056319,346493.577259,242973.5198,463373.103614,13.422097,3,9.316062,32.476188,26.094584,40.120317,7.644129,4,16.52403,12871723.378448,10935977.428233,23519542.951257,10.069016,2,-6.466132,1196.865944,1171.617404,1306.265527,109.399583,7,0.627847
2022-08-06,Other vegetables,20142.576628571427,41205.434185714286,3764448.4574142853,1.3610525714285713,2.7909197142857143,254.54435542857144,9,7,6,7,21710.047346,15914.283133,28532.786986,2.174735,9,-7.220024,1.356362,1.328676,1.385649,0.029287,22,0.345822,48418.258862,34800.809067,62979.575171,1.875575,7,-14.89691,3.024343,2.70005,3.328264,0.324293,20,-7.718146,4158886.236624,3003937.482633,5335174.981029,3.253324,6,-9.484217,259.81835,251.354083,267.523771,8.464267,21,-2.029878
2022-08-06,Pasta products,3432.2278142857144,7329.388414285714,1252606.1694000002,1.7885047142857142,3.8192817142857143,652.6073082857143,22,19,14,7,3786.170854,2469.686283,4294.3287,0.379268,22,-9.348311,1.768948,1.755839,1.788505,0.019556,20,1.105541,8190.71269,5343.18925,9354.024514,0.317283,19,-10.515865,3.82556,3.819282,3.831063,0.006278,18,-0.164113,1402184.256253,917760.774833,1595015.077443,1.096871,14,-10.667506,655.192799,650.769265,663.292973,8.100175,11,-0.394615
2022-08-06,Pastry (savoury),10897.639500000001,26001.498028571426,900040.4403857143,8.464377285714287,20.204130285714285,698.2612148571428,12,11,19,7,12126.324274,10321.05505,19579.955629,1.214716,12,-10.132376,8.741523,6.799252,9.710859,1.942272,7,-3.170456,29965.389169,23568.996617,40972.183471,1.160767,10,-13.228232,21.659973,14.495135,25.177449,7.164837,6,-6.721349,922921.302795,826556.673571,1901873.346986,0.721963,20,-2.479178,662.523247,612.539212,710.974256,49.984035,10,5.394221
2022-08-06,"Potatoes, root crops, non-starchy bulbs and mushrooms",7350.163714285714,11034.092485714285,785524.3347142858,0.4646302857142857,0.6976001428571428,49.648016285714284,16,16,20,7,9479.581166,7237.189171,19570.309457,0.949587,16,-22.463202,0.46348,0.458367,0.464637,0.005112,29,0.248245,14246.901157,10888.947086,28934.506829,0.551881,16,-22.55093,0.697227,0.679129,0.705335,0.018099,28,0.053449,1017563.41704,774128.405286,2033935.952857,0.795998,18,-22.803403,49.794536,47.743595,50.189854,2.050941,28,-0.294249
2022-08-06,Preserved fruit and fruit based products,799.2426142857142,1169.4424285714285,169038.01928571428,0.8767342857142857,1.2827032857142857,185.41443485714285,29,29,25,7,792.376834,427.837867,909.3098,0.079374,29,0.866479,0.873013,0.862756,0.878507,0.010257,25,0.42621,1172.190112,623.814667,1352.714314,0.045407,30,-0.234406,1.290893,1.277285,1.314326,0.023434,25,-0.634421,168954.540101,90254.870717,194439.635686,0.132166,25,0.049409,186.086047,184.937372,188.026297,1.940251,22,-0.360915
2022-08-06,Ready meals,60816.57294285714,199398.68175714285,7410250.324857144,10.74404742857143,35.23385128571429,1303.4873714285714,4,4,5,7,69234.105759,59992.4463,88710.792357,6.935307,4,-12.158073,11.115542,10.328625,11.579405,0.786918,6,-3.342122,227633.511184,196833.1531,286054.254,8.817823,4,-12.403635,36.533255,33.59909,38.377942,2.934165,3,-3.556768,8015120.061351,6754268.6726,9946543.391871,6.269897,5,-7.546609,1287.886634,1233.17431,1329.759094,54.712323,6,1.211344
2022-08-06,Rice,5700.973214285715,3604.8414142857146,2874474.1703714286,4.411672142857143,2.7898544285714286,2224.3170524285715,18,23,8,7,6693.004805,4764.563817,7877.731471,0.670451,18,-14.821917,4.413957,4.395409,4.435112,0.021155,11,-0.051767,4231.196538,3004.00565,4992.0532,0.163904,23,-14.803262,2.790459,2.785549,2.796059,0.0056,21,-0.021673,3374950.652558,2405027.938333,3968670.926971,2.640084,8,-14.82915,2225.728891,2214.268126,2238.80079,13.071899,3,-0.063433
2022-08-06,"Salt, spices, culinary herbs and other food products",379.37545714285716,884.1872428571429,91435.98902857142,1.0078147142857143,2.352225285714286,243.28107914285715,30,30,27,7,516.810652,379.375457,1145.614886,0.05177,30,-26.592949,1.074819,0.809817,1.221574,0.265002,23,-6.234003,1349.002485,884.187243,3982.261571,0.052256,29,-34.456218,2.758251,1.860042,4.102337,1.344086,22,-14.72039,163697.872327,91196.791014,737993.111686,0.128054,26,-44.143447,323.367205,227.575549,684.446814,361.079609,19,-24.76631
2022-08-06,"Sauces, condiments",9070.557871428571,19631.756885714283,1206484.6505714285,2.3076624285714287,4.989259571428572,307.12577999999996,15,13,15,7,9741.672716,6612.831643,16390.927014,0.975841,15,-6.889113,2.272242,2.219467,2.334464,0.062222,16,1.558842,19720.604072,13509.463229,32628.764671,0.763916,14,-0.45053,4.633239,4.137111,5.845381,1.212142,15,7.684054,1352646.415272,951675.764257,2346649.088014,1.058119,16,-10.805615,315.774797,298.01131,338.335853,22.561056,20,-2.738983
2022-08-06,Savoury snacks,3199.594528571429,10136.014142857142,590880.8247857143,1.7537985714285715,5.557329,324.499241,23,17,22,7,3508.406924,2934.376717,6976.290086,0.351444,23,-8.802069,1.778011,1.72737,1.930614,0.152603,19,-1.361765,11150.688654,9137.195133,21948.036743,0.431943,17,-9.099658,5.653864,5.480259,6.146643,0.492779,13,-1.707422,678020.444067,547013.339467,1387744.531357,0.530387,22,-12.852064,343.50234,316.547979,437.715846,94.213506,18,-5.53216
2022-08-06,"Soft drinks (inc. fizzy and ready to drink fruit drinks), mineral or spring water",6574.6401857142855,1686.7158714285713,73576.98965714285,0.20976385714285714,0.054159571428571425,2.3689774285714287,17,27,28,7,5649.728345,4618.665886,10412.868729,0.565944,19,16.370908,0.21015,0.205601,0.225306,0.015156,30,-0.183559,1483.983748,1169.996771,3335.102614,0.057485,28,13.661344,0.055049,0.049885,0.071721,0.016672,30,-1.615592,65043.039427,52897.311257,116022.955314,0.05088,30,13.120467,2.439413,2.236549,2.64423,0.204817,30,-2.887387
2022-08-06,"Sugar, sugar products, jams and marmalades",4530.373442857142,3808.9226000000003,782175.7013,2.1537092857142857,1.8107954285714285,371.84612471428574,20,22,21,7,5300.058234,3688.53565,8378.2543,0.530917,20,-14.522195,2.154882,2.107335,2.194137,0.047547,17,-0.054418,4454.640753,3104.651483,7005.104414,0.172559,22,-14.495404,1.811221,1.793978,1.825456,0.017243,23,-0.023495,914944.404727,637128.790567,1443213.123371,0.715723,21,-14.511123,372.001013,365.721601,377.185269,6.279412,16,-0.041637
2022-08-06,"Tea, coffee, cocoa and powdered chocolate",32044.257671428575,33522.63540000001,67051.82897142858,26.29415171428571,27.503591142857143,55.66484114285714,7,8,30,7,39709.720555,28327.34405,54265.222929,3.977795,7,-19.303744,26.740506,26.019858,27.627357,0.88685,2,-1.669208,42263.378573,30278.014383,59652.770557,1.637153,8,-20.681601,28.425734,27.112628,30.299542,1.873808,5,-3.244042,99012.963197,64382.544514,171887.487971,0.077454,28,-32.279747,66.404043,50.741391,87.517516,21.113474,27,-16.172512
2022-08-13,"Baker's yeast, dessert preparations, soups",5393.347771428571,8870.219428571429,965755.9933857144,2.931219571428571,4.820367,524.4271190000001,19,18,17,7,7985.690448,5158.9966,11109.725871,0.799941,17,-32.462349,2.638836,2.399434,3.01519,0.376354,15,11.080034,10133.984543,7743.733817,12772.186,0.392559,18,-12.470565,3.457694,2.339541,5.233981,1.776287,19,39.40986,1385906.736596,932849.351929,1911053.4077,1.084137,15,-30.315946,459.239816,405.329624,545.753175,86.513359,15,14.19461
2022-08-13,Beef and Lamb,151371.45565714285,549401.5205714286,2478843.2757142857,91.59646042857142,331.9517121428571,1497.4358414285714,2,2,9,7,207224.686107,139791.837786,342066.711086,20.758075,2,-26.952981,90.78412,81.878412,93.473207,8.905708,1,0.894805,762451.264726,511727.556257,1210221.180571,29.535021,1,-27.942736,332.544384,330.582466,339.041855,6.497471,1,-0.178223,3446260.019342,2311457.704143,5441731.711429,2.695867,7,-28.071496,1502.220715,1486.381377,1554.67736,52.456645,4,-0.31852
2022-08-13,Breads and cereals,30906.592685714284,75258.77831428571,11033389.638400001,1.7076722857142859,4.1563991428571425,609.222168,8,5,3,7,34676.828332,27259.42595,44667.298843,3.473641,8,-10.872493,1.729168,1.706626,1.753884,0.024716,21,-1.243103,84408.522919,67389.80845,110732.959757,3.269727,6,-10.839835,4.207487,4.155123,4.294658,0.087171,16,-1.214223,12243011.855362,9951514.284967,16090617.298671,9.577201,3,-9.880103,610.467519,604.357677,626.34124,15.87372,12,-0.204
2022-08-13,"Buns, crispbread and biscuits",12184.990371428572,15311.36885714286,946377.6851000001,4.488220714285714,5.641211285714285,348.85269742857145,11,15,18,7,14641.766396,7038.073033,18824.045329,1.466692,11,-16.779232,4.567265,3.926231,4.713494,0.641034,10,-1.730678,18464.739406,8809.09675,23471.154129,0.715267,15,-17.077796,5.761494,4.890149,5.974548,0.871345,12,-2.087693,1107429.666344,654959.338583,1873560.941871,0.866296,17,-14.542863,345.52277,336.010497,388.190236,42.667466,17,0.963736
2022-08-13,Cakes and puddings,9665.30387142857,19534.839685714283,1449822.916957143,3.8721381428571426,7.820177428571428,579.4167137142857,13,13,13,7,12052.166693,9446.5345,27323.8271,1.207288,13,-19.804429,3.866842,3.605168,4.120057,0.261674,12,0.13697,24195.206302,19153.708186,54549.739343,0.937248,13,-19.261529,7.761808,7.357303,8.090825,0.404506,11,0.752002,1796396.537273,1442834.604586,4056742.431329,1.405247,13,-19.292713,574.910952,564.979312,581.588772,9.93164,13,0.783732
2022-08-13,Chocolate,36765.666014285714,63608.332,1947338.5004142858,26.642412142857143,46.09421028571428,1411.1701757142857,6,6,10,7,58315.82945,28150.229133,132547.293257,5.841603,5,-36.954226,26.648336,26.635705,26.70231,0.053974,3,-0.02223,100886.00487,48669.253133,229294.0415,3.908014,5,-36.950291,46.100992,46.086531,46.162786,0.061793,2,-0.014712,3087731.596088,1485490.099517,7016207.887686,2.415405,10,-36.933038,1410.912515,1408.565066,1411.461877,2.347449,5,0.018262
2022-08-13,Confectionery products,1958.6972999999998,3109.3331000000003,298735.27961428574,3.1016622857142857,4.923294285714285,472.5381567142857,27,24,24,7,2639.015552,1230.34235,3506.494586,0.264355,26,-25.779244,3.375115,3.076151,3.996045,0.620931,13,-8.10202,4173.185967,1949.08865,5594.6689,0.161656,24,-25.492582,5.335199,4.888743,6.384052,1.048852,14,-7.720518,365423.519615,182796.127083,451633.892,0.285856,24,-18.249575,467.73042,451.206086,488.80262,21.0722,14,1.027886
2022-08-13,Dairy alternative,2298.358242857143,1644.0743,66057.49414285713,0.9801448571428572,0.701112,28.168782999999998,25,28,29,7,2660.652938,1800.759517,3323.2613,0.266522,25,-13.616759,0.980224,0.980018,0.980467,0.000243,24,-0.008086,1904.762021,1287.6059,2379.9254,0.073785,27,-13.686105,0.701721,0.700136,0.703588,0.001867,27,-0.086744,76719.871596,51670.4985,95957.073143,0.060015,29,-13.897804,28.261161,28.02064,28.544487,0.283326,29,-0.326873
2022-08-13,Dairy products and eggs,219318.39985714288,664095.0626,45657191.93335714,4.656501428571429,14.100563857142857,969.5148071428572,1,1,1,7,232477.799758,181843.006267,351065.404543,23.287725,1,-5.660497,4.695567,4.563031,5.229134,0.533567,8,-0.831964,710535.102733,556267.420133,1103935.183871,27.523948,2,-6.535925,14.350037,13.874504,16.437715,2.087678,7,-1.738484,48504478.375397,37951671.559517,74580377.351429,37.943045,1,-5.870152,979.638118,947.127741,1110.38497,130.746852,8,-1.033372
2022-08-13,Dried fruit and nuts,1069.547957142857,6141.072585714285,1646468.372557143,1.905491,10.935391714285714,2931.5224492857146,28,21,12,7,1354.723428,1038.388929,3492.095486,0.135705,28,-21.050457,1.889388,1.871719,1.912103,0.022716,18,0.85229,7856.897445,6027.1344,20353.999714,0.304352,20,-21.838453,10.957706,10.926228,10.982189,0.031477,9,-0.203638,2111373.829218,1619963.4337,5475933.913743,1.65164,12,-22.019097,2944.647013,2926.133188,2959.04748,18.513825,2,-0.445709
2022-08-13,Edible oils and plant-based spreads,8976.161671428572,25481.420585714284,1744849.4598857143,4.593766857142858,13.071464142857142,896.1212034285714,14,10,11,7,11516.024682,7616.68445,19449.161571,1.153581,14,-22.055033,4.571062,4.524855,4.614628,0.046207,9,0.496703,32326.766906,21393.85755,58323.040243,1.25224,9,-21.175475,12.826853,12.319996,13.748304,0.921451,8,1.907024,2159306.817661,1382403.26375,3664321.3365,1.689136,11,-19.194,859.015758,796.975647,904.810217,62.040111,9,4.31953
2022-08-13,Fish and fish products,41859.22848571429,23721.219,10759564.250714285,14.325486999999999,8.116342428571429,3681.7548585714285,5,12,4,7,44048.218618,32840.772867,56109.634029,4.41239,6,-4.969532,14.279638,14.164105,14.795633,0.515995,5,0.321078,25097.448283,17677.2765,30066.8442,0.972198,12,-5.483543,8.135042,7.924591,8.182162,0.210451,10,-0.229863,11359882.239798,8182560.301667,13942633.360857,8.886365,4,-5.284544,3682.364329,3675.505187,3683.900114,6.859142,1,-0.016551
2022-08-13,"Fresh, chilled or frozen fruit",15604.961928571429,25111.96612857143,3178353.883085714,0.8879161428571428,1.4281448571428572,180.84784785714285,10,11,7,7,15789.317297,10891.896033,19602.676833,1.581645,10,-1.167596,0.869141,0.801294,0.91134,0.067847,26,2.160177,26149.090577,18436.855767,31249.10995,1.012935,11,-3.966197,1.440723,1.375786,1.496551,0.064936,24,-0.873018,3309952.701717,2308666.66155,4022982.239033,2.589239,9,-3.975852,182.199418,171.490344,193.700603,11.501184,24,-0.741808
2022-08-13,Fruit and vegetable juices,4187.104171428572,6654.3523428571425,1006202.2245714286,0.5575831428571429,0.8853858571428572,133.88617128571428,21,20,16,7,3956.552029,3322.8124,6014.348971,0.396335,21,5.827097,0.549655,0.523444,0.565905,0.026211,27,1.442321,6420.381727,5507.827633,10098.037914,0.248706,21,3.644185,0.890925,0.874856,0.907908,0.016983,26,-0.621736,957660.438973,802306.9711,1466231.447171,0.749138,19,5.068789,133.064152,127.725177,136.908499,5.338975,25,0.617762
2022-08-13,"Leafy and stem vegetables, including cabbages",2443.2898999999998,2434.7048571428572,502329.0922428571,0.536412,0.5338544285714286,110.21156642857143,24,26,23,7,2757.371029,2291.510433,5559.985586,0.276211,24,-11.390601,0.52777,0.516959,0.544295,0.016525,28,1.637455,2803.538455,2332.706917,5906.793629,0.1086,26,-13.156003,0.535526,0.508317,0.556186,0.027209,29,-0.312166,582885.201471,490911.0199,1223458.897614,0.455967,23,-13.820236,111.33321,109.938657,113.745759,2.412549,26,-1.007466
2022-08-13,Meat alternative,2006.6532714285713,2527.9141000000004,115710.51468571428,3.203438714285714,4.028957,184.25578814285714,26,25,26,7,2334.920785,1507.460183,3546.6332,0.233893,27,-14.059043,3.203856,3.15683,3.258684,0.054828,14,-0.013027,2935.016621,1767.951217,4661.065671,0.113694,25,-13.870535,4.007139,3.664715,4.363268,0.356129,17,0.544479,134877.095393,76279.345517,224216.564714,0.105509,27,-14.210404,183.238195,156.950947,211.128878,27.890684,23,0.555339
2022-08-13,Other Meat,148093.54499999998,351989.73434285715,11652981.878828572,15.306370285714285,36.33020742857143,1203.3802327142857,3,3,2,7,155605.134295,120499.749017,240673.170914,15.58725,3,-4.82734,14.54359,13.440539,15.963764,1.420174,4,5.244788,346493.577259,242973.5198,463373.103614,13.422097,3,1.586222,32.476188,26.094584,40.120317,7.644129,4,11.867215,12871723.378448,10935977.428233,23519542.951257,10.069016,2,-9.468363,1196.865944,1171.617404,1306.265527,109.399583,7,0.544279
2022-08-13,Other vegetables,19314.982657142857,39243.75165714285,3623651.7353000003,1.3462667142857143,2.7314007142857144,252.49400914285712,9,7,6,7,21710.047346,15914.283133,28532.786986,2.174735,9,-11.032056,1.356362,1.328676,1.385649,0.029287,22,-0.744289,48418.258862,34800.809067,62979.575171,1.875575,7,-18.948445,3.024343,2.70005,3.328264,0.324293,20,-9.686143,4158886.236624,3003937.482633,5335174.981029,3.253324,6,-12.86966,259.81835,251.354083,267.523771,8.464267,21,-2.819024
2022-08-13,Pasta products,3356.443685714286,7213.818528571428,1233713.0037999998,1.778349142857143,3.8226,653.7667637142857,22,19,14,7,3786.170854,2469.686283,4294.3287,0.379268,22,-11.349915,1.768948,1.755839,1.788505,0.019556,20,0.531439,8190.71269,5343.18925,9354.024514,0.317283,19,-11.926852,3.82556,3.819282,3.831063,0.006278,18,-0.077373,1402184.256253,917760.774833,1595015.077443,1.096871,14,-12.014915,655.192799,650.769265,663.292973,8.100175,11,-0.217651
2022-08-13,Pastry (savoury),10672.836014285715,25882.2353,857151.914842857,8.650911571428571,20.978265571428572,695.3162424285714,12,9,19,7,12126.324274,10321.05505,19579.955629,1.214716,12,-11.986223,8.741523,6.799252,9.710859,1.942272,7,-1.036568,29965.389169,23568.996617,40972.183471,1.160767,10,-13.626233,21.659973,14.495135,25.177449,7.164837,6,-3.147312,922921.302795,826556.673571,1901873.346986,0.721963,20,-7.126218,662.523247,612.539212,710.974256,49.984035,10,4.949712
2022-08-13,"Potatoes, root crops, non-starchy bulbs and mushrooms",7365.429471428572,11070.588657142856,787814.6877142858,0.4646374285714286,0.6978732857142858,49.632836714285716,16,16,21,7,9479.581166,7237.189171,19570.309457,0.949587,16,-22.302164,0.46348,0.458367,0.464637,0.005112,29,0.249786,14246.901157,10888.947086,28934.506829,0.551881,16,-22.294761,0.697227,0.679129,0.705335,0.018099,28,0.092624,1017563.41704,774128.405286,2033935.952857,0.795998,18,-22.57832,49.794536,47.743595,50.189854,2.050941,28,-0.324734
2022-08-13,Preserved fruit and fruit based products,791.7991142857143,1161.4130142857143,167773.85274285713,0.8756894285714286,1.2838635714285715,185.4850137142857,29,29,25,7,792.376834,427.837867,909.3098,0.079374,29,-0.07291,0.873013,0.862756,0.878507,0.010257,25,0.306526,1172.190112,623.814667,1352.714314,0.045407,30,-0.919398,1.290893,1.277285,1.314326,0.023434,25,-0.544539,168954.540101,90254.870717,194439.635686,0.132166,25,-0.69882,186.086047,184.937372,188.026297,1.940251,22,-0.322986
2022-08-13,Ready meals,59992.4463,196833.1531,7417552.707285715,10.593100142857143,34.73085914285714,1312.7841210000001,4,4,5,7,69234.105759,59992.4463,88710.792357,6.935307,4,-13.34842,11.115542,10.328625,11.579405,0.786918,6,-4.700106,227633.511184,196833.1531,286054.254,8.817823,4,-13.530678,36.533255,33.59909,38.377942,2.934165,3,-4.933575,8015120.061351,6754268.6726,9946543.391871,6.269897,5,-7.455501,1287.886634,1233.17431,1329.759094,54.712323,6,1.933205
2022-08-13,Rice,5743.502871428572,3628.6741285714284,2896864.2084857146,4.418343285714285,2.7916204285714286,2228.439121714286,18,23,8,7,6693.004805,4764.563817,7877.731471,0.670451,18,-14.186482,4.413957,4.395409,4.435112,0.021155,11,0.099371,4231.196538,3004.00565,4992.0532,0.163904,23,-14.240001,2.790459,2.785549,2.796059,0.0056,21,0.041614,3374950.652558,2405027.938333,3968670.926971,2.640084,8,-14.165731,2225.728891,2214.268126,2238.80079,13.071899,3,0.121768
2022-08-13,"Salt, spices, culinary herbs and other food products",386.35747142857144,911.9078714285714,92791.83302857143,1.0411347142857144,2.4619215714285714,251.503765,30,30,27,7,516.810652,379.375457,1145.614886,0.05177,30,-25.241968,1.074819,0.809817,1.221574,0.265002,23,-3.133946,1349.002485,884.187243,3982.261571,0.052256,29,-32.40132,2.758251,1.860042,4.102337,1.344086,22,-10.743366,163697.872327,91196.791014,737993.111686,0.128054,26,-43.315187,323.367205,227.575549,684.446814,361.079609,19,-22.223478
2022-08-13,"Sauces, condiments",8837.20852857143,19148.047414285713,1176479.7529,2.3025505714285717,4.994381857142857,306.6605928571429,15,14,15,7,9741.672716,6612.831643,16390.927014,0.975841,15,-9.284485,2.272242,2.219467,2.334464,0.062222,16,1.333872,19720.604072,13509.463229,32628.764671,0.763916,14,-2.903342,4.633239,4.137111,5.845381,1.212142,15,7.794609,1352646.415272,951675.764257,2346649.088014,1.058119,16,-13.023852,315.774797,298.01131,338.335853,22.561056,20,-2.886299
2022-08-13,Savoury snacks,3113.7744,9882.8598,575045.3994714286,1.7469977142857143,5.543903857142857,322.6887814285714,23,17,22,7,3508.406924,2934.376717,6976.290086,0.351444,23,-11.248197,1.778011,1.72737,1.930614,0.152603,19,-1.744263,11150.688654,9137.195133,21948.036743,0.431943,17,-11.36996,5.653864,5.480259,6.146643,0.492779,13,-1.944873,678020.444067,547013.339467,1387744.531357,0.530387,22,-15.187602,343.50234,316.547979,437.715846,94.213506,18,-6.059219
2022-08-13,"Soft drinks (inc. fizzy and ready to drink fruit drinks), mineral or spring water",6510.545228571429,1653.5643714285713,71573.36687142857,0.20838657142857145,0.052761142857142854,2.3035047142857143,17,27,28,7,5649.728345,4618.665886,10412.868729,0.565944,19,15.23643,0.21015,0.205601,0.225306,0.015156,30,-0.838943,1483.983748,1169.996771,3335.102614,0.057485,28,11.427391,0.055049,0.049885,0.071721,0.016672,30,-4.155929,65043.039427,52897.311257,116022.955314,0.05088,30,10.04001,2.439413,2.236549,2.64423,0.204817,30,-5.571341
2022-08-13,"Sugar, sugar products, jams and marmalades",4580.040414285714,3851.261614285714,790800.1353857142,2.150772142857143,1.8097305714285714,371.4582547142857,20,22,20,7,5300.058234,3688.53565,8378.2543,0.530917,20,-13.585093,2.154882,2.107335,2.194137,0.047547,17,-0.190719,4454.640753,3104.651483,7005.104414,0.172559,22,-13.544956,1.811221,1.793978,1.825456,0.017243,23,-0.082287,914944.404727,637128.790567,1443213.123371,0.715723,21,-13.568504,372.001013,365.721601,377.185269,6.279412,16,-0.145902
2022-08-13,"Tea, coffee, cocoa and powdered chocolate",32859.24577142857,34310.22557142857,64382.54451428571,26.019858,27.148231428571428,50.74139057142857,7,8,30,7,39709.720555,28327.34405,54265.222929,3.977795,7,-17.25138,26.740506,26.019858,27.627357,0.88685,2,-2.694969,42263.378573,30278.014383,59652.770557,1.637153,8,-18.818072,28.425734,27.112628,30.299542,1.873808,5,-4.494175,99012.963197,64382.544514,171887.487971,0.077454,28,-34.975641,66.404043,50.741391,87.517516,21.113474,27,-23.586895
2022-08-20,"Baker's yeast, dessert preparations, soups",5854.500957142857,8895.194985714286,1032478.7502142856,2.8132591428571425,4.244081285714286,495.24350228571427,18,18,16,7,7985.690448,5158.9966,11109.725871,0.799941,17,-26.687605,2.638836,2.399434,3.01519,0.376354,15,6.609865,10133.984543,7743.733817,12772.186,0.392559,18,-12.224111,3.457694,2.339541,5.233981,1.776287,19,22.743098,1385906.736596,932849.351929,1911053.4077,1.084137,15,-25.501571,459.239816,405.329624,545.753175,86.513359,15,7.839844
2022-08-20,Beef and Lamb,167192.62895714285,607183.8155714285,2739765.337857143,91.48005457142858,332.03664042857145,1498.1214992857144,2,2,9,7,207224.686107,139791.837786,342066.711086,20.758075,2,-19.318189,90.78412,81.878412,93.473207,8.905708,1,0.766582,762451.264726,511727.556257,1210221.180571,29.535021,1,-20.364246,332.544384,330.582466,339.041855,6.497471,1,-0.152684,3446260.019342,2311457.704143,5441731.711429,2.695867,7,-20.50033,1502.220715,1486.381377,1554.67736,52.456645,4,-0.272877
2022-08-20,Breads and cereals,31585.254585714287,76995.3432,11241133.742157144,1.716256,4.182097285714286,610.4983848571428,8,5,3,7,34676.828332,27259.42595,44667.298843,3.473641,8,-8.915388,1.729168,1.706626,1.753884,0.024716,21,-0.746695,84408.522919,67389.80845,110732.959757,3.269727,6,-8.782501,4.207487,4.155123,4.294658,0.087171,16,-0.603451,12243011.855362,9951514.284967,16090617.298671,9.577201,3,-8.183265,610.467519,604.357677,626.34124,15.87372,12,0.005056
2022-08-20,"Buns, crispbread and biscuits",13007.013871428571,16373.04637142857,992794.6493285715,4.5398001428571435,5.717833,346.3482998571429,11,15,17,7,14641.766396,7038.073033,18824.045329,1.466692,11,-11.164995,4.567265,3.926231,4.713494,0.641034,10,-0.60135,18464.739406,8809.09675,23471.154129,0.715267,15,-11.32804,5.761494,4.890149,5.974548,0.871345,12,-0.7578,1107429.666344,654959.338583,1873560.941871,0.866296,17,-10.351449,345.52277,336.010497,388.190236,42.667466,17,0.238922
2022-08-20,Cakes and puddings,9908.956314285713,20055.548671428573,1487487.4151571428,3.8792825714285715,7.849825142857143,581.5283905714285,13,13,13,7,12052.166693,9446.5345,27323.8271,1.207288,13,-17.782781,3.866842,3.605168,4.120057,0.261674,12,0.321731,24195.206302,19153.708186,54549.739343,0.937248,13,-17.109412,7.761808,7.357303,8.090825,0.404506,11,1.133971,1796396.537273,1442834.604586,4056742.431329,1.405247,13,-17.196043,574.910952,564.979312,581.588772,9.93164,13,1.151037
2022-08-20,Chocolate,39489.659900000006,68319.19532857143,2091301.3096857143,26.645862857142856,46.098160857142865,1411.0200844285714,6,6,10,7,58315.82945,28150.229133,132547.293257,5.841603,5,-32.283121,26.648336,26.635705,26.70231,0.053974,3,-0.009281,100886.00487,48669.253133,229294.0415,3.908014,5,-32.2808,46.100992,46.086531,46.162786,0.061793,2,-0.006142,3087731.596088,1485490.099517,7016207.887686,2.415405,10,-32.270625,1410.912515,1408.565066,1411.461877,2.347449,5,0.007624
2022-08-20,Confectionery products,2063.9801,3273.9135142857144,313760.2764571429,3.1061212857142855,4.926125857142857,471.42337142857144,27,24,24,7,2639.015552,1230.34235,3506.494586,0.264355,26,-21.789771,3.375115,3.076151,3.996045,0.620931,13,-7.969906,4173.185967,1949.08865,5594.6689,0.161656,24,-21.548823,5.335199,4.888743,6.384052,1.048852,14,-7.667445,365423.519615,182796.127083,451633.892,0.285856,24,-14.137909,467.73042,451.206086,488.80262,21.0722,14,0.789547
2022-08-20,Dairy alternative,2312.5545714285713,1654.5229,66513.441,0.9801665714285714,0.7012791428571428,28.194120857142856,25,27,29,7,2660.652938,1800.759517,3323.2613,0.266522,25,-13.083193,0.980224,0.980018,0.980467,0.000243,24,-0.00587,1904.762021,1287.6059,2379.9254,0.073785,27,-13.137553,0.701721,0.700136,0.703588,0.001867,27,-0.062925,76719.871596,51670.4985,95957.073143,0.060015,29,-13.303503,28.261161,28.02064,28.544487,0.283326,29,-0.237217
2022-08-20,Dairy products and eggs,218241.75725714286,664548.9140285713,45486871.25905715,4.6779654285714285,14.245222285714286,975.0000324285713,1,1,1,7,232477.799758,181843.006267,351065.404543,23.287725,1,-6.123614,4.695567,4.563031,5.229134,0.533567,8,-0.374852,710535.102733,556267.420133,1103935.183871,27.523948,2,-6.47205,14.350037,13.874504,16.437715,2.087678,7,-0.730414,48504478.375397,37951671.559517,74580377.351429,37.943045,1,-6.221296,979.638118,947.127741,1110.38497,130.746852,8,-0.473449
2022-08-20,Dried fruit and nuts,1130.9543857142858,6480.961128571428,1736805.2902142857,1.9060738571428573,10.934584000000001,2931.0473674285713,28,20,12,7,1354.723428,1038.388929,3492.095486,0.135705,28,-16.517692,1.889388,1.871719,1.912103,0.022716,18,0.883139,7856.897445,6027.1344,20353.999714,0.304352,20,-17.512464,10.957706,10.926228,10.982189,0.031477,9,-0.211009,2111373.829218,1619963.4337,5475933.913743,1.65164,12,-17.740513,2944.647013,2926.133188,2959.04748,18.513825,2,-0.461843
2022-08-20,Edible oils and plant-based spreads,9470.899942857142,26670.027242857144,1811192.623057143,4.578907428571428,12.914508285714286,877.5055051428571,14,10,11,7,11516.024682,7616.68445,19449.161571,1.153581,14,-17.758947,4.571062,4.524855,4.614628,0.046207,9,0.171627,32326.766906,21393.85755,58323.040243,1.25224,9,-17.498625,12.826853,12.319996,13.748304,0.921451,8,0.683373,2159306.817661,1382403.26375,3664321.3365,1.689136,11,-16.121572,859.015758,796.975647,904.810217,62.040111,9,2.152434
2022-08-20,Fish and fish products,41448.32290000001,23571.826542857143,10677096.881,14.295453714285715,8.128591571428572,3682.154093,5,12,4,7,44048.218618,32840.772867,56109.634029,4.41239,6,-5.902386,14.279638,14.164105,14.795633,0.515995,5,0.110755,25097.448283,17677.2765,30066.8442,0.972198,12,-6.078792,8.135042,7.924591,8.182162,0.210451,10,-0.079291,11359882.239798,8182560.301667,13942633.360857,8.886365,4,-6.010497,3682.364329,3675.505187,3683.900114,6.859142,1,-0.005709
2022-08-20,"Fresh, chilled or frozen fruit",14888.4528,24161.08075714286,3034413.988314286,0.8799167142857142,1.4279565714285716,179.27518600000002,10,11,8,7,15789.317297,10891.896033,19602.676833,1.581645,10,-5.705532,0.869141,0.801294,0.91134,0.067847,26,1.239794,26149.090577,18436.855767,31249.10995,1.012935,11,-7.602596,1.440723,1.375786,1.496551,0.064936,24,-0.886086,3309952.701717,2308666.66155,4022982.239033,2.589239,9,-8.324551,182.199418,171.490344,193.700603,11.501184,24,-1.604963
2022-08-20,Fruit and vegetable juices,3865.3423428571427,6174.9951,934326.737,0.5516302857142857,0.8799935714285715,133.36061128571427,21,21,18,7,3956.552029,3322.8124,6014.348971,0.396335,21,-2.305282,0.549655,0.523444,0.565905,0.026211,27,0.359305,6420.381727,5507.827633,10098.037914,0.248706,21,-3.821994,0.890925,0.874856,0.907908,0.016983,26,-1.226982,957660.438973,802306.9711,1466231.447171,0.749138,19,-2.436532,133.064152,127.725177,136.908499,5.338975,25,0.222794
2022-08-20,"Leafy and stem vegetables, including cabbages",2426.214457142857,2464.240757142857,505099.05088571424,0.5343981428571428,0.5424862857142857,111.17659928571427,24,26,23,7,2757.371029,2291.510433,5559.985586,0.276211,24,-12.009866,0.52777,0.516959,0.544295,0.016525,28,1.255876,2803.538455,2332.706917,5906.793629,0.1086,26,-12.102481,0.535526,0.508317,0.556186,0.027209,29,1.29968,582885.201471,490911.0199,1223458.897614,0.455967,23,-13.345021,111.33321,109.938657,113.745759,2.412549,26,-0.140669
2022-08-20,Meat alternative,2081.9531142857145,2603.2845714285713,118829.02924285714,3.2013858571428573,4.002234857142858,182.50272214285715,26,25,26,7,2334.920785,1507.460183,3546.6332,0.233893,27,-10.834101,3.203856,3.15683,3.258684,0.054828,14,-0.077101,2935.016621,1767.951217,4661.065671,0.113694,25,-11.302561,4.007139,3.664715,4.363268,0.356129,17,-0.122384,134877.095393,76279.345517,224216.564714,0.105509,27,-11.898289,183.238195,156.950947,211.128878,27.890684,23,-0.401375
2022-08-20,Other Meat,149828.23624285712,353005.5206428571,11860822.619785713,15.198417142857142,35.757551,1201.4779064285715,3,3,2,7,155605.134295,120499.749017,240673.170914,15.58725,3,-3.712537,14.54359,13.440539,15.963764,1.420174,4,4.502515,346493.577259,242973.5198,463373.103614,13.422097,3,1.879384,32.476188,26.094584,40.120317,7.644129,4,10.103903,12871723.378448,10935977.428233,23519542.951257,10.069016,2,-7.853655,1196.865944,1171.617404,1306.265527,109.399583,7,0.385337
2022-08-20,Other vegetables,19858.273500000003,42778.49688571429,3773065.7065000003,1.3483585714285715,2.899464428571428,256.22567142857145,9,7,6,7,21710.047346,15914.283133,28532.786986,2.174735,9,-8.529571,1.356362,1.328676,1.385649,0.029287,22,-0.590064,48418.258862,34800.809067,62979.575171,1.875575,7,-11.648007,3.024343,2.70005,3.328264,0.324293,20,-4.129111,4158886.236624,3003937.482633,5335174.981029,3.253324,6,-9.277016,259.81835,251.354083,267.523771,8.464267,21,-1.382766
2022-08-20,Pasta products,3598.519714285714,7733.150642857143,1323114.9507,1.7794285714285714,3.8220495714285714,654.2694108571429,22,19,14,7,3786.170854,2469.686283,4294.3287,0.379268,22,-4.956225,1.768948,1.755839,1.788505,0.019556,20,0.592459,8190.71269,5343.18925,9354.024514,0.317283,19,-5.586352,3.82556,3.819282,3.831063,0.006278,18,-0.091761,1402184.256253,917760.774833,1595015.077443,1.096871,14,-5.63901,655.192799,650.769265,663.292973,8.100175,11,-0.140934
2022-08-20,Pastry (savoury),11087.263942857142,27386.671442857147,856521.7387571428,8.835748285714287,21.823890142857145,681.9586522857143,12,9,20,7,12126.324274,10321.05505,19579.955629,1.214716,12,-8.568634,8.741523,6.799252,9.710859,1.942272,7,1.0779,29965.389169,23568.996617,40972.183471,1.160767,10,-8.605654,21.659973,14.495135,25.177449,7.164837,6,0.756777,922921.302795,826556.673571,1901873.346986,0.721963,20,-7.194499,662.523247,612.539212,710.974256,49.984035,10,2.933543
2022-08-20,"Potatoes, root crops, non-starchy bulbs and mushrooms",7866.154642857144,11865.03307142857,845537.707142857,0.4642087142857143,0.7000688571428572,49.877044000000005,16,16,21,7,9479.581166,7237.189171,19570.309457,0.949587,16,-17.020019,0.46348,0.458367,0.464637,0.005112,29,0.157287,14246.901157,10888.947086,28934.506829,0.551881,16,-16.718499,0.697227,0.679129,0.705335,0.018099,28,0.407525,1017563.41704,774128.405286,2033935.952857,0.795998,18,-16.90565,49.794536,47.743595,50.189854,2.050941,28,0.165696
2022-08-20,Preserved fruit and fruit based products,735.9697571428571,1080.4130714285714,156040.4901142857,0.8746797142857143,1.2857040000000002,185.62774785714285,29,29,25,7,792.376834,427.837867,909.3098,0.079374,29,-7.118719,0.873013,0.862756,0.878507,0.010257,25,0.190868,1172.190112,623.814667,1352.714314,0.045407,30,-7.829535,1.290893,1.277285,1.314326,0.023434,25,-0.401969,168954.540101,90254.870717,194439.635686,0.132166,25,-7.643506,186.086047,184.937372,188.026297,1.940251,22,-0.246283
2022-08-20,Ready meals,63338.010928571435,208293.4661142857,7519542.256914286,10.983039714285713,36.078604,1304.3328712857144,4,4,5,7,69234.105759,59992.4463,88710.792357,6.935307,4,-8.516171,11.115542,10.328625,11.579405,0.786918,6,-1.192049,227633.511184,196833.1531,286054.254,8.817823,4,-8.496133,36.533255,33.59909,38.377942,2.934165,3,-1.244484,8015120.061351,6754268.6726,9946543.391871,6.269897,5,-6.183037,1287.886634,1233.17431,1329.759094,54.712323,6,1.276994
2022-08-20,Rice,6342.0779142857145,4005.3163571428568,3199242.1937428573,4.4213568571428565,2.792418142857143,2230.301218142857,17,23,7,7,6693.004805,4764.563817,7877.731471,0.670451,18,-5.243189,4.413957,4.395409,4.435112,0.021155,11,0.167644,4231.196538,3004.00565,4992.0532,0.163904,23,-5.338447,2.790459,2.785549,2.796059,0.0056,21,0.070201,3374950.652558,2405027.938333,3968670.926971,2.640084,8,-5.206253,2225.728891,2214.268126,2238.80079,13.071899,3,0.205431
2022-08-20,"Salt, spices, culinary herbs and other food products",387.4907714285714,907.2905714285714,98188.52105714286,0.9943131428571429,2.318393428571429,251.48941857142856,30,30,27,7,516.810652,379.375457,1145.614886,0.05177,30,-25.022681,1.074819,0.809817,1.221574,0.265002,23,-7.490175,1349.002485,884.187243,3982.261571,0.052256,29,-32.743595,2.758251,1.860042,4.102337,1.344086,22,-15.946959,163697.872327,91196.791014,737993.111686,0.128054,26,-40.01845,323.367205,227.575549,684.446814,361.079609,19,-22.227915
2022-08-20,"Sauces, condiments",8921.069657142858,18709.44537142857,1213557.0147,2.2790775714285716,4.777337142857143,310.2686587142857,15,14,15,7,9741.672716,6612.831643,16390.927014,0.975841,15,-8.423636,2.272242,2.219467,2.334464,0.062222,16,0.30084,19720.604072,13509.463229,32628.764671,0.763916,14,-5.127423,4.633239,4.137111,5.845381,1.212142,15,3.110095,1352646.415272,951675.764257,2346649.088014,1.058119,16,-10.282761,315.774797,298.01131,338.335853,22.561056,20,-1.743691
2022-08-20,Savoury snacks,3110.6869571428574,9853.5846,566049.4984714285,1.740384142857143,5.512098,316.54797928571423,23,17,22,7,3508.406924,2934.376717,6976.290086,0.351444,23,-11.336198,1.778011,1.72737,1.930614,0.152603,19,-2.116228,11150.688654,9137.195133,21948.036743,0.431943,17,-11.632502,5.653864,5.480259,6.146643,0.492779,13,-2.507423,678020.444067,547013.339467,1387744.531357,0.530387,22,-16.514391,343.50234,316.547979,437.715846,94.213506,18,-7.846922
2022-08-20,"Soft drinks (inc. fizzy and ready to drink fruit drinks), mineral or spring water",5794.726242857143,1469.6211142857142,63891.70895714285,0.20780542857142859,0.05246014285714286,2.310978857142857,19,28,30,7,5649.728345,4618.665886,10412.868729,0.565944,19,2.566458,0.21015,0.205601,0.225306,0.015156,30,-1.115481,1483.983748,1169.996771,3335.102614,0.057485,28,-0.967843,0.055049,0.049885,0.071721,0.016672,30,-4.702715,65043.039427,52897.311257,116022.955314,0.05088,30,-1.770106,2.439413,2.236549,2.64423,0.204817,30,-5.26495
2022-08-20,"Sugar, sugar products, jams and marmalades",5084.8864,4246.856985714286,875513.1361142857,2.176973857142857,1.8192325714285715,374.91861957142856,20,22,19,7,5300.058234,3688.53565,8378.2543,0.530917,20,-4.059801,2.154882,2.107335,2.194137,0.047547,17,1.025204,4454.640753,3104.651483,7005.104414,0.172559,22,-4.664434,1.811221,1.793978,1.825456,0.017243,23,0.442331,914944.404727,637128.790567,1443213.123371,0.715723,21,-4.30969,372.001013,365.721601,377.185269,6.279412,16,0.784301
2022-08-20,"Tea, coffee, cocoa and powdered chocolate",34639.26245714286,36148.99755714286,72814.60042857143,26.304740142857145,27.438525857142857,55.230048000000004,7,8,28,7,39709.720555,28327.34405,54265.222929,3.977795,7,-12.768808,26.740506,26.019858,27.627357,0.88685,2,-1.629611,42263.378573,30278.014383,59652.770557,1.637153,8,-14.467327,28.425734,27.112628,30.299542,1.873808,5,-3.472937,99012.963197,64382.544514,171887.487971,0.077454,28,-26.459528,66.404043,50.741391,87.517516,21.113474,27,-16.827281
2022-08-27,"Baker's yeast, dessert preparations, soups",5955.475114285714,8527.673385714286,1044281.5657428572,2.7384695714285714,3.9086564285714287,480.1722104285714,18,18,16,7,7985.690448,5158.9966,11109.725871,0.799941,17,-25.423166,2.638836,2.399434,3.01519,0.376354,15,3.775676,10133.984543,7743.733817,12772.186,0.392559,18,-15.850736,3.457694,2.339541,5.233981,1.776287,19,13.042273,1385906.736596,932849.351929,1911053.4077,1.084137,15,-24.649939,459.239816,405.329624,545.753175,86.513359,15,4.558053
2022-08-27,Beef and Lamb,173753.06714285715,630248.8353428572,2843387.631,91.587594,331.95818114285714,1497.4880674285716,2,2,9,7,207224.686107,139791.837786,342066.711086,20.758075,2,-16.152332,90.78412,81.878412,93.473207,8.905708,1,0.885039,762451.264726,511727.556257,1210221.180571,29.535021,1,-17.339132,332.544384,330.582466,339.041855,6.497471,1,-0.176278,3446260.019342,2311457.704143,5441731.711429,2.695867,7,-17.493526,1502.220715,1486.381377,1554.67736,52.456645,4,-0.315043
2022-08-27,Breads and cereals,31732.861357142858,77241.37472857142,11263293.708742857,1.7202959999999998,4.186167857142857,610.3210150000001,8,5,3,7,34676.828332,27259.42595,44667.298843,3.473641,8,-8.489724,1.729168,1.706626,1.753884,0.024716,21,-0.513057,84408.522919,67389.80845,110732.959757,3.269727,6,-8.491024,4.207487,4.155123,4.294658,0.087171,16,-0.506705,12243011.855362,9951514.284967,16090617.298671,9.577201,3,-8.002264,610.467519,604.357677,626.34124,15.87372,12,-0.023999
2022-08-27,"Buns, crispbread and biscuits",14094.1061,17798.042785714286,1031879.9660714286,4.632989428571428,5.848173428571428,341.30105657142855,11,15,17,7,14641.766396,7038.073033,18824.045329,1.466692,11,-3.740398,4.567265,3.926231,4.713494,0.641034,10,1.439024,18464.739406,8809.09675,23471.154129,0.715267,15,-3.610647,5.761494,4.890149,5.974548,0.871345,12,1.504468,1107429.666344,654959.338583,1873560.941871,0.866296,17,-6.822077,345.52277,336.010497,388.190236,42.667466,17,-1.221834
2022-08-27,Cakes and puddings,10194.433571428572,20518.02757142857,1511215.3022142856,3.9007434285714284,7.857360285714286,579.4169877142857,14,13,13,7,12052.166693,9446.5345,27323.8271,1.207288,13,-15.414101,3.866842,3.605168,4.120057,0.261674,12,0.876728,24195.206302,19153.708186,54549.739343,0.937248,13,-15.197964,7.761808,7.357303,8.090825,0.404506,11,1.231051,1796396.537273,1442834.604586,4056742.431329,1.405247,13,-15.875183,574.910952,564.979312,581.588772,9.93164,13,0.78378
2022-08-27,Chocolate,39589.8154,68485.55287142858,2095465.3652000001,26.651411285714286,46.10451357142857,1410.7787495714288,6,6,11,7,58315.82945,28150.229133,132547.293257,5.841603,5,-32.111374,26.648336,26.635705,26.70231,0.053974,3,0.01154,100886.00487,48669.253133,229294.0415,3.908014,5,-32.115904,46.100992,46.086531,46.162786,0.061793,2,0.007638,3087731.596088,1485490.099517,7016207.887686,2.415405,10,-32.135767,1410.912515,1408.565066,1411.461877,2.347449,5,-0.009481
2022-08-27,Confectionery products,2258.085857142857,3565.9947571428575,321341.8078571429,3.25063,5.136779142857143,466.4767078571429,26,24,24,7,2639.015552,1230.34235,3506.494586,0.264355,26,-14.434538,3.375115,3.076151,3.996045,0.620931,13,-3.688312,4173.185967,1949.08865,5594.6689,0.161656,24,-14.549824,5.335199,4.888743,6.384052,1.048852,14,-3.719077,365423.519615,182796.127083,451633.892,0.285856,24,-12.063184,467.73042,451.206086,488.80262,21.0722,14,-0.268042
2022-08-27,Dairy alternative,2399.788657142857,1719.2999,69408.54385714287,0.980322,0.702473,28.37534685714286,25,27,29,7,2660.652938,1800.759517,3323.2613,0.266522,25,-9.804521,0.980224,0.980018,0.980467,0.000243,24,0.009986,1904.762021,1287.6059,2379.9254,0.073785,27,-9.736761,0.701721,0.700136,0.703588,0.001867,27,0.107208,76719.871596,51670.4985,95957.073143,0.060015,29,-9.529901,28.261161,28.02064,28.544487,0.283326,29,0.404038
2022-08-27,Dairy products and eggs,218303.35052857143,665618.0882,45519052.25424285,4.705966857142856,14.352006571428571,981.4784432857143,1,1,1,7,232477.799758,181843.006267,351065.404543,23.287725,1,-6.097119,4.695567,4.563031,5.229134,0.533567,8,0.221486,710535.102733,556267.420133,1103935.183871,27.523948,2,-6.321576,14.350037,13.874504,16.437715,2.087678,7,0.013726,48504478.375397,37951671.559517,74580377.351429,37.943045,1,-6.154949,979.638118,947.127741,1110.38497,130.746852,8,0.187858
2022-08-27,Dried fruit and nuts,1130.1426857142858,6480.662585714285,1736996.7695285715,1.908281142857143,10.931525714285714,2929.2486992857143,28,20,12,7,1354.723428,1038.388929,3492.095486,0.135705,28,-16.577608,1.889388,1.871719,1.912103,0.022716,18,0.999965,7856.897445,6027.1344,20353.999714,0.304352,20,-17.516263,10.957706,10.926228,10.982189,0.031477,9,-0.238919,2111373.829218,1619963.4337,5475933.913743,1.65164,12,-17.731444,2944.647013,2926.133188,2959.04748,18.513825,2,-0.522926
2022-08-27,Edible oils and plant-based spreads,10864.64677142857,31325.421314285715,2139393.455642857,4.6062968571428575,13.273513714285714,904.0581038571428,13,9,10,7,11516.024682,7616.68445,19449.161571,1.153581,14,-5.656274,4.571062,4.524855,4.614628,0.046207,9,0.770819,32326.766906,21393.85755,58323.040243,1.25224,9,-3.097574,12.826853,12.319996,13.748304,0.921451,8,3.482231,2159306.817661,1382403.26375,3664321.3365,1.689136,11,-0.922211,859.015758,796.975647,904.810217,62.040111,9,5.243483
2022-08-27,Fish and fish products,40929.05227142857,23428.273714285715,10585429.801428571,14.246639571428572,8.148500714285715,3682.802984285714,5,12,4,7,44048.218618,32840.772867,56109.634029,4.41239,6,-7.081254,14.279638,14.164105,14.795633,0.515995,5,-0.231089,25097.448283,17677.2765,30066.8442,0.972198,12,-6.650774,8.135042,7.924591,8.182162,0.210451,10,0.165443,11359882.239798,8182560.301667,13942633.360857,8.886365,4,-6.817434,3682.364329,3675.505187,3683.900114,6.859142,1,0.011912
2022-08-27,"Fresh, chilled or frozen fruit",14477.701357142858,23575.861842857143,2954452.468757143,0.8779317142857143,1.4292555714285715,179.30230614285713,10,11,8,7,15789.317297,10891.896033,19602.676833,1.581645,10,-8.306983,0.869141,0.801294,0.91134,0.067847,26,1.011408,26149.090577,18436.855767,31249.10995,1.012935,11,-9.840605,1.440723,1.375786,1.496551,0.064936,24,-0.795923,3309952.701717,2308666.66155,4022982.239033,2.589239,9,-10.740342,182.199418,171.490344,193.700603,11.501184,24,-1.590078
2022-08-27,Fruit and vegetable juices,3816.3033,6162.989728571428,928464.6844857143,0.5494422857142858,0.88561,133.644435,21,21,18,7,3956.552029,3322.8124,6014.348971,0.396335,21,-3.544721,0.549655,0.523444,0.565905,0.026211,27,-0.038763,6420.381727,5507.827633,10098.037914,0.248706,21,-4.008983,0.890925,0.874856,0.907908,0.016983,26,-0.596578,957660.438973,802306.9711,1466231.447171,0.749138,19,-3.048654,133.064152,127.725177,136.908499,5.338975,25,0.436093
2022-08-27,"Leafy and stem vegetables, including cabbages",2456.3841428571427,2479.4886857142856,511995.26610000007,0.5325759999999999,0.537171,110.90013614285714,24,26,23,7,2757.371029,2291.510433,5559.985586,0.276211,24,-10.915719,0.52777,0.516959,0.544295,0.016525,28,0.910623,2803.538455,2332.706917,5906.793629,0.1086,26,-11.558599,0.535526,0.508317,0.556186,0.027209,29,0.307145,582885.201471,490911.0199,1223458.897614,0.455967,23,-12.161903,111.33321,109.938657,113.745759,2.412549,26,-0.388989
2022-08-27,Meat alternative,2101.7837857142854,2650.515757142857,121706.46447142857,3.207648142857143,4.043499428571429,185.82102085714286,27,25,26,7,2334.920785,1507.460183,3546.6332,0.233893,27,-9.984793,3.203856,3.15683,3.258684,0.054828,14,0.118359,2935.016621,1767.951217,4661.065671,0.113694,25,-9.693331,4.007139,3.664715,4.363268,0.356129,17,0.907392,134877.095393,76279.345517,224216.564714,0.105509,27,-9.764913,183.238195,156.950947,211.128878,27.890684,23,1.409546
2022-08-27,Other Meat,150501.59524285715,351625.1794285714,11923017.582042856,15.119672,35.319285,1196.6682577142856,3,3,2,7,155605.134295,120499.749017,240673.170914,15.58725,3,-3.279801,14.54359,13.440539,15.963764,1.420174,4,3.961072,346493.577259,242973.5198,463373.103614,13.422097,3,1.481009,32.476188,26.094584,40.120317,7.644129,4,8.754404,12871723.378448,10935977.428233,23519542.951257,10.069016,2,-7.370464,1196.865944,1171.617404,1306.265527,109.399583,7,-0.016517
2022-08-27,Other vegetables,19911.333342857142,43801.63161428571,3790879.5451714285,1.3627477142857143,2.9910959999999998,259.2925832857143,9,7,6,7,21710.047346,15914.283133,28532.786986,2.174735,9,-8.285168,1.356362,1.328676,1.385649,0.029287,22,0.470799,48418.258862,34800.809067,62979.575171,1.875575,7,-9.534889,3.024343,2.70005,3.328264,0.324293,20,-1.09931,4158886.236624,3003937.482633,5335174.981029,3.253324,6,-8.848684,259.81835,251.354083,267.523771,8.464267,21,-0.202359
2022-08-27,Pasta products,3731.680914285714,8049.174157142857,1378626.1057142857,1.7734450000000002,3.8239485714285713,655.1299402857143,22,19,14,7,3786.170854,2469.686283,4294.3287,0.379268,22,-1.439183,1.768948,1.755839,1.788505,0.019556,20,0.254204,8190.71269,5343.18925,9354.024514,0.317283,19,-1.728037,3.82556,3.819282,3.831063,0.006278,18,-0.042121,1402184.256253,917760.774833,1595015.077443,1.096871,14,-1.680104,655.192799,650.769265,663.292973,8.100175,11,-0.009594
2022-08-27,Pastry (savoury),11211.842314285715,27764.36082857143,856923.4597000001,8.788140285714286,21.745736714285716,673.0461621428573,12,10,21,7,12126.324274,10321.05505,19579.955629,1.214716,12,-7.541296,8.741523,6.799252,9.710859,1.942272,7,0.533281,29965.389169,23568.996617,40972.183471,1.160767,10,-7.345235,21.659973,14.495135,25.177449,7.164837,6,0.395957,922921.302795,826556.673571,1901873.346986,0.721963,20,-7.150972,662.523247,612.539212,710.974256,49.984035,10,1.588309
2022-08-27,"Potatoes, root crops, non-starchy bulbs and mushrooms",8038.556757142856,12059.2855,858866.6935714287,0.4641951428571428,0.6963828571428571,49.59017885714286,16,16,20,7,9479.581166,7237.189171,19570.309457,0.949587,16,-15.201351,0.46348,0.458367,0.464637,0.005112,29,0.154359,14246.901157,10888.947086,28934.506829,0.551881,16,-15.355028,0.697227,0.679129,0.705335,0.018099,28,-0.121141,1017563.41704,774128.405286,2033935.952857,0.795998,18,-15.595758,49.794536,47.743595,50.189854,2.050941,28,-0.410401
2022-08-27,Preserved fruit and fruit based products,719.1196285714286,1054.0227285714286,152290.9560285714,0.8757149999999999,1.2834271428571429,185.44102142857145,29,30,25,7,792.376834,427.837867,909.3098,0.079374,29,-9.245248,0.873013,0.862756,0.878507,0.010257,25,0.309455,1172.190112,623.814667,1352.714314,0.045407,30,-10.080906,1.290893,1.277285,1.314326,0.023434,25,-0.578347,168954.540101,90254.870717,194439.635686,0.132166,25,-9.862762,186.086047,184.937372,188.026297,1.940251,22,-0.346627
2022-08-27,Ready meals,63503.94525714285,208590.95092857143,7420070.933928572,11.05501642857143,36.29303814285714,1293.8925628571428,4,4,5,7,69234.105759,59992.4463,88710.792357,6.935307,4,-8.2765,11.115542,10.328625,11.579405,0.786918,6,-0.544517,227633.511184,196833.1531,286054.254,8.817823,4,-8.365447,36.533255,33.59909,38.377942,2.934165,3,-0.657528,8015120.061351,6754268.6726,9946543.391871,6.269897,5,-7.424083,1287.886634,1233.17431,1329.759094,54.712323,6,0.46634
2022-08-27,Rice,6647.595171428571,4200.0478,3352807.9257714287,4.418295142857143,2.7916074285714285,2228.4093974285715,17,23,7,7,6693.004805,4764.563817,7877.731471,0.670451,18,-0.678464,4.413957,4.395409,4.435112,0.021155,11,0.09828,4231.196538,3004.00565,4992.0532,0.163904,23,-0.736169,2.790459,2.785549,2.796059,0.0056,21,0.041148,3374950.652558,2405027.938333,3968670.926971,2.640084,8,-0.65609,2225.728891,2214.268126,2238.80079,13.071899,3,0.120433
2022-08-27,"Salt, spices, culinary herbs and other food products",483.736,1193.0950714285714,116011.5367857143,1.1153862857142858,2.7518029999999998,266.7119331428571,30,29,27,7,516.810652,379.375457,1145.614886,0.05177,30,-6.399762,1.074819,0.809817,1.221574,0.265002,23,3.77434,1349.002485,884.187243,3982.261571,0.052256,29,-11.557237,2.758251,1.860042,4.102337,1.344086,22,-0.233753,163697.872327,91196.791014,737993.111686,0.128054,26,-29.1307,323.367205,227.575549,684.446814,361.079609,19,-17.520414
2022-08-27,"Sauces, condiments",9027.250014285715,18505.654142857144,1240214.6270714286,2.267789857142857,4.656600857142856,311.746997,15,14,15,7,9741.672716,6612.831643,16390.927014,0.975841,15,-7.333676,2.272242,2.219467,2.334464,0.062222,16,-0.195926,19720.604072,13509.463229,32628.764671,0.763916,14,-6.160815,4.633239,4.137111,5.845381,1.212142,15,0.504223,1352646.415272,951675.764257,2346649.088014,1.058119,16,-8.311987,315.774797,298.01131,338.335853,22.561056,20,-1.275529
2022-08-27,Savoury snacks,3114.910371428571,9906.1816,577582.4801428572,1.7436055714285714,5.544958428571428,323.12339514285713,23,17,22,7,3508.406924,2934.376717,6976.290086,0.351444,23,-11.215818,1.778011,1.72737,1.930614,0.152603,19,-1.935046,11150.688654,9137.195133,21948.036743,0.431943,17,-11.160809,5.653864,5.480259,6.146643,0.492779,13,-1.926221,678020.444067,547013.339467,1387744.531357,0.530387,22,-14.813412,343.50234,316.547979,437.715846,94.213506,18,-5.932695
2022-08-27,"Soft drinks (inc. fizzy and ready to drink fruit drinks), mineral or spring water",5489.6130571428575,1457.9453428571428,61742.05964285714,0.21113428571428572,0.055989000000000004,2.3897117142857143,19,28,30,7,5649.728345,4618.665886,10412.868729,0.565944,19,-2.834035,0.21015,0.205601,0.225306,0.015156,30,0.468561,1483.983748,1169.996771,3335.102614,0.057485,28,-1.754629,0.055049,0.049885,0.071721,0.016672,30,1.707685,65043.039427,52897.311257,116022.955314,0.05088,30,-5.07507,2.439413,2.236549,2.64423,0.204817,30,-2.037416
2022-08-27,"Sugar, sugar products, jams and marmalades",5190.146242857144,4336.5348,893786.6035714286,2.176364285714286,1.8190112857142857,374.8381195714286,20,22,19,7,5300.058234,3688.53565,8378.2543,0.530917,20,-2.073788,2.154882,2.107335,2.194137,0.047547,17,0.996916,4454.640753,3104.651483,7005.104414,0.172559,22,-2.651301,1.811221,1.793978,1.825456,0.017243,23,0.430114,914944.404727,637128.790567,1443213.123371,0.715723,21,-2.312469,372.001013,365.721601,377.185269,6.279412,16,0.762661
2022-08-27,"Tea, coffee, cocoa and powdered chocolate",36491.280485714284,38014.283657142856,79195.08874285713,26.427601714285714,27.537050285714287,56.954337714285714,7,8,28,7,39709.720555,28327.34405,54265.222929,3.977795,7,-8.104917,26.740506,26.019858,27.627357,0.88685,2,-1.170152,42263.378573,30278.014383,59652.770557,1.637153,8,-10.053846,28.425734,27.112628,30.299542,1.873808,5,-3.126334,99012.963197,64382.544514,171887.487971,0.077454,28,-20.015434,66.404043,50.741391,87.517516,21.113474,27,-14.230617
2022-09-03,"Baker's yeast, dessert preparations, soups",6190.935985714286,8289.0149,1077083.1816714287,2.656494857142857,3.519051714285714,461.286294,18,18,17,8,7985.690448,5158.9966,11109.725871,0.799941,17,-22.474631,2.638836,2.399434,3.01519,0.376354,15,0.669203,10133.984543,7743.733817,12772.186,0.392559,18,-18.205767,3.457694,2.339541,5.233981,1.776287,19,1.774513,1385906.736596,932849.351929,1911053.4077,1.084137,15,-22.283141,459.239816,405.329624,545.753175,86.513359,15,0.445623
2022-09-03,Beef and Lamb,184127.36229999998,666931.3982571429,3008316.8669999996,91.69343285714285,331.8809624285714,1496.8646525714285,2,1,8,8,207224.686107,139791.837786,342066.711086,20.758075,2,-11.146029,90.78412,81.878412,93.473207,8.905708,1,1.001622,762451.264726,511727.556257,1210221.180571,29.535021,1,-12.527996,332.544384,330.582466,339.041855,6.497471,1,-0.199499,3446260.019342,2311457.704143,5441731.711429,2.695867,7,-12.70778,1502.220715,1486.381377,1554.67736,52.456645,4,-0.356543
2022-09-03,Breads and cereals,32156.306285714287,78042.9146,11369248.825214285,1.7250544285714287,4.184978714285714,609.3115184285715,8,5,3,8,34676.828332,27259.42595,44667.298843,3.473641,8,-7.268606,1.729168,1.706626,1.753884,0.024716,21,-0.237871,84408.522919,67389.80845,110732.959757,3.269727,6,-7.541428,4.207487,4.155123,4.294658,0.087171,16,-0.534967,12243011.855362,9951514.284967,16090617.298671,9.577201,3,-7.136831,610.467519,604.357677,626.34124,15.87372,12,-0.189363
2022-09-03,"Buns, crispbread and biscuits",15191.544028571428,19214.976285714285,1089743.4498285714,4.701423,5.947363714285714,337.2639381428571,10,14,16,8,14641.766396,7038.073033,18824.045329,1.466692,11,3.754859,4.567265,3.926231,4.713494,0.641034,10,2.937373,18464.739406,8809.09675,23471.154129,0.715267,15,4.063079,5.761494,4.890149,5.974548,0.871345,12,3.226076,1107429.666344,654959.338583,1873560.941871,0.866296,17,-1.597051,345.52277,336.010497,388.190236,42.667466,17,-2.390242
2022-09-03,Cakes and puddings,11019.370642857144,22079.79475714286,1616560.9253714287,3.936248142857143,7.885781285714286,576.8379187142857,13,13,13,8,12052.166693,9446.5345,27323.8271,1.207288,13,-8.569381,3.866842,3.605168,4.120057,0.261674,12,1.794912,24195.206302,19153.708186,54549.739343,0.937248,13,-8.743102,7.761808,7.357303,8.090825,0.404506,11,1.597216,1796396.537273,1442834.604586,4056742.431329,1.405247,13,-10.010908,574.910952,564.979312,581.588772,9.93164,13,0.335176
2022-09-03,Chocolate,42361.708385714286,73272.35015714285,2240821.9912285716,26.66486157142857,46.11991171428571,1410.1937842857144,5,6,10,8,58315.82945,28150.229133,132547.293257,5.841603,5,-27.358131,26.648336,26.635705,26.70231,0.053974,3,0.062013,100886.00487,48669.253133,229294.0415,3.908014,5,-27.371145,46.100992,46.086531,46.162786,0.061793,2,0.041039,3087731.596088,1485490.099517,7016207.887686,2.415405,10,-27.428213,1410.912515,1408.565066,1411.461877,2.347449,5,-0.050941
2022-09-03,Confectionery products,2366.9926571428573,3719.312171428571,321101.5603571428,3.3833298571428574,5.315430571428571,458.16044385714287,26,24,24,8,2639.015552,1230.34235,3506.494586,0.264355,26,-10.307741,3.375115,3.076151,3.996045,0.620931,13,0.243402,4173.185967,1949.08865,5594.6689,0.161656,24,-10.875954,5.335199,4.888743,6.384052,1.048852,14,-0.370535,365423.519615,182796.127083,451633.892,0.285856,24,-12.128929,467.73042,451.206086,488.80262,21.0722,14,-2.046045
2022-09-03,Dairy alternative,2488.5433428571428,1782.6961,71944.39185714287,0.9802895714285714,0.7022234285714285,28.33744842857143,24,27,29,8,2660.652938,1800.759517,3323.2613,0.266522,25,-6.468698,0.980224,0.980018,0.980467,0.000243,24,0.006678,1904.762021,1287.6059,2379.9254,0.073785,27,-6.40846,0.701721,0.700136,0.703588,0.001867,27,0.071643,76719.871596,51670.4985,95957.073143,0.060015,29,-6.224567,28.261161,28.02064,28.544487,0.283326,29,0.269937
2022-09-03,Dairy products and eggs,216258.94802857144,660223.5762142857,45087755.751357146,4.678088000000001,14.285883142857143,975.4816572857143,1,2,1,8,232477.799758,181843.006267,351065.404543,23.287725,1,-6.976516,4.695567,4.563031,5.229134,0.533567,8,-0.372241,710535.102733,556267.420133,1103935.183871,27.523948,2,-7.080794,14.350037,13.874504,16.437715,2.087678,7,-0.447063,48504478.375397,37951671.559517,74580377.351429,37.943045,1,-7.044138,979.638118,947.127741,1110.38497,130.746852,8,-0.424285
2022-09-03,Dried fruit and nuts,1187.0833428571427,6823.283557142857,1829831.8852285712,1.9026064285714284,10.93938942857143,2933.8738557142856,28,20,12,8,1354.723428,1038.388929,3492.095486,0.135705,28,-12.374488,1.889388,1.871719,1.912103,0.022716,18,0.699618,7856.897445,6027.1344,20353.999714,0.304352,20,-13.155497,10.957706,10.926228,10.982189,0.031477,9,-0.167155,2111373.829218,1619963.4337,5475933.913743,1.65164,12,-13.334538,2944.647013,2926.133188,2959.04748,18.513825,2,-0.365856
2022-09-03,Edible oils and plant-based spreads,10766.376057142857,30228.785157142855,2061306.6350857143,4.581181714285714,12.888366285714286,879.4400954285715,14,9,11,8,11516.024682,7616.68445,19449.161571,1.153581,14,-6.509613,4.571062,4.524855,4.614628,0.046207,9,0.221381,32326.766906,21393.85755,58323.040243,1.25224,9,-6.489921,12.826853,12.319996,13.748304,0.921451,8,0.479566,2159306.817661,1382403.26375,3664321.3365,1.689136,11,-4.538502,859.015758,796.975647,904.810217,62.040111,9,2.377644
2022-09-03,Fish and fish products,41454.608542857146,23926.999799999998,10776248.004857142,14.168062,8.180548857142856,3683.847518285714,6,11,4,8,44048.218618,32840.772867,56109.634029,4.41239,6,-5.888116,14.279638,14.164105,14.795633,0.515995,5,-0.781366,25097.448283,17677.2765,30066.8442,0.972198,12,-4.663615,8.135042,7.924591,8.182162,0.210451,10,0.559394,11359882.239798,8182560.301667,13942633.360857,8.886365,4,-5.137679,3682.364329,3675.505187,3683.900114,6.859142,1,0.040278
2022-09-03,"Fresh, chilled or frozen fruit",14342.046799999998,23540.33342857143,2920465.0303285713,0.872163857142857,1.4326704285714287,177.649663,11,12,9,8,15789.317297,10891.896033,19602.676833,1.581645,10,-9.166137,0.869141,0.801294,0.91134,0.067847,26,0.347781,26149.090577,18436.855767,31249.10995,1.012935,11,-9.976474,1.440723,1.375786,1.496551,0.064936,24,-0.558899,3309952.701717,2308666.66155,4022982.239033,2.589239,9,-11.767167,182.199418,171.490344,193.700603,11.501184,24,-2.49713
2022-09-03,Fruit and vegetable juices,3736.2980857142857,6078.296571428572,917103.5260285714,0.547566,0.8901222857142858,134.55819114285714,22,21,18,8,3956.552029,3322.8124,6014.348971,0.396335,21,-5.566815,0.549655,0.523444,0.565905,0.026211,27,-0.38012,6420.381727,5507.827633,10098.037914,0.248706,21,-5.328112,0.890925,0.874856,0.907908,0.016983,26,-0.090106,957660.438973,802306.9711,1466231.447171,0.749138,19,-4.234999,133.064152,127.725177,136.908499,5.338975,25,1.122796
2022-09-03,"Leafy and stem vegetables, including cabbages",2426.9131,2454.9109142857146,509978.8445857143,0.5292301428571429,0.534925,111.12497171428572,25,26,23,8,2757.371029,2291.510433,5559.985586,0.276211,24,-11.984529,0.52777,0.516959,0.544295,0.016525,28,0.276662,2803.538455,2332.706917,5906.793629,0.1086,26,-12.435269,0.535526,0.508317,0.556186,0.027209,29,-0.112256,582885.201471,490911.0199,1223458.897614,0.455967,23,-12.507841,111.33321,109.938657,113.745759,2.412549,26,-0.187041
2022-09-03,Meat alternative,2142.9686142857145,2676.0633000000003,121241.43738571428,3.1960822857142857,3.9907445714285714,180.87522114285713,27,25,26,8,2334.920785,1507.460183,3546.6332,0.233893,27,-8.220929,3.203856,3.15683,3.258684,0.054828,14,-0.242639,2935.016621,1767.951217,4661.065671,0.113694,25,-8.822891,4.007139,3.664715,4.363268,0.356129,17,-0.409129,134877.095393,76279.345517,224216.564714,0.105509,27,-10.109691,183.238195,156.950947,211.128878,27.890684,23,-1.289564
2022-09-03,Other Meat,145614.17798571428,330875.1680142857,11689902.123542858,14.858744571428572,33.84095414285714,1189.478545,3,3,2,8,155605.134295,120499.749017,240673.170914,15.58725,3,-6.420711,14.54359,13.440539,15.963764,1.420174,4,2.166966,346493.577259,242973.5198,463373.103614,13.422097,3,-4.507561,32.476188,26.094584,40.120317,7.644129,4,4.202358,12871723.378448,10935977.428233,23519542.951257,10.069016,2,-9.181531,1196.865944,1171.617404,1306.265527,109.399583,7,-0.617229
2022-09-03,Other vegetables,19636.626542857142,44317.78651428572,3773556.9113000003,1.3519442857142856,3.0548205714285714,259.87885614285716,9,7,6,8,21710.047346,15914.283133,28532.786986,2.174735,9,-9.550513,1.356362,1.328676,1.385649,0.029287,22,-0.325701,48418.258862,34800.809067,62979.575171,1.875575,7,-8.468855,3.024343,2.70005,3.328264,0.324293,20,1.007745,4158886.236624,3003937.482633,5335174.981029,3.253324,6,-9.265205,259.81835,251.354083,267.523771,8.464267,21,0.023288
2022-09-03,Pasta products,3807.5897285714286,8237.062399999999,1411851.606285714,1.7687638571428572,3.8253971428571427,655.919906,21,19,14,8,3786.170854,2469.686283,4294.3287,0.379268,22,0.565713,1.768948,1.755839,1.788505,0.019556,20,-0.010425,8190.71269,5343.18925,9354.024514,0.317283,19,0.565881,3.82556,3.819282,3.831063,0.006278,18,-0.004256,1402184.256253,917760.774833,1595015.077443,1.096871,14,0.689449,655.192799,650.769265,663.292973,8.100175,11,0.110976
2022-09-03,Pastry (savoury),11558.410142857143,29259.73397142857,834155.4567714286,9.049217428571428,22.898900857142856,653.2389258571428,12,10,21,8,12126.324274,10321.05505,19579.955629,1.214716,12,-4.683316,8.741523,6.799252,9.710859,1.942272,7,3.519913,29965.389169,23568.996617,40972.183471,1.160767,10,-2.354901,21.659973,14.495135,25.177449,7.164837,6,5.719898,922921.302795,826556.673571,1901873.346986,0.721963,20,-9.617921,662.523247,612.539212,710.974256,49.984035,10,-1.401358
2022-09-03,"Potatoes, root crops, non-starchy bulbs and mushrooms",8229.0171,12281.892328571428,877958.6288571429,0.4640381428571429,0.6924635714285714,49.48029114285714,16,16,20,8,9479.581166,7237.189171,19570.309457,0.949587,16,-13.192187,0.46348,0.458367,0.464637,0.005112,29,0.120485,14246.901157,10888.947086,28934.506829,0.551881,16,-13.792535,0.697227,0.679129,0.705335,0.018099,28,-0.683265,1017563.41704,774128.405286,2033935.952857,0.795998,18,-13.719517,49.794536,47.743595,50.189854,2.050941,28,-0.631084
2022-09-03,Preserved fruit and fruit based products,720.3293285714286,1056.1607571428572,152586.18292857145,0.8755927142857143,1.2836955714285714,185.46303685714287,29,29,25,8,792.376834,427.837867,909.3098,0.079374,29,-9.092581,0.873013,0.862756,0.878507,0.010257,25,0.295448,1172.190112,623.814667,1352.714314,0.045407,30,-9.89851,1.290893,1.277285,1.314326,0.023434,25,-0.557553,168954.540101,90254.870717,194439.635686,0.132166,25,-9.688024,186.086047,184.937372,188.026297,1.940251,22,-0.334797
2022-09-03,Ready meals,65225.50607142857,215020.4978,7452140.723214285,11.237587142857143,37.05118185714286,1284.7294474285716,4,4,5,8,69234.105759,59992.4463,88710.792357,6.935307,4,-5.789921,11.115542,10.328625,11.579405,0.786918,6,1.097964,227633.511184,196833.1531,286054.254,8.817823,4,-5.54093,36.533255,33.59909,38.377942,2.934165,3,1.417687,8015120.061351,6754268.6726,9946543.391871,6.269897,5,-7.023966,1287.886634,1233.17431,1329.759094,54.712323,6,-0.245145
2022-09-03,Rice,7024.414400000001,4438.0461000000005,3542887.2872,4.418677857142857,2.7917088571428574,2228.645868857143,17,22,7,8,6693.004805,4764.563817,7877.731471,0.670451,18,4.951582,4.413957,4.395409,4.435112,0.021155,11,0.10695,4231.196538,3004.00565,4992.0532,0.163904,23,4.888678,2.790459,2.785549,2.796059,0.0056,21,0.044783,3374950.652558,2405027.938333,3968670.926971,2.640084,8,4.975973,2225.728891,2214.268126,2238.80079,13.071899,3,0.131057
2022-09-03,"Salt, spices, culinary herbs and other food products",447.7978857142857,1048.9064285714285,111627.75254285715,1.0239861428571428,2.3897222857142855,256.68473771428575,30,30,27,8,516.810652,379.375457,1145.614886,0.05177,30,-13.353588,1.074819,0.809817,1.221574,0.265002,23,-4.729431,1349.002485,884.187243,3982.261571,0.052256,29,-22.245775,2.758251,1.860042,4.102337,1.344086,22,-13.360941,163697.872327,91196.791014,737993.111686,0.128054,26,-31.808672,323.367205,227.575549,684.446814,361.079609,19,-20.621283
2022-09-03,"Sauces, condiments",9093.609114285715,18187.84542857143,1267407.2647285715,2.275070285714286,4.5443684285714285,317.2568414285714,15,15,15,8,9741.672716,6612.831643,16390.927014,0.975841,15,-6.652488,2.272242,2.219467,2.334464,0.062222,16,0.124481,19720.604072,13509.463229,32628.764671,0.763916,14,-7.772372,4.633239,4.137111,5.845381,1.212142,15,-1.918109,1352646.415272,951675.764257,2346649.088014,1.058119,16,-6.301658,315.774797,298.01131,338.335853,22.561056,20,0.469336
2022-09-03,Savoury snacks,3073.7145714285716,9816.306814285714,582801.7482571428,1.7585405714285716,5.615473857142858,333.41389442857144,23,17,22,8,3508.406924,2934.376717,6976.290086,0.351444,23,-12.390021,1.778011,1.72737,1.930614,0.152603,19,-1.095063,11150.688654,9137.195133,21948.036743,0.431943,17,-11.966811,5.653864,5.480259,6.146643,0.492779,13,-0.679013,678020.444067,547013.339467,1387744.531357,0.530387,22,-14.043632,343.50234,316.547979,437.715846,94.213506,18,-2.936936
2022-09-03,"Soft drinks (inc. fizzy and ready to drink fruit drinks), mineral or spring water",5052.396042857143,1334.516185714286,57471.73462857143,0.210832,0.05564471428571428,2.412629,20,28,30,8,5649.728345,4618.665886,10412.868729,0.565944,19,-10.572761,0.21015,0.205601,0.225306,0.015156,30,0.324718,1483.983748,1169.996771,3335.102614,0.057485,28,-10.072048,0.055049,0.049885,0.071721,0.016672,30,1.082267,65043.039427,52897.311257,116022.955314,0.05088,30,-11.640454,2.439413,2.236549,2.64423,0.204817,30,-1.097957
2022-09-03,"Sugar, sugar products, jams and marmalades",5183.993485714286,4329.490157142857,892565.4202857142,2.1790561428571427,1.8199875714285714,375.19361185714286,19,23,19,8,5300.058234,3688.53565,8378.2543,0.530917,20,-2.189877,2.154882,2.107335,2.194137,0.047547,17,1.121835,4454.640753,3104.651483,7005.104414,0.172559,22,-2.809443,1.811221,1.793978,1.825456,0.017243,23,0.484016,914944.404727,637128.790567,1443213.123371,0.715723,21,-2.445939,372.001013,365.721601,377.185269,6.279412,16,0.858223
2022-09-03,"Tea, coffee, cocoa and powdered chocolate",36300.00521428571,38115.0996,88615.18605714287,26.87481757142857,28.228529857142856,65.87069014285714,7,8,28,8,39709.720555,28327.34405,54265.222929,3.977795,7,-8.586601,26.740506,26.019858,27.627357,0.88685,2,0.502276,42263.378573,30278.014383,59652.770557,1.637153,8,-9.815304,28.425734,27.112628,30.299542,1.873808,5,-0.693751,99012.963197,64382.544514,171887.487971,0.077454,28,-10.50143,66.404043,50.741391,87.517516,21.113474,27,-0.803193
2022-09-10,"Baker's yeast, dessert preparations, soups",6773.517628571428,8659.234957142859,1167600.0866,2.6213981428571427,3.3297964285714285,451.659996,18,18,16,8,7985.690448,5158.9966,11109.725871,0.799941,17,-15.179311,2.638836,2.399434,3.01519,0.376354,15,-0.660804,10133.984543,7743.733817,12772.186,0.392559,18,-14.552515,3.457694,2.339541,5.233981,1.776287,19,-3.69894,1385906.736596,932849.351929,1911053.4077,1.084137,15,-15.7519,459.239816,405.329624,545.753175,86.513359,15,-1.650515
2022-09-10,Beef and Lamb,196504.64617142855,712304.5015142858,3213303.8032857142,91.66724014285715,331.90007257142855,1497.0189335714288,2,1,8,8,207224.686107,139791.837786,342066.711086,20.758075,2,-5.173148,90.78412,81.878412,93.473207,8.905708,1,0.97277,762451.264726,511727.556257,1210221.180571,29.535021,1,-6.577045,332.544384,330.582466,339.041855,6.497471,1,-0.193752,3446260.019342,2311457.704143,5441731.711429,2.695867,7,-6.759682,1502.220715,1486.381377,1554.67736,52.456645,4,-0.346273
2022-09-10,Breads and cereals,32724.78607142857,79432.6142857143,11563283.420928571,1.728462142857143,4.193316285714286,610.1629428571429,8,6,3,8,34676.828332,27259.42595,44667.298843,3.473641,8,-5.629241,1.729168,1.706626,1.753884,0.024716,21,-0.040798,84408.522919,67389.80845,110732.959757,3.269727,6,-5.895031,4.207487,4.155123,4.294658,0.087171,16,-0.336807,12243011.855362,9951514.284967,16090617.298671,9.577201,3,-5.551971,610.467519,604.357677,626.34124,15.87372,12,-0.049892
2022-09-10,"Buns, crispbread and biscuits",15756.9105,19919.556642857144,1123378.7042857143,4.713493571428572,5.960831285714286,336.0104967142857,10,14,17,8,14641.766396,7038.073033,18824.045329,1.466692,11,7.616186,4.567265,3.926231,4.713494,0.641034,10,3.201658,18464.739406,8809.09675,23471.154129,0.715267,15,7.878894,5.761494,4.890149,5.974548,0.871345,12,3.459827,1107429.666344,654959.338583,1873560.941871,0.866296,17,1.440185,345.52277,336.010497,388.190236,42.667466,17,-2.753009
2022-09-10,Cakes and puddings,11382.008185714285,22835.587642857143,1681841.5038428572,3.900661,7.826361857142857,576.1620551428571,13,13,13,8,12052.166693,9446.5345,27323.8271,1.207288,13,-5.560482,3.866842,3.605168,4.120057,0.261674,12,0.874596,24195.206302,19153.708186,54549.739343,0.937248,13,-5.619372,7.761808,7.357303,8.090825,0.404506,11,0.83168,1796396.537273,1442834.604586,4056742.431329,1.405247,13,-6.376935,574.910952,564.979312,581.588772,9.93164,13,0.217617
2022-09-10,Chocolate,50777.50498571428,87834.11705714287,2686836.146442857,26.658622714285713,46.112769285714286,1410.4651274285713,5,5,10,8,58315.82945,28150.229133,132547.293257,5.841603,5,-12.926721,26.648336,26.635705,26.70231,0.053974,3,0.038602,100886.00487,48669.253133,229294.0415,3.908014,5,-12.937263,46.100992,46.086531,46.162786,0.061793,2,0.025546,3087731.596088,1485490.099517,7016207.887686,2.415405,10,-12.983494,1410.912515,1408.565066,1411.461877,2.347449,5,-0.031709
2022-09-10,Confectionery products,2466.0205285714287,3871.4593142857143,332281.79648571427,3.4028020000000003,5.340018571428572,456.5470577142857,25,24,24,8,2639.015552,1230.34235,3506.494586,0.264355,26,-6.555286,3.375115,3.076151,3.996045,0.620931,13,0.820335,4173.185967,1949.08865,5594.6689,0.161656,24,-7.230127,5.335199,4.888743,6.384052,1.048852,14,0.090329,365423.519615,182796.127083,451633.892,0.285856,24,-9.069401,467.73042,451.206086,488.80262,21.0722,14,-2.390985
2022-09-10,Dairy alternative,2462.127557142857,1763.5964000000001,71151.90171428572,0.9802787142857143,0.7021402857142858,28.32484157142857,26,27,29,8,2660.652938,1800.759517,3323.2613,0.266522,25,-7.461529,0.980224,0.980018,0.980467,0.000243,24,0.00557,1904.762021,1287.6059,2379.9254,0.073785,27,-7.411195,0.701721,0.700136,0.703588,0.001867,27,0.059794,76719.871596,51670.4985,95957.073143,0.060015,29,-7.257533,28.261161,28.02064,28.544487,0.283326,29,0.225329
2022-09-10,Dairy products and eggs,219754.78564285714,671637.2315285715,45826449.40351428,4.693316285714286,14.348977428571429,978.8977837142858,1,2,1,8,232477.799758,181843.006267,351065.404543,23.287725,1,-5.472787,4.695567,4.563031,5.229134,0.533567,8,-0.047929,710535.102733,556267.420133,1103935.183871,27.523948,2,-5.474448,14.350037,13.874504,16.437715,2.087678,7,-0.007383,48504478.375397,37951671.559517,74580377.351429,37.943045,1,-5.521199,979.638118,947.127741,1110.38497,130.746852,8,-0.075572
2022-09-10,Dried fruit and nuts,1199.3308857142856,6872.3932428571425,1841678.5505000001,1.9069154285714285,10.933417714285714,2930.361559285714,28,20,12,8,1354.723428,1038.388929,3492.095486,0.135705,28,-11.470426,1.889388,1.871719,1.912103,0.022716,18,0.927681,7856.897445,6027.1344,20353.999714,0.304352,20,-12.530445,10.957706,10.926228,10.982189,0.031477,9,-0.221653,2111373.829218,1619963.4337,5475933.913743,1.65164,12,-12.77345,2944.647013,2926.133188,2959.04748,18.513825,2,-0.485133
2022-09-10,Edible oils and plant-based spreads,10552.01807142857,29022.434285714287,1968147.935557143,4.558122285714286,12.554221,851.1417351428571,14,10,11,8,11516.024682,7616.68445,19449.161571,1.153581,14,-8.371002,4.571062,4.524855,4.614628,0.046207,9,-0.283084,32326.766906,21393.85755,58323.040243,1.25224,9,-10.221661,12.826853,12.319996,13.748304,0.921451,8,-2.125479,2159306.817661,1382403.26375,3664321.3365,1.689136,11,-8.852789,859.015758,796.975647,904.810217,62.040111,9,-0.916633
2022-09-10,Fish and fish products,40959.562042857135,23631.220457142856,10644772.589,14.174099857142858,8.178086285714285,3683.767255714286,6,12,4,8,44048.218618,32840.772867,56109.634029,4.41239,6,-7.01199,14.279638,14.164105,14.795633,0.515995,5,-0.739083,25097.448283,17677.2765,30066.8442,0.972198,12,-5.842139,8.135042,7.924591,8.182162,0.210451,10,0.529123,11359882.239798,8182560.301667,13942633.360857,8.886365,4,-6.295045,3682.364329,3675.505187,3683.900114,6.859142,1,0.038099
2022-09-10,"Fresh, chilled or frozen fruit",14565.68282857143,23953.302342857143,2975400.8487857142,0.8781922857142856,1.4445427142857141,179.36039214285714,11,11,9,8,15789.317297,10891.896033,19602.676833,1.581645,10,-7.749762,0.869141,0.801294,0.91134,0.067847,26,1.041388,26149.090577,18436.855767,31249.10995,1.012935,11,-8.397188,1.440723,1.375786,1.496551,0.064936,24,0.265151,3309952.701717,2308666.66155,4022982.239033,2.589239,9,-10.107451,182.199418,171.490344,193.700603,11.501184,24,-1.558197
2022-09-10,Fruit and vegetable juices,3704.9772857142857,6053.1526,909005.8490857143,0.5456215714285715,0.8904801428571429,133.99163042857143,22,21,19,8,3956.552029,3322.8124,6014.348971,0.396335,21,-6.358434,0.549655,0.523444,0.565905,0.026211,27,-0.733874,6420.381727,5507.827633,10098.037914,0.248706,21,-5.71974,0.890925,0.874856,0.907908,0.016983,26,-0.049939,957660.438973,802306.9711,1466231.447171,0.749138,19,-5.080568,133.064152,127.725177,136.908499,5.338975,25,0.697016
2022-09-10,"Leafy and stem vegetables, including cabbages",2481.988585714286,2511.894657142857,524341.3421571428,0.5264015714285714,0.5317578571428572,111.08319428571428,24,26,23,8,2757.371029,2291.510433,5559.985586,0.276211,24,-9.987138,0.52777,0.516959,0.544295,0.016525,28,-0.259286,2803.538455,2332.706917,5906.793629,0.1086,26,-10.402704,0.535526,0.508317,0.556186,0.027209,29,-0.703663,582885.201471,490911.0199,1223458.897614,0.455967,23,-10.043806,111.33321,109.938657,113.745759,2.412549,26,-0.224566
2022-09-10,Meat alternative,2075.573957142857,2514.6871285714287,111259.04435714286,3.1787742857142858,3.850899857142857,170.403424,27,25,27,8,2334.920785,1507.460183,3546.6332,0.233893,27,-11.107307,3.203856,3.15683,3.258684,0.054828,14,-0.782863,2935.016621,1767.951217,4661.065671,0.113694,25,-14.321196,4.007139,3.664715,4.363268,0.356129,17,-3.899019,134877.095393,76279.345517,224216.564714,0.105509,27,-17.510795,183.238195,156.950947,211.128878,27.890684,23,-7.004419
2022-09-10,Other Meat,143062.84534285715,314863.7828714285,11680616.998042857,14.553733142857142,32.10374342857143,1185.9214788571428,3,3,2,8,155605.134295,120499.749017,240673.170914,15.58725,3,-8.060331,14.54359,13.440539,15.963764,1.420174,4,0.069744,346493.577259,242973.5198,463373.103614,13.422097,3,-9.128537,32.476188,26.094584,40.120317,7.644129,4,-1.146825,12871723.378448,10935977.428233,23519542.951257,10.069016,2,-9.253667,1196.865944,1171.617404,1306.265527,109.399583,7,-0.914427
2022-09-10,Other vegetables,19618.56015714286,44692.86114285714,3784918.3514857143,1.3497888571428571,3.076661571428571,260.40481757142857,9,7,6,8,21710.047346,15914.283133,28532.786986,2.174735,9,-9.633729,1.356362,1.328676,1.385649,0.029287,22,-0.484614,48418.258862,34800.809067,62979.575171,1.875575,7,-7.6942,3.024343,2.70005,3.328264,0.324293,20,1.729919,4158886.236624,3003937.482633,5335174.981029,3.253324,6,-8.99202,259.81835,251.354083,267.523771,8.464267,21,0.225722
2022-09-10,Pasta products,3751.0957571428567,8129.887857142857,1393142.5103714284,1.7656337142857144,3.8265387142857143,655.9006545714285,21,19,14,8,3786.170854,2469.686283,4294.3287,0.379268,22,-0.9264,1.768948,1.755839,1.788505,0.019556,20,-0.187374,8190.71269,5343.18925,9354.024514,0.317283,19,-0.742607,3.82556,3.819282,3.831063,0.006278,18,0.025585,1402184.256253,917760.774833,1595015.077443,1.096871,14,-0.644833,655.192799,650.769265,663.292973,8.100175,11,0.108038
2022-09-10,Pastry (savoury),11837.789657142857,30076.40954285714,848919.7222999999,9.094426714285714,23.115295857142858,651.7037564285714,12,9,21,8,12126.324274,10321.05505,19579.955629,1.214716,12,-2.379407,8.741523,6.799252,9.710859,1.942272,7,4.037092,29965.389169,23568.996617,40972.183471,1.160767,10,0.370495,21.659973,14.495135,25.177449,7.164837,6,6.718953,922921.302795,826556.673571,1901873.346986,0.721963,20,-8.01819,662.523247,612.539212,710.974256,49.984035,10,-1.633073
2022-09-10,"Potatoes, root crops, non-starchy bulbs and mushrooms",8699.513771428572,13055.26137142857,930877.0208571429,0.46391971428571427,0.6959797142857143,49.604460857142854,16,16,18,8,9479.581166,7237.189171,19570.309457,0.949587,16,-8.228923,0.46348,0.458367,0.464637,0.005112,29,0.094932,14246.901157,10888.947086,28934.506829,0.551881,16,-8.364203,0.697227,0.679129,0.705335,0.018099,28,-0.178961,1017563.41704,774128.405286,2033935.952857,0.795998,18,-8.519017,49.794536,47.743595,50.189854,2.050941,28,-0.38172
2022-09-10,Preserved fruit and fruit based products,709.6778285714287,1042.2764857142859,150515.31404285715,0.8748934285714285,1.2852344285714286,185.589226,29,30,25,8,792.376834,427.837867,909.3098,0.079374,29,-10.436828,0.873013,0.862756,0.878507,0.010257,25,0.215348,1172.190112,623.814667,1352.714314,0.045407,30,-11.082983,1.290893,1.277285,1.314326,0.023434,25,-0.438344,168954.540101,90254.870717,194439.635686,0.132166,25,-10.91372,186.086047,184.937372,188.026297,1.940251,22,-0.266984
2022-09-10,Ready meals,65984.99207142857,218486.6660714286,7491929.469357143,11.272634,37.31130028571429,1276.7429262857145,4,4,5,8,69234.105759,59992.4463,88710.792357,6.935307,4,-4.692938,11.115542,10.328625,11.579405,0.786918,6,1.41326,227633.511184,196833.1531,286054.254,8.817823,4,-4.018233,36.533255,33.59909,38.377942,2.934165,3,2.129692,8015120.061351,6754268.6726,9946543.391871,6.269897,5,-6.527545,1287.886634,1233.17431,1329.759094,54.712323,6,-0.865271
2022-09-10,Rice,6850.365028571429,4328.172857142857,3455074.0735857147,4.417604428571429,2.7914245714285713,2227.9826025714287,17,23,7,8,6693.004805,4764.563817,7877.731471,0.670451,18,2.351115,4.413957,4.395409,4.435112,0.021155,11,0.082631,4231.196538,3004.00565,4992.0532,0.163904,23,2.291936,2.790459,2.785549,2.796059,0.0056,21,0.034595,3374950.652558,2405027.938333,3968670.926971,2.640084,8,2.374062,2225.728891,2214.268126,2238.80079,13.071899,3,0.101257
2022-09-10,"Salt, spices, culinary herbs and other food products",472.35235714285716,1122.9848,121343.42082857143,1.0399628571428572,2.4692692857142857,267.5140314285714,30,29,26,8,516.810652,379.375457,1145.614886,0.05177,30,-8.602434,1.074819,0.809817,1.221574,0.265002,23,-3.242975,1349.002485,884.187243,3982.261571,0.052256,29,-16.754431,2.758251,1.860042,4.102337,1.344086,22,-10.476975,163697.872327,91196.791014,737993.111686,0.128054,26,-25.87355,323.367205,227.575549,684.446814,361.079609,19,-17.272368
2022-09-10,"Sauces, condiments",9092.68642857143,18108.975257142858,1262975.271157143,2.2719497142857144,4.527991857142857,315.1696632857143,15,15,15,8,9741.672716,6612.831643,16390.927014,0.975841,15,-6.661959,2.272242,2.219467,2.334464,0.062222,16,-0.012853,19720.604072,13509.463229,32628.764671,0.763916,14,-8.17231,4.633239,4.137111,5.845381,1.212142,15,-2.271567,1352646.415272,951675.764257,2346649.088014,1.058119,16,-6.629311,315.774797,298.01131,338.335853,22.561056,20,-0.191635
2022-09-10,Savoury snacks,3147.3416714285713,10079.367199999999,608027.3064428571,1.7529155714285716,5.615981,338.71897842857146,23,17,22,8,3508.406924,2934.376717,6976.290086,0.351444,23,-10.29143,1.778011,1.72737,1.930614,0.152603,19,-1.411427,11150.688654,9137.195133,21948.036743,0.431943,17,-9.607671,5.653864,5.480259,6.146643,0.492779,13,-0.670043,678020.444067,547013.339467,1387744.531357,0.530387,22,-10.32316,343.50234,316.547979,437.715846,94.213506,18,-1.392527
2022-09-10,"Soft drinks (inc. fizzy and ready to drink fruit drinks), mineral or spring water",4934.876714285715,1323.9906428571428,57139.855828571424,0.2114697142857143,0.056536857142857146,2.4653694285714285,20,28,30,8,5649.728345,4618.665886,10412.868729,0.565944,19,-12.65285,0.21015,0.205601,0.225306,0.015156,30,0.628175,1483.983748,1169.996771,3335.102614,0.057485,28,-10.781325,0.055049,0.049885,0.071721,0.016672,30,2.702903,65043.039427,52897.311257,116022.955314,0.05088,30,-12.150698,2.439413,2.236549,2.64423,0.204817,30,1.064056
2022-09-10,"Sugar, sugar products, jams and marmalades",5271.892914285714,4403.827328571429,907778.3685,2.177825,1.8195409999999999,375.031023,19,22,20,8,5300.058234,3688.53565,8378.2543,0.530917,20,-0.531415,2.154882,2.107335,2.194137,0.047547,17,1.064702,4454.640753,3104.651483,7005.104414,0.172559,22,-1.140685,1.811221,1.793978,1.825456,0.017243,23,0.45936,914944.404727,637128.790567,1443213.123371,0.715723,21,-0.783221,372.001013,365.721601,377.185269,6.279412,16,0.814516
2022-09-10,"Tea, coffee, cocoa and powdered chocolate",37205.44164285714,39334.60665714286,94709.90648571428,26.96488942857143,28.48913257142857,68.62883757142858,7,8,28,8,39709.720555,28327.34405,54265.222929,3.977795,7,-6.306463,26.740506,26.019858,27.627357,0.88685,2,0.839113,42263.378573,30278.014383,59652.770557,1.637153,8,-6.92981,28.425734,27.112628,30.299542,1.873808,5,0.223033,99012.963197,64382.544514,171887.487971,0.077454,28,-4.345953,66.404043,50.741391,87.517516,21.113474,27,3.350391
2022-09-17,"Baker's yeast, dessert preparations, soups",7375.203885714285,8950.1117,1272438.2075999998,2.584488428571429,3.132964857142857,440.57521242857143,17,18,15,8,7985.690448,5158.9966,11109.725871,0.799941,17,-7.644756,2.638836,2.399434,3.01519,0.376354,15,-2.059516,10133.984543,7743.733817,12772.186,0.392559,18,-11.682205,3.457694,2.339541,5.233981,1.776287,19,-9.391507,1385906.736596,932849.351929,1911053.4077,1.084137,15,-8.187313,459.239816,405.329624,545.753175,86.513359,15,-4.064239
2022-09-17,Beef and Lamb,206611.0242142857,752564.1226857143,3397084.2605714286,92.43624557142857,331.33901757142854,1492.489317142857,2,1,7,8,207224.686107,139791.837786,342066.711086,20.758075,2,-0.296134,90.78412,81.878412,93.473207,8.905708,1,1.81984,762451.264726,511727.556257,1210221.180571,29.535021,1,-1.296757,332.544384,330.582466,339.041855,6.497471,1,-0.362468,3446260.019342,2311457.704143,5441731.711429,2.695867,7,-1.426931,1502.220715,1486.381377,1554.67736,52.456645,4,-0.647801
2022-09-17,Breads and cereals,32607.499914285716,79318.8203857143,11526571.009785714,1.725483,4.194860285714285,613.1598172857142,8,6,2,8,34676.828332,27259.42595,44667.298843,3.473641,8,-5.967467,1.729168,1.706626,1.753884,0.024716,21,-0.213086,84408.522919,67389.80845,110732.959757,3.269727,6,-6.029844,4.207487,4.155123,4.294658,0.087171,16,-0.300111,12243011.855362,9951514.284967,16090617.298671,9.577201,3,-5.851835,610.467519,604.357677,626.34124,15.87372,12,0.441022
2022-09-17,"Buns, crispbread and biscuits",14530.832957142859,18216.534914285712,1082835.9681142857,4.6473131428571435,5.846801999999999,338.43451814285714,10,14,17,8,14641.766396,7038.073033,18824.045329,1.466692,11,-0.757651,4.567265,3.926231,4.713494,0.641034,10,1.752641,18464.739406,8809.09675,23471.154129,0.715267,15,-1.344208,5.761494,4.890149,5.974548,0.871345,12,1.480665,1107429.666344,654959.338583,1873560.941871,0.866296,17,-2.220791,345.52277,336.010497,388.190236,42.667466,17,-2.051457
2022-09-17,Cakes and puddings,11048.129700000001,22278.876171428572,1670239.022257143,3.9655212857142854,7.887809142857143,572.2886677142858,13,13,13,8,12052.166693,9446.5345,27323.8271,1.207288,13,-8.330759,3.866842,3.605168,4.120057,0.261674,12,2.551942,24195.206302,19153.708186,54549.739343,0.937248,13,-7.920288,7.761808,7.357303,8.090825,0.404506,11,1.623342,1796396.537273,1442834.604586,4056742.431329,1.405247,13,-7.02281,574.910952,564.979312,581.588772,9.93164,13,-0.45612
2022-09-17,Chocolate,53469.76338571428,92498.35482857144,2830482.802142857,26.64771042857143,46.100275714285715,1410.9397495714286,5,5,10,8,58315.82945,28150.229133,132547.293257,5.841603,5,-8.310035,26.648336,26.635705,26.70231,0.053974,3,-0.002348,100886.00487,48669.253133,229294.0415,3.908014,5,-8.313988,46.100992,46.086531,46.162786,0.061793,2,-0.001555,3087731.596088,1485490.099517,7016207.887686,2.415405,10,-8.33132,1410.912515,1408.565066,1411.461877,2.347449,5,0.00193
2022-09-17,Confectionery products,2314.162257142857,3654.152114285714,332702.8191285714,3.297239714285714,5.193921142857143,462.6572194285714,25,24,24,8,2639.015552,1230.34235,3506.494586,0.264355,26,-12.309639,3.375115,3.076151,3.996045,0.620931,13,-2.30733,4173.185967,1949.08865,5594.6689,0.161656,24,-12.437353,5.335199,4.888743,6.384052,1.048852,14,-2.648039,365423.519615,182796.127083,451633.892,0.285856,24,-8.954186,467.73042,451.206086,488.80262,21.0722,14,-1.084642
2022-09-17,Dairy alternative,2307.800885714286,1651.2045,66390.20571428571,0.9801412857142857,0.701085,28.164660142857144,26,27,29,8,2660.652938,1800.759517,3323.2613,0.266522,25,-13.261859,0.980224,0.980018,0.980467,0.000243,24,-0.00845,1904.762021,1287.6059,2379.9254,0.073785,27,-13.311769,0.701721,0.700136,0.703588,0.001867,27,-0.090591,76719.871596,51670.4985,95957.073143,0.060015,29,-13.464133,28.261161,28.02064,28.544487,0.283326,29,-0.341461
2022-09-17,Dairy products and eggs,215245.23074285712,658373.2420571428,44901182.31714285,4.6413014285714285,14.143629714285714,966.135298,1,2,1,8,232477.799758,181843.006267,351065.404543,23.287725,1,-7.412565,4.695567,4.563031,5.229134,0.533567,8,-1.155673,710535.102733,556267.420133,1103935.183871,27.523948,2,-7.341208,14.350037,13.874504,16.437715,2.087678,7,-1.438374,48504478.375397,37951671.559517,74580377.351429,37.943045,1,-7.42879,979.638118,947.127741,1110.38497,130.746852,8,-1.378348
2022-09-17,Dried fruit and nuts,1168.7204428571429,6713.098557142856,1799994.8080428573,1.8932798571428573,10.952315142857143,2941.4772504285716,28,20,12,8,1354.723428,1038.388929,3492.095486,0.135705,28,-13.72996,1.889388,1.871719,1.912103,0.022716,18,0.205989,7856.897445,6027.1344,20353.999714,0.304352,20,-14.557895,10.957706,10.926228,10.982189,0.031477,9,-0.049195,2111373.829218,1619963.4337,5475933.913743,1.65164,12,-14.747697,2944.647013,2926.133188,2959.04748,18.513825,2,-0.107645
2022-09-17,Edible oils and plant-based spreads,10344.721300000001,28678.047957142855,1957636.8298142855,4.5248548571428575,12.34137157142857,826.7595624285714,14,10,11,8,11516.024682,7616.68445,19449.161571,1.153581,14,-10.171074,4.571062,4.524855,4.614628,0.046207,9,-1.010868,32326.766906,21393.85755,58323.040243,1.25224,9,-11.28699,12.826853,12.319996,13.748304,0.921451,8,-3.784883,2159306.817661,1382403.26375,3664321.3365,1.689136,11,-9.339571,859.015758,796.975647,904.810217,62.040111,9,-3.755018
2022-09-17,Fish and fish products,39478.44475714285,22738.405371428573,10249228.582,14.259294428571428,8.143339428571428,3682.6347685714286,6,12,4,8,44048.218618,32840.772867,56109.634029,4.41239,6,-10.374481,14.279638,14.164105,14.795633,0.515995,5,-0.142468,25097.448283,17677.2765,30066.8442,0.972198,12,-9.399533,8.135042,7.924591,8.182162,0.210451,10,0.101997,11359882.239798,8182560.301667,13942633.360857,8.886365,4,-9.776982,3682.364329,3675.505187,3683.900114,6.859142,1,0.007344
2022-09-17,"Fresh, chilled or frozen fruit",13917.354642857143,22988.869642857142,2846725.7034,0.870021,1.4382562857142855,180.62471585714283,11,11,9,8,15789.317297,10891.896033,19602.676833,1.581645,10,-11.855881,0.869141,0.801294,0.91134,0.067847,26,0.101232,26149.090577,18436.855767,31249.10995,1.012935,11,-12.085395,1.440723,1.375786,1.496551,0.064936,24,-0.171187,3309952.701717,2308666.66155,4022982.239033,2.589239,9,-13.994973,182.199418,171.490344,193.700603,11.501184,24,-0.864274
2022-09-17,Fruit and vegetable juices,3565.083542857143,5794.927471428571,871542.8136571428,0.5450321428571429,0.8936791428571428,132.5223117142857,21,21,20,8,3956.552029,3322.8124,6014.348971,0.396335,21,-9.894183,0.549655,0.523444,0.565905,0.026211,27,-0.84111,6420.381727,5507.827633,10098.037914,0.248706,21,-9.741699,0.890925,0.874856,0.907908,0.016983,26,0.309126,957660.438973,802306.9711,1466231.447171,0.749138,19,-8.992501,133.064152,127.725177,136.908499,5.338975,25,-0.407202
2022-09-17,"Leafy and stem vegetables, including cabbages",2449.2887571428573,2495.1142,519710.3061428572,0.5271661428571429,0.5312461428571428,111.70650057142858,24,25,23,8,2757.371029,2291.510433,5559.985586,0.276211,24,-11.173044,0.52777,0.516959,0.544295,0.016525,28,-0.114418,2803.538455,2332.706917,5906.793629,0.1086,26,-11.001249,0.535526,0.508317,0.556186,0.027209,29,-0.799217,582885.201471,490911.0199,1223458.897614,0.455967,23,-10.838308,111.33321,109.938657,113.745759,2.412549,26,0.335291
2022-09-17,Meat alternative,1973.5747428571428,2387.908442857143,105910.59488571428,3.178179142857143,3.7987137142857144,167.65453414285713,27,26,27,8,2334.920785,1507.460183,3546.6332,0.233893,27,-15.47573,3.203856,3.15683,3.258684,0.054828,14,-0.801438,2935.016621,1767.951217,4661.065671,0.113694,25,-18.640718,4.007139,3.664715,4.363268,0.356129,17,-5.201348,134877.095393,76279.345517,224216.564714,0.105509,27,-21.476219,183.238195,156.950947,211.128878,27.890684,23,-8.504592
2022-09-17,Other Meat,139782.03262857144,303373.35482857144,11510043.925142856,14.347649857142857,30.99202557142857,1177.6731374285714,3,3,3,8,155605.134295,120499.749017,240673.170914,15.58725,3,-10.168753,14.54359,13.440539,15.963764,1.420174,4,-1.34726,346493.577259,242973.5198,463373.103614,13.422097,3,-12.444739,32.476188,26.094584,40.120317,7.644129,4,-4.570003,12871723.378448,10935977.428233,23519542.951257,10.069016,2,-10.578843,1196.865944,1171.617404,1306.265527,109.399583,7,-1.603589
2022-09-17,Other vegetables,19383.51087142857,44490.555799999995,3739248.0812,1.3532724285714284,3.0468375714285716,259.91756,9,7,6,8,21710.047346,15914.283133,28532.786986,2.174735,9,-10.716404,1.356362,1.328676,1.385649,0.029287,22,-0.227782,48418.258862,34800.809067,62979.575171,1.875575,7,-8.112029,3.024343,2.70005,3.328264,0.324293,20,0.743787,4158886.236624,3003937.482633,5335174.981029,3.253324,6,-10.090157,259.81835,251.354083,267.523771,8.464267,21,0.038184
2022-09-17,Pasta products,3547.224114285714,7675.572414285714,1317462.0508857144,1.7737774285714285,3.8212515714285713,663.2929734285715,22,19,14,8,3786.170854,2469.686283,4294.3287,0.379268,22,-6.31104,1.768948,1.755839,1.788505,0.019556,20,0.272996,8190.71269,5343.18925,9354.024514,0.317283,19,-6.289322,3.82556,3.819282,3.831063,0.006278,18,-0.112621,1402184.256253,917760.774833,1595015.077443,1.096871,14,-6.042159,655.192799,650.769265,663.292973,8.100175,11,1.236304
2022-09-17,Pastry (savoury),11490.667714285713,29056.966285714287,832692.4023285714,8.746642285714286,21.659214285714285,659.7352448571428,12,9,21,8,12126.324274,10321.05505,19579.955629,1.214716,12,-5.241956,8.741523,6.799252,9.710859,1.942272,7,0.058558,29965.389169,23568.996617,40972.183471,1.160767,10,-3.031574,21.659973,14.495135,25.177449,7.164837,6,-0.003501,922921.302795,826556.673571,1901873.346986,0.721963,20,-9.776446,662.523247,612.539212,710.974256,49.984035,10,-0.420816
2022-09-17,"Potatoes, root crops, non-starchy bulbs and mushrooms",8831.402285714286,13216.753328571429,945944.6132857142,0.464038,0.7019857142857143,50.16850742857143,16,16,18,8,9479.581166,7237.189171,19570.309457,0.949587,16,-6.837632,0.46348,0.458367,0.464637,0.005112,29,0.120454,14246.901157,10888.947086,28934.506829,0.551881,16,-7.23068,0.697227,0.679129,0.705335,0.018099,28,0.68245,1017563.41704,774128.405286,2033935.952857,0.795998,18,-7.038264,49.794536,47.743595,50.189854,2.050941,28,0.751028
2022-09-17,Preserved fruit and fruit based products,696.5919142857143,1024.662057142857,147911.57095714286,0.8753092857142857,1.2843167142857141,185.51398285714285,29,30,25,8,792.376834,427.837867,909.3098,0.079374,29,-12.088304,0.873013,0.862756,0.878507,0.010257,25,0.262982,1172.190112,623.814667,1352.714314,0.045407,30,-12.585676,1.290893,1.277285,1.314326,0.023434,25,-0.509436,168954.540101,90254.870717,194439.635686,0.132166,25,-12.454811,186.086047,184.937372,188.026297,1.940251,22,-0.307419
2022-09-17,Ready meals,64473.68411428571,213075.25394285712,7339178.039342857,11.175787428571429,36.81286114285714,1298.7131734285715,4,4,5,8,69234.105759,59992.4463,88710.792357,6.935307,4,-6.875833,11.115542,10.328625,11.579405,0.786918,6,0.541989,227633.511184,196833.1531,286054.254,8.817823,4,-6.395481,36.533255,33.59909,38.377942,2.934165,3,0.765348,8015120.061351,6754268.6726,9946543.391871,6.269897,5,-8.433336,1287.886634,1233.17431,1329.759094,54.712323,6,0.840644
2022-09-17,Rice,6692.655285714286,4228.996928571428,3375386.3718142854,4.421518571428572,2.792460857142857,2230.401248142857,18,23,8,8,6693.004805,4764.563817,7877.731471,0.670451,18,-0.005222,4.413957,4.395409,4.435112,0.021155,11,0.171308,4231.196538,3004.00565,4992.0532,0.163904,23,-0.051986,2.790459,2.785549,2.796059,0.0056,21,0.071732,3374950.652558,2405027.938333,3968670.926971,2.640084,8,0.01291,2225.728891,2214.268126,2238.80079,13.071899,3,0.209925
2022-09-17,"Salt, spices, culinary herbs and other food products",551.2428428571428,1409.9276142857143,139718.91662857143,1.2110061428571428,3.0868879999999996,306.33495042857146,30,28,26,8,516.810652,379.375457,1145.614886,0.05177,30,6.662438,1.074819,0.809817,1.221574,0.265002,23,12.670709,1349.002485,884.187243,3982.261571,0.052256,29,4.51631,2.758251,1.860042,4.102337,1.344086,22,11.914708,163697.872327,91196.791014,737993.111686,0.128054,26,-14.6483,323.367205,227.575549,684.446814,361.079609,19,-5.267156
2022-09-17,"Sauces, condiments",9009.559357142858,17982.771585714287,1269432.731314286,2.276276857142857,4.659060714285714,320.44899399999997,15,15,16,8,9741.672716,6612.831643,16390.927014,0.975841,15,-7.515274,2.272242,2.219467,2.334464,0.062222,16,0.177582,19720.604072,13509.463229,32628.764671,0.763916,14,-8.812268,4.633239,4.137111,5.845381,1.212142,15,0.557315,1352646.415272,951675.764257,2346649.088014,1.058119,16,-6.151917,315.774797,298.01131,338.335853,22.561056,20,1.480231
2022-09-17,Savoury snacks,3183.4374857142857,10181.918942857143,606162.4063142857,1.7300595714285714,5.529831,326.29981657142855,23,17,22,8,3508.406924,2934.376717,6976.290086,0.351444,23,-9.262593,1.778011,1.72737,1.930614,0.152603,19,-2.696909,11150.688654,9137.195133,21948.036743,0.431943,17,-8.687981,5.653864,5.480259,6.146643,0.492779,13,-2.19378,678020.444067,547013.339467,1387744.531357,0.530387,22,-10.598211,343.50234,316.547979,437.715846,94.213506,18,-5.007979
2022-09-17,"Soft drinks (inc. fizzy and ready to drink fruit drinks), mineral or spring water",4802.1725857142865,1316.3178285714287,54833.537728571435,0.2144124285714286,0.060197714285714285,2.584993285714286,20,29,30,8,5649.728345,4618.665886,10412.868729,0.565944,19,-15.001708,0.21015,0.205601,0.225306,0.015156,30,2.02847,1483.983748,1169.996771,3335.102614,0.057485,28,-11.298366,0.055049,0.049885,0.071721,0.016672,30,9.35309,65043.039427,52897.311257,116022.955314,0.05088,30,-15.696532,2.439413,2.236549,2.64423,0.204817,30,5.967854
2022-09-17,"Sugar, sugar products, jams and marmalades",5235.554442857143,4380.4915,902117.0018,2.1933887142857142,1.8251844285714287,377.08643742857146,19,22,19,8,5300.058234,3688.53565,8378.2543,0.530917,20,-1.217039,2.154882,2.107335,2.194137,0.047547,17,1.786956,4454.640753,3104.651483,7005.104414,0.172559,22,-1.664539,1.811221,1.793978,1.825456,0.017243,23,0.770942,914944.404727,637128.790567,1443213.123371,0.715723,21,-1.401987,372.001013,365.721601,377.185269,6.279412,16,1.367046
2022-09-17,"Tea, coffee, cocoa and powdered chocolate",37091.3275,39564.210985714286,91838.19622857143,27.035718142857142,28.976301,73.03628371428572,7,8,28,8,39709.720555,28327.34405,54265.222929,3.977795,7,-6.593834,26.740506,26.019858,27.627357,0.88685,2,1.103987,42263.378573,30278.014383,59652.770557,1.637153,8,-6.38654,28.425734,27.112628,30.299542,1.873808,5,1.936862,99012.963197,64382.544514,171887.487971,0.077454,28,-7.246291,66.404043,50.741391,87.517516,21.113474,27,9.987707
2022-09-24,"Baker's yeast, dessert preparations, soups",8541.8051,9794.523442857142,1457237.7529142858,2.516432714285714,2.851184285714286,428.78945942857143,17,18,14,8,7985.690448,5158.9966,11109.725871,0.799941,17,6.963889,2.638836,2.399434,3.01519,0.376354,15,-4.638522,10133.984543,7743.733817,12772.186,0.392559,18,-3.34973,3.457694,2.339541,5.233981,1.776287,19,-17.540884,1385906.736596,932849.351929,1911053.4077,1.084137,15,5.146884,459.239816,405.329624,545.753175,86.513359,15,-6.6306
2022-09-24,Beef and Lamb,215514.44977142854,791141.1240857142,3574872.5175714283,90.67396757142856,332.6247491428571,1502.8695352857142,2,1,7,8,207224.686107,139791.837786,342066.711086,20.758075,2,4.000375,90.78412,81.878412,93.473207,8.905708,1,-0.121334,762451.264726,511727.556257,1210221.180571,29.535021,1,3.762845,332.544384,330.582466,339.041855,6.497471,1,0.024167,3446260.019342,2311457.704143,5441731.711429,2.695867,7,3.731944,1502.220715,1486.381377,1554.67736,52.456645,4,0.043191
2022-09-24,Breads and cereals,32810.44464285714,79819.49758571429,11559747.843657142,1.7302582857142856,4.207594571428571,609.0425762857143,8,6,3,8,34676.828332,27259.42595,44667.298843,3.473641,8,-5.382221,1.729168,1.706626,1.753884,0.024716,21,0.063075,84408.522919,67389.80845,110732.959757,3.269727,6,-5.436685,4.207487,4.155123,4.294658,0.087171,16,0.002547,12243011.855362,9951514.284967,16090617.298671,9.577201,3,-5.580849,610.467519,604.357677,626.34124,15.87372,12,-0.233418
2022-09-24,"Buns, crispbread and biscuits",14239.489742857142,17777.70205714286,1087634.3852142857,4.494436285714285,5.610254714285714,343.43709442857147,10,15,17,8,14641.766396,7038.073033,18824.045329,1.466692,11,-2.74746,4.567265,3.926231,4.713494,0.641034,10,-1.594588,18464.739406,8809.09675,23471.154129,0.715267,15,-3.720807,5.761494,4.890149,5.974548,0.871345,12,-2.624994,1107429.666344,654959.338583,1873560.941871,0.866296,17,-1.787498,345.52277,336.010497,388.190236,42.667466,17,-0.603629
2022-09-24,Cakes and puddings,11211.596757142857,22675.456714285712,1719969.3878571428,3.744761285714286,7.571569571428571,574.0156347142857,13,13,13,8,12052.166693,9446.5345,27323.8271,1.207288,13,-6.97443,3.866842,3.605168,4.120057,0.261674,12,-3.15711,24195.206302,19153.708186,54549.739343,0.937248,13,-6.281201,7.761808,7.357303,8.090825,0.404506,11,-2.450961,1796396.537273,1442834.604586,4056742.431329,1.405247,13,-4.25447,574.910952,564.979312,581.588772,9.93164,13,-0.155732
2022-09-24,Chocolate,52861.26915714286,91453.8012142857,2799605.273057143,26.643224285714286,46.09514028571429,1411.1348327142857,5,5,10,8,58315.82945,28150.229133,132547.293257,5.841603,5,-9.353481,26.648336,26.635705,26.70231,0.053974,3,-0.019182,100886.00487,48669.253133,229294.0415,3.908014,5,-9.349368,46.100992,46.086531,46.162786,0.061793,2,-0.012694,3087731.596088,1485490.099517,7016207.887686,2.415405,10,-9.331327,1410.912515,1408.565066,1411.461877,2.347449,5,0.015757
2022-09-24,Confectionery products,2285.0894857142857,3618.1920571428573,341408.26728571433,3.1434694285714286,4.976832857142857,469.118429,26,24,24,8,2639.015552,1230.34235,3506.494586,0.264355,26,-13.411291,3.375115,3.076151,3.996045,0.620931,13,-6.863332,4173.185967,1949.08865,5594.6689,0.161656,24,-13.299046,5.335199,4.888743,6.384052,1.048852,14,-6.717021,365423.519615,182796.127083,451633.892,0.285856,24,-6.571896,467.73042,451.206086,488.80262,21.0722,14,0.296754
2022-09-24,Dairy alternative,2314.002057142857,1655.711,66579.96642857142,0.9801797142857142,0.7013788571428571,28.209292857142856,25,27,29,8,2660.652938,1800.759517,3323.2613,0.266522,25,-13.02879,0.980224,0.980018,0.980467,0.000243,24,-0.00453,1904.762021,1287.6059,2379.9254,0.073785,27,-13.075178,0.701721,0.700136,0.703588,0.001867,27,-0.048715,76719.871596,51670.4985,95957.073143,0.060015,29,-13.216791,28.261161,28.02064,28.544487,0.283326,29,-0.183532
2022-09-24,Dairy products and eggs,215673.1397,660480.1256857142,45001165.510057144,4.728009999999999,14.484202714285715,986.7258955714286,1,2,1,8,232477.799758,181843.006267,351065.404543,23.287725,1,-7.228501,4.695567,4.563031,5.229134,0.533567,8,0.690932,710535.102733,556267.420133,1103935.183871,27.523948,2,-7.044687,14.350037,13.874504,16.437715,2.087678,7,0.934951,48504478.375397,37951671.559517,74580377.351429,37.943045,1,-7.222659,979.638118,947.127741,1110.38497,130.746852,8,0.72351
2022-09-24,Dried fruit and nuts,1210.5691428571429,6929.9534,1856677.3617285714,1.908784142857143,10.930827714285714,2928.838308428571,28,20,12,8,1354.723428,1038.388929,3492.095486,0.135705,28,-10.640865,1.889388,1.871719,1.912103,0.022716,18,1.026587,7856.897445,6027.1344,20353.999714,0.304352,20,-11.797838,10.957706,10.926228,10.982189,0.031477,9,-0.245289,2111373.829218,1619963.4337,5475933.913743,1.65164,12,-12.063068,2944.647013,2926.133188,2959.04748,18.513825,2,-0.536862
2022-09-24,Edible oils and plant-based spreads,10602.5476,29808.373171428568,2022720.934957143,4.570729714285714,12.856068714285714,872.9262887142858,14,10,11,8,11516.024682,7616.68445,19449.161571,1.153581,14,-7.932226,4.571062,4.524855,4.614628,0.046207,9,-0.007275,32326.766906,21393.85755,58323.040243,1.25224,9,-7.790429,12.826853,12.319996,13.748304,0.921451,8,0.22777,2159306.817661,1382403.26375,3664321.3365,1.689136,11,-6.32545,859.015758,796.975647,904.810217,62.040111,9,1.619357
2022-09-24,Fish and fish products,40408.089,23052.197142857145,10429092.638571428,14.267767428571428,8.139883571428571,3682.522128142857,6,12,4,8,44048.218618,32840.772867,56109.634029,4.41239,6,-8.263966,14.279638,14.164105,14.795633,0.515995,5,-0.083131,25097.448283,17677.2765,30066.8442,0.972198,12,-8.149239,8.135042,7.924591,8.182162,0.210451,10,0.059516,11359882.239798,8182560.301667,13942633.360857,8.886365,4,-8.193655,3682.364329,3675.505187,3683.900114,6.859142,1,0.004285
2022-09-24,"Fresh, chilled or frozen fruit",14035.105728571429,23254.822728571427,2893157.0953714284,0.8575375714285715,1.4206192857142859,176.78556985714286,11,11,9,8,15789.317297,10891.896033,19602.676833,1.581645,10,-11.110117,0.869141,0.801294,0.91134,0.067847,26,-1.335063,26149.090577,18436.855767,31249.10995,1.012935,11,-11.068331,1.440723,1.375786,1.496551,0.064936,24,-1.395365,3309952.701717,2308666.66155,4022982.239033,2.589239,9,-12.592192,182.199418,171.490344,193.700603,11.501184,24,-2.971386
2022-09-24,Fruit and vegetable juices,3476.4746714285716,5613.670042857143,844344.0448,0.5439955714285715,0.8777751428571429,132.179281,22,21,20,8,3956.552029,3322.8124,6014.348971,0.396335,21,-12.13373,0.549655,0.523444,0.565905,0.026211,27,-1.029696,6420.381727,5507.827633,10098.037914,0.248706,21,-12.564855,0.890925,0.874856,0.907908,0.016983,26,-1.475985,957660.438973,802306.9711,1466231.447171,0.749138,19,-11.832628,133.064152,127.725177,136.908499,5.338975,25,-0.664996
2022-09-24,"Leafy and stem vegetables, including cabbages",2462.9801714285713,2522.9144142857144,524768.3881142858,0.5241735714285715,0.536201,111.57285242857142,24,25,23,8,2757.371029,2291.510433,5559.985586,0.276211,24,-10.676505,0.52777,0.516959,0.544295,0.016525,28,-0.68144,2803.538455,2332.706917,5906.793629,0.1086,26,-10.009638,0.535526,0.508317,0.556186,0.027209,29,0.126015,582885.201471,490911.0199,1223458.897614,0.455967,23,-9.970542,111.33321,109.938657,113.745759,2.412549,26,0.215248
2022-09-24,Meat alternative,1935.055285714286,2359.0489571428575,104451.08922857142,3.1786298571428575,3.8736794285714287,171.5234862857143,27,26,27,8,2334.920785,1507.460183,3546.6332,0.233893,27,-17.125442,3.203856,3.15683,3.258684,0.054828,14,-0.787371,2935.016621,1767.951217,4661.065671,0.113694,25,-19.624,4.007139,3.664715,4.363268,0.356129,17,-3.330544,134877.095393,76279.345517,224216.564714,0.105509,27,-22.55832,183.238195,156.950947,211.128878,27.890684,23,-6.393159
2022-09-24,Other Meat,141006.63794285714,305911.37605714286,11592526.832871428,14.372827571428571,31.256444714285717,1179.243419857143,3,3,2,8,155605.134295,120499.749017,240673.170914,15.58725,3,-9.381757,14.54359,13.440539,15.963764,1.420174,4,-1.174141,346493.577259,242973.5198,463373.103614,13.422097,3,-11.712252,32.476188,26.094584,40.120317,7.644129,4,-3.755809,12871723.378448,10935977.428233,23519542.951257,10.069016,2,-9.938036,1196.865944,1171.617404,1306.265527,109.399583,7,-1.472389
2022-09-24,Other vegetables,19760.082114285713,46135.00148571429,3832278.223985714,1.350636,3.1609965714285715,262.04048742857145,9,7,6,8,21710.047346,15914.283133,28532.786986,2.174735,9,-8.981856,1.356362,1.328676,1.385649,0.029287,22,-0.422157,48418.258862,34800.809067,62979.575171,1.875575,7,-4.715695,3.024343,2.70005,3.328264,0.324293,20,4.518458,4158886.236624,3003937.482633,5335174.981029,3.253324,6,-7.853257,259.81835,251.354083,267.523771,8.464267,21,0.855266
2022-09-24,Pasta products,3579.963685714286,7749.935671428572,1327613.3716857142,1.7677645714285715,3.825828714285714,655.702152,21,19,15,8,3786.170854,2469.686283,4294.3287,0.379268,22,-5.446325,1.768948,1.755839,1.788505,0.019556,20,-0.066915,8190.71269,5343.18925,9354.024514,0.317283,19,-5.381424,3.82556,3.819282,3.831063,0.006278,18,0.007025,1402184.256253,917760.774833,1595015.077443,1.096871,14,-5.318194,655.192799,650.769265,663.292973,8.100175,11,0.077741
2022-09-24,Pastry (savoury),11807.579728571427,30177.837499999998,826556.6735714285,9.142723857142856,23.36810457142857,639.4688634285714,12,9,21,8,12126.324274,10321.05505,19579.955629,1.214716,12,-2.628534,8.741523,6.799252,9.710859,1.942272,7,4.589594,29965.389169,23568.996617,40972.183471,1.160767,10,0.708979,21.659973,14.495135,25.177449,7.164837,6,7.886123,922921.302795,826556.673571,1901873.346986,0.721963,20,-10.441262,662.523247,612.539212,710.974256,49.984035,10,-3.479785
2022-09-24,"Potatoes, root crops, non-starchy bulbs and mushrooms",9061.283414285714,13501.787628571428,968991.3607142858,0.4639154285714286,0.6911204285714286,49.58075657142857,16,16,19,8,9479.581166,7237.189171,19570.309457,0.949587,16,-4.412618,0.46348,0.458367,0.464637,0.005112,29,0.094008,14246.901157,10888.947086,28934.506829,0.551881,16,-5.230004,0.697227,0.679129,0.705335,0.018099,28,-0.875906,1017563.41704,774128.405286,2033935.952857,0.795998,18,-4.773369,49.794536,47.743595,50.189854,2.050941,28,-0.429324
2022-09-24,Preserved fruit and fruit based products,717.8401571428573,1055.9184857142857,152423.43185714286,0.8746575714285714,1.2857538571428573,185.63181357142858,29,30,25,8,792.376834,427.837867,909.3098,0.079374,29,-9.406721,0.873013,0.862756,0.878507,0.010257,25,0.188331,1172.190112,623.814667,1352.714314,0.045407,30,-9.919178,1.290893,1.277285,1.314326,0.023434,25,-0.398106,168954.540101,90254.870717,194439.635686,0.132166,25,-9.784353,186.086047,184.937372,188.026297,1.940251,22,-0.244098
2022-09-24,Ready meals,67340.85311428571,220412.34012857144,7588984.984428572,11.200835,36.704491000000004,1260.1580395714284,4,4,5,8,69234.105759,59992.4463,88710.792357,6.935307,4,-2.734566,11.115542,10.328625,11.579405,0.786918,6,0.767327,227633.511184,196833.1531,286054.254,8.817823,4,-3.172279,36.533255,33.59909,38.377942,2.934165,3,0.468714,8015120.061351,6754268.6726,9946543.391871,6.269897,5,-5.31664,1287.886634,1233.17431,1329.759094,54.712323,6,-2.153031
2022-09-24,Rice,6638.125542857143,4201.345571428572,3345779.9468571427,4.404674428571428,2.7880019999999996,2219.9930254285714,18,23,8,8,6693.004805,4764.563817,7877.731471,0.670451,18,-0.81995,4.413957,4.395409,4.435112,0.021155,11,-0.210303,4231.196538,3004.00565,4992.0532,0.163904,23,-0.705497,2.790459,2.785549,2.796059,0.0056,21,-0.088058,3374950.652558,2405027.938333,3968670.926971,2.640084,8,-0.86433,2225.728891,2214.268126,2238.80079,13.071899,3,-0.257707
2022-09-24,"Salt, spices, culinary herbs and other food products",499.25312857142853,1226.152057142857,137116.35165714286,1.0888382857142858,2.6842854285714286,299.87489557142857,30,29,26,8,516.810652,379.375457,1145.614886,0.05177,30,-3.397284,1.074819,0.809817,1.221574,0.265002,23,1.304343,1349.002485,884.187243,3982.261571,0.052256,29,-9.106761,2.758251,1.860042,4.102337,1.344086,22,-2.681594,163697.872327,91196.791014,737993.111686,0.128054,26,-16.238159,323.367205,227.575549,684.446814,361.079609,19,-7.264902
2022-09-24,"Sauces, condiments",9185.744057142858,18319.923228571428,1293219.0451857143,2.251595714285714,4.490441714285715,317.1116175714286,15,14,16,8,9741.672716,6612.831643,16390.927014,0.975841,15,-5.706706,2.272242,2.219467,2.334464,0.062222,16,-0.908621,19720.604072,13509.463229,32628.764671,0.763916,14,-7.102626,4.633239,4.137111,5.845381,1.212142,15,-3.082019,1352646.415272,951675.764257,2346649.088014,1.058119,16,-4.393415,315.774797,298.01131,338.335853,22.561056,20,0.423346
2022-09-24,Savoury snacks,3200.876042857143,10226.271714285715,609064.1446,1.7366047142857144,5.551258,330.6043558571428,23,17,22,8,3508.406924,2934.376717,6976.290086,0.351444,23,-8.765542,1.778011,1.72737,1.930614,0.152603,19,-2.328793,11150.688654,9137.195133,21948.036743,0.431943,17,-8.290223,5.653864,5.480259,6.146643,0.492779,13,-1.8148,678020.444067,547013.339467,1387744.531357,0.530387,22,-10.170239,343.50234,316.547979,437.715846,94.213506,18,-3.754846
2022-09-24,"Soft drinks (inc. fizzy and ready to drink fruit drinks), mineral or spring water",4902.057028571428,1295.6405285714286,58041.6191,0.21044242857142859,0.05553871428571428,2.5093644285714283,20,28,30,8,5649.728345,4618.665886,10412.868729,0.565944,19,-13.233757,0.21015,0.205601,0.225306,0.015156,30,0.13934,1483.983748,1169.996771,3335.102614,0.057485,28,-12.691731,0.055049,0.049885,0.071721,0.016672,30,0.889711,65043.039427,52897.311257,116022.955314,0.05088,30,-10.764288,2.439413,2.236549,2.64423,0.204817,30,2.867564
2022-09-24,"Sugar, sugar products, jams and marmalades",5635.2883,4700.6158,969777.4447142857,2.183436857142857,1.8215761428571429,375.7721547142857,19,22,18,8,5300.058234,3688.53565,8378.2543,0.530917,20,6.325026,2.154882,2.107335,2.194137,0.047547,17,1.325128,4454.640753,3104.651483,7005.104414,0.172559,22,5.521771,1.811221,1.793978,1.825456,0.017243,23,0.571723,914944.404727,637128.790567,1443213.123371,0.715723,21,5.993046,372.001013,365.721601,377.185269,6.279412,16,1.013745
2022-09-24,"Tea, coffee, cocoa and powdered chocolate",39320.45912857143,42085.400185714294,96770.64291428572,26.57401357142857,28.439077571428573,65.23217985714285,7,8,28,8,39709.720555,28327.34405,54265.222929,3.977795,7,-0.980267,26.740506,26.019858,27.627357,0.88685,2,-0.622624,42263.378573,30278.014383,59652.770557,1.637153,8,-0.421117,28.425734,27.112628,30.299542,1.873808,5,0.046943,99012.963197,64382.544514,171887.487971,0.077454,28,-2.264673,66.404043,50.741391,87.517516,21.113474,27,-1.764746
2022-10-01,"Baker's yeast, dessert preparations, soups",8778.953557142857,10055.194542857143,1507112.1732571428,2.506210285714286,2.8467501428571427,429.85440871428574,17,18,14,9,7985.690448,5158.9966,11109.725871,0.799941,17,9.933557,2.638836,2.399434,3.01519,0.376354,15,-5.025906,10133.984543,7743.733817,12772.186,0.392559,18,-0.777483,3.457694,2.339541,5.233981,1.776287,19,-17.669124,1385906.736596,932849.351929,1911053.4077,1.084137,15,8.745569,459.239816,405.329624,545.753175,86.513359,15,-6.398706
2022-10-01,Beef and Lamb,217086.96764285717,794659.6112571427,3589442.750571429,90.909872,332.45263685714286,1501.4800030000001,1,1,7,9,207224.686107,139791.837786,342066.711086,20.758075,2,4.759221,90.78412,81.878412,93.473207,8.905708,1,0.138518,762451.264726,511727.556257,1210221.180571,29.535021,1,4.224315,332.544384,330.582466,339.041855,6.497471,1,-0.027589,3446260.019342,2311457.704143,5441731.711429,2.695867,7,4.154728,1502.220715,1486.381377,1554.67736,52.456645,4,-0.049308
2022-10-01,Breads and cereals,32997.0344,80369.06331428571,11598266.503685715,1.737837142857143,4.2308390000000005,610.1458212857143,8,6,2,9,34676.828332,27259.42595,44667.298843,3.473641,8,-4.844139,1.729168,1.706626,1.753884,0.024716,21,0.50137,84408.522919,67389.80845,110732.959757,3.269727,6,-4.785606,4.207487,4.155123,4.294658,0.087171,16,0.555001,12243011.855362,9951514.284967,16090617.298671,9.577201,3,-5.266232,610.467519,604.357677,626.34124,15.87372,12,-0.052697
2022-10-01,"Buns, crispbread and biscuits",14215.787885714284,17772.810814285716,1080466.7004857142,4.520257142857143,5.654846857142857,343.2808901428571,10,15,17,9,14641.766396,7038.073033,18824.045329,1.466692,11,-2.909338,4.567265,3.926231,4.713494,0.641034,10,-1.029242,18464.739406,8809.09675,23471.154129,0.715267,15,-3.747297,5.761494,4.890149,5.974548,0.871345,12,-1.851026,1107429.666344,654959.338583,1873560.941871,0.866296,17,-2.434734,345.52277,336.010497,388.190236,42.667466,17,-0.648837
2022-10-01,Cakes and puddings,11319.233942857143,22941.309914285717,1750380.7639142857,3.7183662857142856,7.536173714285715,574.5181,13,12,13,9,12052.166693,9446.5345,27323.8271,1.207288,13,-6.081336,3.866842,3.605168,4.120057,0.261674,12,-3.839709,24195.206302,19153.708186,54549.739343,0.937248,13,-5.182417,7.761808,7.357303,8.090825,0.404506,11,-2.906987,1796396.537273,1442834.604586,4056742.431329,1.405247,13,-2.56156,574.910952,564.979312,581.588772,9.93164,13,-0.068333
2022-10-01,Chocolate,54273.98424285714,93899.25578571428,2874647.9700428573,26.642860857142857,46.094724142857146,1411.150643142857,5,5,10,9,58315.82945,28150.229133,132547.293257,5.841603,5,-6.930957,26.648336,26.635705,26.70231,0.053974,3,-0.020546,100886.00487,48669.253133,229294.0415,3.908014,5,-6.92539,46.100992,46.086531,46.162786,0.061793,2,-0.013597,3087731.596088,1485490.099517,7016207.887686,2.415405,10,-6.900976,1410.912515,1408.565066,1411.461877,2.347449,5,0.016878
2022-10-01,Confectionery products,2362.6425999999997,3736.4782428571425,348199.45379999996,3.178320142857143,5.025351285714286,467.30170585714285,26,24,24,9,2639.015552,1230.34235,3506.494586,0.264355,26,-10.472578,3.375115,3.076151,3.996045,0.620931,13,-5.830753,4173.185967,1949.08865,5594.6689,0.161656,24,-10.464612,5.335199,4.888743,6.384052,1.048852,14,-5.807619,365423.519615,182796.127083,451633.892,0.285856,24,-4.713453,467.73042,451.206086,488.80262,21.0722,14,-0.091658
2022-10-01,Dairy alternative,2374.5119999999997,1697.9302,68145.22514285715,0.9801172857142857,0.7008997142857142,28.136538,25,27,29,9,2660.652938,1800.759517,3323.2613,0.266522,25,-10.754538,0.980224,0.980018,0.980467,0.000243,24,-0.010898,1904.762021,1287.6059,2379.9254,0.073785,27,-10.85867,0.701721,0.700136,0.703588,0.001867,27,-0.116996,76719.871596,51670.4985,95957.073143,0.060015,29,-11.176565,28.261161,28.02064,28.544487,0.283326,29,-0.440969
2022-10-01,Dairy products and eggs,216729.84527142858,663424.5242857143,45214350.07535714,4.688256857142856,14.356605285714284,978.2810448571428,2,2,1,9,232477.799758,181843.006267,351065.404543,23.287725,1,-6.773961,4.695567,4.563031,5.229134,0.533567,8,-0.155679,710535.102733,556267.420133,1103935.183871,27.523948,2,-6.630296,14.350037,13.874504,16.437715,2.087678,7,0.045773,48504478.375397,37951671.559517,74580377.351429,37.943045,1,-6.783143,979.638118,947.127741,1110.38497,130.746852,8,-0.138528
2022-10-01,Dried fruit and nuts,1219.9719142857143,7031.930957142858,1887004.4887285715,1.8988524285714286,10.944590714285713,2936.9331672857143,28,20,12,9,1354.723428,1038.388929,3492.095486,0.135705,28,-9.946791,1.889388,1.871719,1.912103,0.022716,18,0.500929,7856.897445,6027.1344,20353.999714,0.304352,20,-10.499901,10.957706,10.926228,10.982189,0.031477,9,-0.119688,2111373.829218,1619963.4337,5475933.913743,1.65164,12,-10.626699,2944.647013,2926.133188,2959.04748,18.513825,2,-0.261962
2022-10-01,Edible oils and plant-based spreads,10367.610828571429,29099.307057142858,1982954.556785714,4.57419,12.851323142857142,875.3013408571429,14,10,11,9,11516.024682,7616.68445,19449.161571,1.153581,14,-9.972311,4.571062,4.524855,4.614628,0.046207,9,0.068425,32326.766906,21393.85755,58323.040243,1.25224,9,-9.983862,12.826853,12.319996,13.748304,0.921451,8,0.190773,2159306.817661,1382403.26375,3664321.3365,1.689136,11,-8.167077,859.015758,796.975647,904.810217,62.040111,9,1.895842
2022-10-01,Fish and fish products,40045.78717142857,22885.071257142856,10346558.897428572,14.248590285714286,8.147705,3682.777050714286,6,13,4,9,44048.218618,32840.772867,56109.634029,4.41239,6,-9.086477,14.279638,14.164105,14.795633,0.515995,5,-0.217428,25097.448283,17677.2765,30066.8442,0.972198,12,-8.815147,8.135042,7.924591,8.182162,0.210451,10,0.155661,11359882.239798,8182560.301667,13942633.360857,8.886365,4,-8.920192,3682.364329,3675.505187,3683.900114,6.859142,1,0.011208
2022-10-01,"Fresh, chilled or frozen fruit",14158.222885714287,23698.42274285714,2924534.3914857144,0.8574278571428572,1.4352328571428572,177.144429,11,11,9,9,15789.317297,10891.896033,19602.676833,1.581645,10,-10.330367,0.869141,0.801294,0.91134,0.067847,26,-1.347686,26149.090577,18436.855767,31249.10995,1.012935,11,-9.371905,1.440723,1.375786,1.496551,0.064936,24,-0.381042,3309952.701717,2308666.66155,4022982.239033,2.589239,9,-11.644224,182.199418,171.490344,193.700603,11.501184,24,-2.774427
2022-10-01,Fruit and vegetable juices,3450.5193142857142,5570.424685714286,834563.5402571429,0.5447634285714286,0.8778370000000001,131.91101542857143,22,21,20,9,3956.552029,3322.8124,6014.348971,0.396335,21,-12.78974,0.549655,0.523444,0.565905,0.026211,27,-0.889998,6420.381727,5507.827633,10098.037914,0.248706,21,-13.238419,0.890925,0.874856,0.907908,0.016983,26,-1.469042,957660.438973,802306.9711,1466231.447171,0.749138,19,-12.853919,133.064152,127.725177,136.908499,5.338975,25,-0.866602
2022-10-01,"Leafy and stem vegetables, including cabbages",2542.0972714285713,2621.8175571428574,544017.2829142858,0.5238325714285714,0.5396667142857143,112.04104514285714,24,25,23,9,2757.371029,2291.510433,5559.985586,0.276211,24,-7.80721,0.52777,0.516959,0.544295,0.016525,28,-0.746051,2803.538455,2332.706917,5906.793629,0.1086,26,-6.481841,0.535526,0.508317,0.556186,0.027209,29,0.773175,582885.201471,490911.0199,1223458.897614,0.455967,23,-6.668194,111.33321,109.938657,113.745759,2.412549,26,0.63578
2022-10-01,Meat alternative,1962.0588857142855,2404.3175571428574,106221.37085714286,3.175099857142857,3.8890132857142854,171.59911457142857,27,26,27,9,2334.920785,1507.460183,3546.6332,0.233893,27,-15.968931,3.203856,3.15683,3.258684,0.054828,14,-0.89755,2935.016621,1767.951217,4661.065671,0.113694,25,-18.081637,4.007139,3.664715,4.363268,0.356129,17,-2.947881,134877.095393,76279.345517,224216.564714,0.105509,27,-21.245805,183.238195,156.950947,211.128878,27.890684,23,-6.351885
2022-10-01,Other Meat,141255.11828571427,305696.06355714286,11575830.40877143,14.342680285714286,31.060858285714286,1173.5064474285714,3,3,3,9,155605.134295,120499.749017,240673.170914,15.58725,3,-9.222071,14.54359,13.440539,15.963764,1.420174,4,-1.381431,346493.577259,242973.5198,463373.103614,13.422097,3,-11.774392,32.476188,26.094584,40.120317,7.644129,4,-4.358055,12871723.378448,10935977.428233,23519542.951257,10.069016,2,-10.06775,1196.865944,1171.617404,1306.265527,109.399583,7,-1.951722
2022-10-01,Other vegetables,20088.30952857143,46789.97122857143,3896394.8536,1.3544597142857142,3.156856571428572,262.77968542857144,9,7,6,9,21710.047346,15914.283133,28532.786986,2.174735,9,-7.469987,1.356362,1.328676,1.385649,0.029287,22,-0.140247,48418.258862,34800.809067,62979.575171,1.875575,7,-3.362962,3.024343,2.70005,3.328264,0.324293,20,4.381569,4158886.236624,3003937.482633,5335174.981029,3.253324,6,-6.311579,259.81835,251.354083,267.523771,8.464267,21,1.139771
2022-10-01,Pasta products,3586.131914285714,7788.557771428571,1335635.8302571427,1.7635147142857142,3.8270684285714287,656.6578591428572,21,19,15,9,3786.170854,2469.686283,4294.3287,0.379268,22,-5.28341,1.768948,1.755839,1.788505,0.019556,20,-0.307163,8190.71269,5343.18925,9354.024514,0.317283,19,-4.909889,3.82556,3.819282,3.831063,0.006278,18,0.039432,1402184.256253,917760.774833,1595015.077443,1.096871,14,-4.746054,655.192799,650.769265,663.292973,8.100175,11,0.223608
2022-10-01,Pastry (savoury),11794.712,30025.893028571427,833083.2124714286,9.046648428571428,23.038549999999997,638.4764345714285,12,9,21,9,12126.324274,10321.05505,19579.955629,1.214716,12,-2.734648,8.741523,6.799252,9.710859,1.942272,7,3.490525,29965.389169,23568.996617,40972.183471,1.160767,10,0.201912,21.659973,14.495135,25.177449,7.164837,6,6.364632,922921.302795,826556.673571,1901873.346986,0.721963,20,-9.734101,662.523247,612.539212,710.974256,49.984035,10,-3.62958
2022-10-01,"Potatoes, root crops, non-starchy bulbs and mushrooms",9037.297985714287,13425.7914,965638.9002857143,0.4639005714285714,0.6892944285714285,49.549298428571426,16,16,18,9,9479.581166,7237.189171,19570.309457,0.949587,16,-4.665641,0.46348,0.458367,0.464637,0.005112,29,0.090802,14246.901157,10888.947086,28934.506829,0.551881,16,-5.763427,0.697227,0.679129,0.705335,0.018099,28,-1.1378,1017563.41704,774128.405286,2033935.952857,0.795998,18,-5.102829,49.794536,47.743595,50.189854,2.050941,28,-0.4925
2022-10-01,Preserved fruit and fruit based products,735.0724571428572,1084.6250285714284,156441.7783857143,0.8729079999999999,1.289602142857143,185.94736542857143,29,30,25,9,792.376834,427.837867,909.3098,0.079374,29,-7.23196,0.873013,0.862756,0.878507,0.010257,25,-0.012075,1172.190112,623.814667,1352.714314,0.045407,30,-7.470212,1.290893,1.277285,1.314326,0.023434,25,-0.099996,168954.540101,90254.870717,194439.635686,0.132166,25,-7.405993,186.086047,184.937372,188.026297,1.940251,22,-0.074525
2022-10-01,Ready meals,67138.07124285714,219474.6945857143,7580785.769628571,11.230205428571429,36.70727042857143,1263.4255857142857,4,4,5,9,69234.105759,59992.4463,88710.792357,6.935307,4,-3.02746,11.115542,10.328625,11.579405,0.786918,6,1.031555,227633.511184,196833.1531,286054.254,8.817823,4,-3.58419,36.533255,33.59909,38.377942,2.934165,3,0.476322,8015120.061351,6754268.6726,9946543.391871,6.269897,5,-5.418937,1287.886634,1233.17431,1329.759094,54.712323,6,-1.899317
2022-10-01,Rice,6890.888914285714,4355.908428571429,3474853.441714286,4.414539857142857,2.7906135714285716,2226.088967857143,18,23,8,9,6693.004805,4764.563817,7877.731471,0.670451,18,2.956581,4.413957,4.395409,4.435112,0.021155,11,0.013202,4231.196538,3004.00565,4992.0532,0.163904,23,2.947438,2.790459,2.785549,2.796059,0.0056,21,0.005532,3374950.652558,2405027.938333,3968670.926971,2.640084,8,2.960126,2225.728891,2214.268126,2238.80079,13.071899,3,0.016178
2022-10-01,"Salt, spices, culinary herbs and other food products",568.9738714285714,1488.0399142857143,155664.225,1.2109157142857143,3.162876285714286,331.187769,30,28,26,9,516.810652,379.375457,1145.614886,0.05177,30,10.093294,1.074819,0.809817,1.221574,0.265002,23,12.662295,1349.002485,884.187243,3982.261571,0.052256,29,10.306684,2.758251,1.860042,4.102337,1.344086,22,14.669653,163697.872327,91196.791014,737993.111686,0.128054,26,-4.907606,323.367205,227.575549,684.446814,361.079609,19,2.418478
2022-10-01,"Sauces, condiments",9195.979414285714,18266.620457142857,1302303.6417714285,2.2545692857142856,4.483019571428572,319.23387414285713,15,14,16,9,9741.672716,6612.831643,16390.927014,0.975841,15,-5.601639,2.272242,2.219467,2.334464,0.062222,16,-0.777755,19720.604072,13509.463229,32628.764671,0.763916,14,-7.372916,4.633239,4.137111,5.845381,1.212142,15,-3.242212,1352646.415272,951675.764257,2346649.088014,1.058119,16,-3.721798,315.774797,298.01131,338.335853,22.561056,20,1.095425
2022-10-01,Savoury snacks,3201.6395428571427,10222.630957142857,610222.6763428571,1.7442429999999998,5.571819714285715,332.9289248571428,23,17,22,9,3508.406924,2934.376717,6976.290086,0.351444,23,-8.74378,1.778011,1.72737,1.930614,0.152603,19,-1.899196,11150.688654,9137.195133,21948.036743,0.431943,17,-8.322873,5.653864,5.480259,6.146643,0.492779,13,-1.451124,678020.444067,547013.339467,1387744.531357,0.530387,22,-9.999369,343.50234,316.547979,437.715846,94.213506,18,-3.07812
2022-10-01,"Soft drinks (inc. fizzy and ready to drink fruit drinks), mineral or spring water",4742.416657142857,1241.1244714285713,57548.65568571428,0.20959799999999998,0.05464,2.5507058571428574,20,29,30,9,5649.728345,4618.665886,10412.868729,0.565944,19,-16.059386,0.21015,0.205601,0.225306,0.015156,30,-0.262483,1483.983748,1169.996771,3335.102614,0.057485,28,-16.36536,0.055049,0.049885,0.071721,0.016672,30,-0.742862,65043.039427,52897.311257,116022.955314,0.05088,30,-11.522192,2.439413,2.236549,2.64423,0.204817,30,4.562293
2022-10-01,"Sugar, sugar products, jams and marmalades",5424.003942857143,4531.045042857143,933983.6886714286,2.177572857142857,1.8194495714285712,374.99772171428566,19,22,19,9,5300.058234,3688.53565,8378.2543,0.530917,20,2.338573,2.154882,2.107335,2.194137,0.047547,17,1.053001,4454.640753,3104.651483,7005.104414,0.172559,22,1.715162,1.811221,1.793978,1.825456,0.017243,23,0.454312,914944.404727,637128.790567,1443213.123371,0.715723,21,2.080922,372.001013,365.721601,377.185269,6.279412,16,0.805565
2022-10-01,"Tea, coffee, cocoa and powdered chocolate",38817.287457142855,41855.50532857143,98886.36614285714,26.634533428571427,28.712715857142857,67.86692857142857,7,8,28,9,39709.720555,28327.34405,54265.222929,3.977795,7,-2.247392,26.740506,26.019858,27.627357,0.88685,2,-0.396301,42263.378573,30278.014383,59652.770557,1.637153,8,-0.965075,28.425734,27.112628,30.299542,1.873808,5,1.009586,99012.963197,64382.544514,171887.487971,0.077454,28,-0.127859,66.404043,50.741391,87.517516,21.113474,27,2.203007
2022-10-08,"Baker's yeast, dessert preparations, soups",8646.798585714287,9527.7758,1474232.0203142858,2.481618142857143,2.7228495714285716,422.96488728571427,17,18,14,9,7985.690448,5158.9966,11109.725871,0.799941,17,8.27866,2.638836,2.399434,3.01519,0.376354,15,-5.957837,10133.984543,7743.733817,12772.186,0.392559,18,-5.981939,3.457694,2.339541,5.233981,1.776287,19,-21.252453,1385906.736596,932849.351929,1911053.4077,1.084137,15,6.373104,459.239816,405.329624,545.753175,86.513359,15,-7.898908
2022-10-08,Beef and Lamb,214123.9884142857,780721.846,3524659.23,91.13732928571429,332.2866872857143,1500.1402282857143,2,1,7,9,207224.686107,139791.837786,342066.711086,20.758075,2,3.329382,90.78412,81.878412,93.473207,8.905708,1,0.389066,762451.264726,511727.556257,1210221.180571,29.535021,1,2.396295,332.544384,330.582466,339.041855,6.497471,1,-0.077492,3446260.019342,2311457.704143,5441731.711429,2.695867,7,2.274907,1502.220715,1486.381377,1554.67736,52.456645,4,-0.138494
2022-10-08,Breads and cereals,33242.82168571428,80903.33979999999,11739907.697485715,1.7286370000000002,4.205623,609.8926472857144,8,6,2,9,34676.828332,27259.42595,44667.298843,3.473641,8,-4.135345,1.729168,1.706626,1.753884,0.024716,21,-0.030686,84408.522919,67389.80845,110732.959757,3.269727,6,-4.152641,4.207487,4.155123,4.294658,0.087171,16,-0.044312,12243011.855362,9951514.284967,16090617.298671,9.577201,3,-4.109317,610.467519,604.357677,626.34124,15.87372,12,-0.094169
2022-10-08,"Buns, crispbread and biscuits",14654.546985714285,18458.966614285713,1084319.1389571428,4.602950142857144,5.795748571428571,341.3291868571429,10,14,17,9,14641.766396,7038.073033,18824.045329,1.466692,11,0.087289,4.567265,3.926231,4.713494,0.641034,10,0.781316,18464.739406,8809.09675,23471.154129,0.715267,15,-0.031264,5.761494,4.890149,5.974548,0.871345,12,0.594551,1107429.666344,654959.338583,1873560.941871,0.866296,17,-2.086862,345.52277,336.010497,388.190236,42.667466,17,-1.213692
2022-10-08,Cakes and puddings,11806.563114285715,23756.909128571428,1779800.0847142858,3.803435,7.6543407142857145,573.4924191428571,12,11,13,9,12052.166693,9446.5345,27323.8271,1.207288,13,-2.037838,3.866842,3.605168,4.120057,0.261674,12,-1.639755,24195.206302,19153.708186,54549.739343,0.937248,13,-1.811504,7.761808,7.357303,8.090825,0.404506,11,-1.384571,1796396.537273,1442834.604586,4056742.431329,1.405247,13,-0.923875,574.910952,564.979312,581.588772,9.93164,13,-0.24674
2022-10-08,Chocolate,52257.256485714286,90384.85162857143,2763666.134957143,26.66510385714286,46.12018928571428,1410.1832551428572,5,5,10,9,58315.82945,28150.229133,132547.293257,5.841603,5,-10.389243,26.648336,26.635705,26.70231,0.053974,3,0.062923,100886.00487,48669.253133,229294.0415,3.908014,5,-10.40893,46.100992,46.086531,46.162786,0.061793,2,0.041641,3087731.596088,1485490.099517,7016207.887686,2.415405,10,-10.49526,1410.912515,1408.565066,1411.461877,2.347449,5,-0.051687
2022-10-08,Confectionery products,2385.2888428571428,3776.9251,355865.22681428574,3.151270285714286,4.988709,468.8764044285714,26,24,24,9,2639.015552,1230.34235,3506.494586,0.264355,26,-9.614445,3.375115,3.076151,3.996045,0.620931,13,-6.632203,4173.185967,1949.08865,5594.6689,0.161656,24,-9.495404,5.335199,4.888743,6.384052,1.048852,14,-6.494421,365423.519615,182796.127083,451633.892,0.285856,24,-2.615675,467.73042,451.206086,488.80262,21.0722,14,0.24501
2022-10-08,Dairy alternative,2494.1362,1783.9156999999998,71651.15014285714,0.9801274285714285,0.7009787142857142,28.148553857142854,25,27,29,9,2660.652938,1800.759517,3323.2613,0.266522,25,-6.258492,0.980224,0.980018,0.980467,0.000243,24,-0.009864,1904.762021,1287.6059,2379.9254,0.073785,27,-6.344431,0.701721,0.700136,0.703588,0.001867,27,-0.105738,76719.871596,51670.4985,95957.073143,0.060015,29,-6.606791,28.261161,28.02064,28.544487,0.283326,29,-0.398452
2022-10-08,Dairy products and eggs,219751.5924714286,672136.2518714286,45824258.49657143,4.663384,14.266248000000001,972.5113448571428,1,2,1,9,232477.799758,181843.006267,351065.404543,23.287725,1,-5.47416,4.695567,4.563031,5.229134,0.533567,8,-0.685388,710535.102733,556267.420133,1103935.183871,27.523948,2,-5.404216,14.350037,13.874504,16.437715,2.087678,7,-0.583893,48504478.375397,37951671.559517,74580377.351429,37.943045,1,-5.525716,979.638118,947.127741,1110.38497,130.746852,8,-0.72749
2022-10-08,Dried fruit and nuts,1264.000057142857,7287.305828571429,1955632.769785714,1.8976845714285715,10.946209285714286,2937.8851364285715,28,20,12,9,1354.723428,1038.388929,3492.095486,0.135705,28,-6.696819,1.889388,1.871719,1.912103,0.022716,18,0.439118,7856.897445,6027.1344,20353.999714,0.304352,20,-7.249574,10.957706,10.926228,10.982189,0.031477,9,-0.104917,2111373.829218,1619963.4337,5475933.913743,1.65164,12,-7.37629,2944.647013,2926.133188,2959.04748,18.513825,2,-0.229633
2022-10-08,Edible oils and plant-based spreads,10425.415414285715,28875.288200000003,1966372.6813285716,4.564489857142857,12.679488428571428,862.5732455714286,14,10,11,9,11516.024682,7616.68445,19449.161571,1.153581,14,-9.470362,4.571062,4.524855,4.614628,0.046207,9,-0.143782,32326.766906,21393.85755,58323.040243,1.25224,9,-10.676845,12.826853,12.319996,13.748304,0.921451,8,-1.148876,2159306.817661,1382403.26375,3664321.3365,1.689136,11,-8.935003,859.015758,796.975647,904.810217,62.040111,9,0.414135
2022-10-08,Fish and fish products,39299.26887142857,22531.518171428568,10173949.294714285,14.226763714285713,8.156607,3683.0671909999996,6,13,4,9,44048.218618,32840.772867,56109.634029,4.41239,6,-10.781253,14.279638,14.164105,14.795633,0.515995,5,-0.370279,25097.448283,17677.2765,30066.8442,0.972198,12,-10.223869,8.135042,7.924591,8.182162,0.210451,10,0.265089,11359882.239798,8182560.301667,13942633.360857,8.886365,4,-10.439659,3682.364329,3675.505187,3683.900114,6.859142,1,0.019087
2022-10-08,"Fresh, chilled or frozen fruit",14102.667014285715,23589.1432,2935384.2679714286,0.8591954285714286,1.4375077142857144,178.82542828571428,11,12,9,9,15789.317297,10891.896033,19602.676833,1.581645,10,-10.682224,0.869141,0.801294,0.91134,0.067847,26,-1.144316,26149.090577,18436.855767,31249.10995,1.012935,11,-9.789814,1.440723,1.375786,1.496551,0.064936,24,-0.223145,3309952.701717,2308666.66155,4022982.239033,2.589239,9,-11.316429,182.199418,171.490344,193.700603,11.501184,24,-1.851812
2022-10-08,Fruit and vegetable juices,3536.814171428571,5742.3667,856786.8589428571,0.5487744285714286,0.8894627142857142,132.90568971428573,22,21,20,9,3956.552029,3322.8124,6014.348971,0.396335,21,-10.608678,0.549655,0.523444,0.565905,0.026211,27,-0.160268,6420.381727,5507.827633,10098.037914,0.248706,21,-10.560354,0.890925,0.874856,0.907908,0.016983,26,-0.164138,957660.438973,802306.9711,1466231.447171,0.749138,19,-10.533335,133.064152,127.725177,136.908499,5.338975,25,-0.119087
2022-10-08,"Leafy and stem vegetables, including cabbages",2620.4701142857143,2672.3927428571433,558533.2674142857,0.523532,0.5333397142857143,111.5230887142857,24,25,23,9,2757.371029,2291.510433,5559.985586,0.276211,24,-4.964907,0.52777,0.516959,0.544295,0.016525,28,-0.803002,2803.538455,2332.706917,5906.793629,0.1086,26,-4.677864,0.535526,0.508317,0.556186,0.027209,29,-0.40828,582885.201471,490911.0199,1223458.897614,0.455967,23,-4.177827,111.33321,109.938657,113.745759,2.412549,26,0.17055
2022-10-08,Meat alternative,1934.8073714285713,2327.3407857142856,102525.08104285714,3.1757804285714286,3.818504285714286,168.17832914285714,27,26,28,9,2334.920785,1507.460183,3546.6332,0.233893,27,-17.136059,3.203856,3.15683,3.258684,0.054828,14,-0.876308,2935.016621,1767.951217,4661.065671,0.113694,25,-20.704341,4.007139,3.664715,4.363268,0.356129,17,-4.707465,134877.095393,76279.345517,224216.564714,0.105509,27,-23.986292,183.238195,156.950947,211.128878,27.890684,23,-8.218737
2022-10-08,Other Meat,140869.66632857142,306547.9348,11532001.456985714,14.410458,31.46628014285714,1176.4570694285715,3,3,3,9,155605.134295,120499.749017,240673.170914,15.58725,3,-9.469783,14.54359,13.440539,15.963764,1.420174,4,-0.915399,346493.577259,242973.5198,463373.103614,13.422097,3,-11.528538,32.476188,26.094584,40.120317,7.644129,4,-3.109688,12871723.378448,10935977.428233,23519542.951257,10.069016,2,-10.408256,1196.865944,1171.617404,1306.265527,109.399583,7,-1.705193
2022-10-08,Other vegetables,20028.466514285712,46347.7314,3882156.6806142856,1.3631637142857145,3.1562125714285716,264.3207114285714,9,7,6,9,21710.047346,15914.283133,28532.786986,2.174735,9,-7.745634,1.356362,1.328676,1.385649,0.029287,22,0.50147,48418.258862,34800.809067,62979.575171,1.875575,7,-4.276336,3.024343,2.70005,3.328264,0.324293,20,4.360275,4158886.236624,3003937.482633,5335174.981029,3.253324,6,-6.653934,259.81835,251.354083,267.523771,8.464267,21,1.732888
2022-10-08,Pasta products,3601.3362857142856,7810.480685714285,1336884.431014286,1.7643967142857144,3.827248285714286,655.0749401428571,21,19,15,9,3786.170854,2469.686283,4294.3287,0.379268,22,-4.881834,1.768948,1.755839,1.788505,0.019556,20,-0.257303,8190.71269,5343.18925,9354.024514,0.317283,19,-4.642233,3.82556,3.819282,3.831063,0.006278,18,0.044133,1402184.256253,917760.774833,1595015.077443,1.096871,14,-4.657007,655.192799,650.769265,663.292973,8.100175,11,-0.017988
2022-10-08,Pastry (savoury),11775.886142857144,30105.090928571426,829188.7278571429,9.074914142857143,23.184022571428574,639.9809674285715,13,9,21,9,12126.324274,10321.05505,19579.955629,1.214716,12,-2.889896,8.741523,6.799252,9.710859,1.942272,7,3.813875,29965.389169,23568.996617,40972.183471,1.160767,10,0.46621,21.659973,14.495135,25.177449,7.164837,6,7.036251,922921.302795,826556.673571,1901873.346986,0.721963,20,-10.156074,662.523247,612.539212,710.974256,49.984035,10,-3.402489
2022-10-08,"Potatoes, root crops, non-starchy bulbs and mushrooms",9110.411814285715,13599.870714285715,976510.9290000001,0.4637132857142857,0.6920891428571428,49.689310285714285,15,16,18,9,9479.581166,7237.189171,19570.309457,0.949587,16,-3.894364,0.46348,0.458367,0.464637,0.005112,29,0.050394,14246.901157,10888.947086,28934.506829,0.551881,16,-4.541552,0.697227,0.679129,0.705335,0.018099,28,-0.736967,1017563.41704,774128.405286,2033935.952857,0.795998,18,-4.034391,49.794536,47.743595,50.189854,2.050941,28,-0.211321
2022-10-08,Preserved fruit and fruit based products,716.3688,1051.5742428571427,151877.8087142857,0.8748557142857143,1.2853167142857143,185.59597142857143,29,30,25,9,792.376834,427.837867,909.3098,0.079374,29,-9.59241,0.873013,0.862756,0.878507,0.010257,25,0.211028,1172.190112,623.814667,1352.714314,0.045407,30,-10.289787,1.290893,1.277285,1.314326,0.023434,25,-0.43197,168954.540101,90254.870717,194439.635686,0.132166,25,-10.107294,186.086047,184.937372,188.026297,1.940251,22,-0.263359
2022-10-08,Ready meals,65929.96292857143,215157.02681428572,7515776.886685714,11.252142571428573,36.777824714285714,1280.5875647142857,4,4,5,9,69234.105759,59992.4463,88710.792357,6.935307,4,-4.772421,11.115542,10.328625,11.579405,0.786918,6,1.228911,227633.511184,196833.1531,286054.254,8.817823,4,-5.480952,36.533255,33.59909,38.377942,2.934165,3,0.669445,8015120.061351,6754268.6726,9946543.391871,6.269897,5,-6.230015,1287.886634,1233.17431,1329.759094,54.712323,6,-0.566748
2022-10-08,Rice,6583.006171428571,4161.6976,3319471.369142857,4.413673571428571,2.790384142857143,2225.5537045714286,18,23,8,9,6693.004805,4764.563817,7877.731471,0.670451,18,-1.643487,4.413957,4.395409,4.435112,0.021155,11,-0.006424,4231.196538,3004.00565,4992.0532,0.163904,23,-1.642536,2.790459,2.785549,2.796059,0.0056,21,-0.00269,3374950.652558,2405027.938333,3968670.926971,2.640084,8,-1.643855,2225.728891,2214.268126,2238.80079,13.071899,3,-0.007871
2022-10-08,"Salt, spices, culinary herbs and other food products",544.0136285714286,1400.8354,144856.3205142857,1.1727367142857144,3.0267674285714286,311.92949157142857,30,28,26,9,516.810652,379.375457,1145.614886,0.05177,30,5.263625,1.074819,0.809817,1.221574,0.265002,23,9.110162,1349.002485,884.187243,3982.261571,0.052256,29,3.842314,2.758251,1.860042,4.102337,1.344086,22,9.735045,163697.872327,91196.791014,737993.111686,0.128054,26,-11.509955,323.367205,227.575549,684.446814,361.079609,19,-3.537067
2022-10-08,"Sauces, condiments",9012.25432857143,17521.920414285712,1285092.5736714285,2.2485337142857142,4.376191,320.7443682857143,16,15,16,9,9741.672716,6612.831643,16390.927014,0.975841,15,-7.487609,2.272242,2.219467,2.334464,0.062222,16,-1.043377,19720.604072,13509.463229,32628.764671,0.763916,14,-11.14917,4.633239,4.137111,5.845381,1.212142,15,-5.547911,1352646.415272,951675.764257,2346649.088014,1.058119,16,-4.994198,315.774797,298.01131,338.335853,22.561056,20,1.573771
2022-10-08,Savoury snacks,3219.850357142857,10281.903471428572,626932.9964857142,1.765655857142857,5.644489142857142,344.82420828571423,23,17,22,9,3508.406924,2934.376717,6976.290086,0.351444,23,-8.224718,1.778011,1.72737,1.930614,0.152603,19,-0.69488,11150.688654,9137.195133,21948.036743,0.431943,17,-7.791314,5.653864,5.480259,6.146643,0.492779,13,-0.165819,678020.444067,547013.339467,1387744.531357,0.530387,22,-7.534795,343.50234,316.547979,437.715846,94.213506,18,0.384821
2022-10-08,"Soft drinks (inc. fizzy and ready to drink fruit drinks), mineral or spring water",4618.665885714286,1237.1275857142857,55810.391142857145,0.21114585714285714,0.056194,2.5553905714285716,20,29,30,9,5649.728345,4618.665886,10412.868729,0.565944,19,-18.249771,0.21015,0.205601,0.225306,0.015156,30,0.474067,1483.983748,1169.996771,3335.102614,0.057485,28,-16.634694,0.055049,0.049885,0.071721,0.016672,30,2.080081,65043.039427,52897.311257,116022.955314,0.05088,30,-14.194675,2.439413,2.236549,2.64423,0.204817,30,4.754336
2022-10-08,"Sugar, sugar products, jams and marmalades",5414.970314285715,4533.9415,933314.5996428571,2.1698292857142856,1.8166415714285713,373.9750511428571,19,22,19,9,5300.058234,3688.53565,8378.2543,0.530917,20,2.168129,2.154882,2.107335,2.194137,0.047547,17,0.693651,4454.640753,3104.651483,7005.104414,0.172559,22,1.780183,1.811221,1.793978,1.825456,0.017243,23,0.299279,914944.404727,637128.790567,1443213.123371,0.715723,21,2.007794,372.001013,365.721601,377.185269,6.279412,16,0.530654
2022-10-08,"Tea, coffee, cocoa and powdered chocolate",38562.12435714286,41473.837114285714,103804.71642857142,26.975866571428572,29.000402142857144,72.76810542857143,7,8,27,9,39709.720555,28327.34405,54265.222929,3.977795,7,-2.889963,26.740506,26.019858,27.627357,0.88685,2,0.880164,42263.378573,30278.014383,59652.770557,1.637153,8,-1.868146,28.425734,27.112628,30.299542,1.873808,5,2.021648,99012.963197,64382.544514,171887.487971,0.077454,28,4.839521,66.404043,50.741391,87.517516,21.113474,27,9.583848
2022-10-15,"Baker's yeast, dessert preparations, soups",8681.156885714287,9161.615642857143,1472838.5681571427,2.4510742857142853,2.57067,415.4797472857143,17,18,14,9,7985.690448,5158.9966,11109.725871,0.799941,17,8.708908,2.638836,2.399434,3.01519,0.376354,15,-7.115312,10133.984543,7743.733817,12772.186,0.392559,18,-9.595129,3.457694,2.339541,5.233981,1.776287,19,-25.653639,1385906.736596,932849.351929,1911053.4077,1.084137,15,6.27256,459.239816,405.329624,545.753175,86.513359,15,-9.528805
2022-10-15,Beef and Lamb,214356.52911428572,777373.5763999999,3507053.196285714,91.54795557142857,331.9871008571428,1497.7215464285714,2,1,7,9,207224.686107,139791.837786,342066.711086,20.758075,2,3.441599,90.78412,81.878412,93.473207,8.905708,1,0.841376,762451.264726,511727.556257,1210221.180571,29.535021,1,1.95715,332.544384,330.582466,339.041855,6.497471,1,-0.167582,3446260.019342,2311457.704143,5441731.711429,2.695867,7,1.764033,1502.220715,1486.381377,1554.67736,52.456645,4,-0.299501
2022-10-15,Breads and cereals,33675.415414285715,82031.53255714287,11900837.308028573,1.7264835714285716,4.202555857142857,609.5358161428572,8,6,2,9,34676.828332,27259.42595,44667.298843,3.473641,8,-2.887845,1.729168,1.706626,1.753884,0.024716,21,-0.155222,84408.522919,67389.80845,110732.959757,3.269727,6,-2.816055,4.207487,4.155123,4.294658,0.087171,16,-0.117209,12243011.855362,9951514.284967,16090617.298671,9.577201,3,-2.794856,610.467519,604.357677,626.34124,15.87372,12,-0.152621
2022-10-15,"Buns, crispbread and biscuits",15068.807357142858,19036.499042857144,1089611.609157143,4.675920714285715,5.9067675714285715,337.85694128571424,10,14,17,9,14641.766396,7038.073033,18824.045329,1.466692,11,2.916595,4.567265,3.926231,4.713494,0.641034,10,2.379002,18464.739406,8809.09675,23471.154129,0.715267,15,3.096494,5.761494,4.890149,5.974548,0.871345,12,2.521464,1107429.666344,654959.338583,1873560.941871,0.866296,17,-1.608956,345.52277,336.010497,388.190236,42.667466,17,-2.218618
2022-10-15,Cakes and puddings,11896.355557142857,23955.601285714285,1802293.5419285714,3.7905957142857143,7.628567857142857,572.7139318571428,13,11,13,9,12052.166693,9446.5345,27323.8271,1.207288,13,-1.292806,3.866842,3.605168,4.120057,0.261674,12,-1.971791,24195.206302,19153.708186,54549.739343,0.937248,13,-0.9903,7.761808,7.357303,8.090825,0.404506,11,-1.716618,1796396.537273,1442834.604586,4056742.431329,1.405247,13,0.328269,574.910952,564.979312,581.588772,9.93164,13,-0.38215
2022-10-15,Chocolate,57800.04252857143,99980.2436,3058204.1965142856,26.658842571428572,46.113020857142864,1410.455570857143,5,5,9,9,58315.82945,28150.229133,132547.293257,5.841603,5,-0.884472,26.648336,26.635705,26.70231,0.053974,3,0.039427,100886.00487,48669.253133,229294.0415,3.908014,5,-0.897807,46.100992,46.086531,46.162786,0.061793,2,0.026091,3087731.596088,1485490.099517,7016207.887686,2.415405,10,-0.956281,1410.912515,1408.565066,1411.461877,2.347449,5,-0.032386
2022-10-15,Confectionery products,2334.4589428571426,3698.268114285714,350548.0801857143,3.1319465714285712,4.960986857142857,469.5515202857143,26,24,24,9,2639.015552,1230.34235,3506.494586,0.264355,26,-11.540539,3.375115,3.076151,3.996045,0.620931,13,-7.204738,4173.185967,1949.08865,5594.6689,0.161656,24,-11.380223,5.335199,4.888743,6.384052,1.048852,14,-7.01403,365423.519615,182796.127083,451633.892,0.285856,24,-4.070739,467.73042,451.206086,488.80262,21.0722,14,0.389348
2022-10-15,Dairy alternative,2678.6747571428573,1916.1915000000001,76999.18642857144,0.9801391428571428,0.7010682857142857,28.16217057142857,25,27,29,9,2660.652938,1800.759517,3323.2613,0.266522,25,0.677346,0.980224,0.980018,0.980467,0.000243,24,-0.008669,1904.762021,1287.6059,2379.9254,0.073785,27,0.600048,0.701721,0.700136,0.703588,0.001867,27,-0.092973,76719.871596,51670.4985,95957.073143,0.060015,29,0.364071,28.261161,28.02064,28.544487,0.283326,29,-0.35027
2022-10-15,Dairy products and eggs,220827.7133142857,675801.2428,46060791.96522857,4.674685142857143,14.307614142857144,975.1140615714286,1,2,1,9,232477.799758,181843.006267,351065.404543,23.287725,1,-5.011268,4.695567,4.563031,5.229134,0.533567,8,-0.444711,710535.102733,556267.420133,1103935.183871,27.523948,2,-4.888409,14.350037,13.874504,16.437715,2.087678,7,-0.295628,48504478.375397,37951671.559517,74580377.351429,37.943045,1,-5.038063,979.638118,947.127741,1110.38497,130.746852,8,-0.461809
2022-10-15,Dried fruit and nuts,1349.5969142857143,7779.658757142856,2087690.8487571427,1.8992018571428573,10.944105714285714,2936.647843714286,28,20,11,9,1354.723428,1038.388929,3492.095486,0.135705,28,-0.378418,1.889388,1.871719,1.912103,0.022716,18,0.519424,7856.897445,6027.1344,20353.999714,0.304352,20,-0.983069,10.957706,10.926228,10.982189,0.031477,9,-0.124114,2111373.829218,1619963.4337,5475933.913743,1.65164,12,-1.121686,2944.647013,2926.133188,2959.04748,18.513825,2,-0.271651
2022-10-15,Edible oils and plant-based spreads,10494.777842857144,29002.57857142857,1981745.9344142857,4.564954999999999,12.639582714285714,864.2460761428572,14,10,12,9,11516.024682,7616.68445,19449.161571,1.153581,14,-8.86805,4.571062,4.524855,4.614628,0.046207,9,-0.133607,32326.766906,21393.85755,58323.040243,1.25224,9,-10.283083,12.826853,12.319996,13.748304,0.921451,8,-1.459986,2159306.817661,1382403.26375,3664321.3365,1.689136,11,-8.22305,859.015758,796.975647,904.810217,62.040111,9,0.608873
2022-10-15,Fish and fish products,39321.48691428571,22686.668914285714,10219205.773714287,14.170883428571429,8.179398,3683.8100121428574,7,13,4,9,44048.218618,32840.772867,56109.634029,4.41239,6,-10.730812,14.279638,14.164105,14.795633,0.515995,5,-0.761608,25097.448283,17677.2765,30066.8442,0.972198,12,-9.605675,8.135042,7.924591,8.182162,0.210451,10,0.545247,11359882.239798,8182560.301667,13942633.360857,8.886365,4,-10.04127,3682.364329,3675.505187,3683.900114,6.859142,1,0.03926
2022-10-15,"Fresh, chilled or frozen fruit",14065.329885714284,23665.528414285713,2945237.252885714,0.8605954285714285,1.4482037142857143,180.15314228571427,11,12,10,9,15789.317297,10891.896033,19602.676833,1.581645,10,-10.918695,0.869141,0.801294,0.91134,0.067847,26,-0.983238,26149.090577,18436.855767,31249.10995,1.012935,11,-9.4977,1.440723,1.375786,1.496551,0.064936,24,0.51926,3309952.701717,2308666.66155,4022982.239033,2.589239,9,-11.018751,182.199418,171.490344,193.700603,11.501184,24,-1.123097
2022-10-15,Fruit and vegetable juices,3540.5452142857143,5792.724128571428,861066.5182571429,0.5469660000000001,0.8934068571428571,133.09796271428573,22,21,21,9,3956.552029,3322.8124,6014.348971,0.396335,21,-10.514377,0.549655,0.523444,0.565905,0.026211,27,-0.489279,6420.381727,5507.827633,10098.037914,0.248706,21,-9.776017,0.890925,0.874856,0.907908,0.016983,26,0.278564,957660.438973,802306.9711,1466231.447171,0.749138,19,-10.086448,133.064152,127.725177,136.908499,5.338975,25,0.025409
2022-10-15,"Leafy and stem vegetables, including cabbages",2752.241157142857,2777.3552000000004,585784.8205571428,0.5230351428571429,0.5272565714285714,111.24549457142858,24,25,23,9,2757.371029,2291.510433,5559.985586,0.276211,24,-0.186042,0.52777,0.516959,0.544295,0.016525,28,-0.897145,2803.538455,2332.706917,5906.793629,0.1086,26,-0.933936,0.535526,0.508317,0.556186,0.027209,29,-1.544199,582885.201471,490911.0199,1223458.897614,0.455967,23,0.49746,111.33321,109.938657,113.745759,2.412549,26,-0.078787
2022-10-15,Meat alternative,1963.3140142857142,2356.2187285714285,104625.99334285714,3.183671142857143,3.8212944285714285,169.8784102857143,27,26,28,9,2334.920785,1507.460183,3546.6332,0.233893,27,-15.915177,3.203856,3.15683,3.258684,0.054828,14,-0.63002,2935.016621,1767.951217,4661.065671,0.113694,25,-19.72043,4.007139,3.664715,4.363268,0.356129,17,-4.637836,134877.095393,76279.345517,224216.564714,0.105509,27,-22.428643,183.238195,156.950947,211.128878,27.890684,23,-7.290939
2022-10-15,Other Meat,140883.7793,304875.2276571429,11599051.47187143,14.341575714285714,31.097334,1177.9858617142856,3,3,3,9,155605.134295,120499.749017,240673.170914,15.58725,3,-9.460713,14.54359,13.440539,15.963764,1.420174,4,-1.389025,346493.577259,242973.5198,463373.103614,13.422097,3,-12.01129,32.476188,26.094584,40.120317,7.644129,4,-4.245739,12871723.378448,10935977.428233,23519542.951257,10.069016,2,-9.887347,1196.865944,1171.617404,1306.265527,109.399583,7,-1.57746
2022-10-15,Other vegetables,20196.7713,47621.11408571428,3915363.1803,1.3736908571428572,3.245073857142857,266.41823642857145,9,7,6,9,21710.047346,15914.283133,28532.786986,2.174735,9,-6.970395,1.356362,1.328676,1.385649,0.029287,22,1.2776,48418.258862,34800.809067,62979.575171,1.875575,7,-1.646372,3.024343,2.70005,3.328264,0.324293,20,7.298476,4158886.236624,3003937.482633,5335174.981029,3.253324,6,-5.855487,259.81835,251.354083,267.523771,8.464267,21,2.540192
2022-10-15,Pasta products,3693.4311285714284,8008.942414285714,1371174.4838285714,1.765164714285714,3.826844857142857,655.4700318571429,21,19,15,9,3786.170854,2469.686283,4294.3287,0.379268,22,-2.449433,1.768948,1.755839,1.788505,0.019556,20,-0.213887,8190.71269,5343.18925,9354.024514,0.317283,19,-2.219224,3.82556,3.819282,3.831063,0.006278,18,0.033587,1402184.256253,917760.774833,1595015.077443,1.096871,14,-2.211533,655.192799,650.769265,663.292973,8.100175,11,0.042313
2022-10-15,Pastry (savoury),12520.689828571427,32244.91164285714,869302.6504571429,9.256677999999999,23.865603714285715,641.4214058571428,12,9,20,9,12126.324274,10321.05505,19579.955629,1.214716,12,3.252144,8.741523,6.799252,9.710859,1.942272,7,5.89319,29965.389169,23568.996617,40972.183471,1.160767,10,7.607185,21.659973,14.495135,25.177449,7.164837,6,10.182982,922921.302795,826556.673571,1901873.346986,0.721963,20,-5.809667,662.523247,612.539212,710.974256,49.984035,10,-3.185072
2022-10-15,"Potatoes, root crops, non-starchy bulbs and mushrooms",9271.71097142857,13884.578857142857,993901.082,0.4634745714285714,0.6942704285714286,49.671776,15,16,18,9,9479.581166,7237.189171,19570.309457,0.949587,16,-2.19282,0.46348,0.458367,0.464637,0.005112,29,-0.001111,14246.901157,10888.947086,28934.506829,0.551881,16,-2.543166,0.697227,0.679129,0.705335,0.018099,28,-0.424116,1017563.41704,774128.405286,2033935.952857,0.795998,18,-2.325392,49.794536,47.743595,50.189854,2.050941,28,-0.246534
2022-10-15,Preserved fruit and fruit based products,704.7282428571428,1040.5421428571428,150057.70987142855,0.873235,1.2888821428571429,185.888342,29,30,25,9,792.376834,427.837867,909.3098,0.079374,29,-11.061478,0.873013,0.862756,0.878507,0.010257,25,0.025382,1172.190112,623.814667,1352.714314,0.045407,30,-11.23094,1.290893,1.277285,1.314326,0.023434,25,-0.155771,168954.540101,90254.870717,194439.635686,0.132166,25,-11.184565,186.086047,184.937372,188.026297,1.940251,22,-0.106244
2022-10-15,Ready meals,66358.59707142858,217322.1779,7563596.0744,11.350999714285715,37.16398542857143,1291.8247487142855,4,4,5,9,69234.105759,59992.4463,88710.792357,6.935307,4,-4.153312,11.115542,10.328625,11.579405,0.786918,6,2.11827,227633.511184,196833.1531,286054.254,8.817823,4,-4.529796,36.533255,33.59909,38.377942,2.934165,3,1.726457,8015120.061351,6754268.6726,9946543.391871,6.269897,5,-5.633403,1287.886634,1233.17431,1329.759094,54.712323,6,0.305781
2022-10-15,Rice,6599.361185714287,4168.575814285715,3328788.8637142857,4.419907285714286,2.792034285714286,2229.4056065714285,18,23,8,9,6693.004805,4764.563817,7877.731471,0.670451,18,-1.399127,4.413957,4.395409,4.435112,0.021155,11,0.134804,4231.196538,3004.00565,4992.0532,0.163904,23,-1.479977,2.790459,2.785549,2.796059,0.0056,21,0.056445,3374950.652558,2405027.938333,3968670.926971,2.640084,8,-1.367777,2225.728891,2214.268126,2238.80079,13.071899,3,0.165192
2022-10-15,"Salt, spices, culinary herbs and other food products",476.77551428571434,1202.8803285714287,139489.3736142857,1.046216,2.6404864285714282,307.18644885714286,30,29,26,9,516.810652,379.375457,1145.614886,0.05177,30,-7.746577,1.074819,0.809817,1.221574,0.265002,23,-2.661189,1349.002485,884.187243,3982.261571,0.052256,29,-10.831867,2.758251,1.860042,4.102337,1.344086,22,-4.269521,163697.872327,91196.791014,737993.111686,0.128054,26,-14.788524,323.367205,227.575549,684.446814,361.079609,19,-5.003833
2022-10-15,"Sauces, condiments",9023.595385714285,17185.90287142857,1282200.7854714287,2.2392475714285713,4.268599142857143,318.15245542857144,16,15,16,9,9741.672716,6612.831643,16390.927014,0.975841,15,-7.371191,2.272242,2.219467,2.334464,0.062222,16,-1.452055,19720.604072,13509.463229,32628.764671,0.763916,14,-12.853061,4.633239,4.137111,5.845381,1.212142,15,-7.870085,1352646.415272,951675.764257,2346649.088014,1.058119,16,-5.207986,315.774797,298.01131,338.335853,22.561056,20,0.75296
2022-10-15,Savoury snacks,3317.7511285714286,10566.124442857143,652326.4982714286,1.798185142857143,5.728285,353.26524957142857,23,17,22,9,3508.406924,2934.376717,6976.290086,0.351444,23,-5.434255,1.778011,1.72737,1.930614,0.152603,19,1.134652,11150.688654,9137.195133,21948.036743,0.431943,17,-5.242405,5.653864,5.480259,6.146643,0.492779,13,1.31628,678020.444067,547013.339467,1387744.531357,0.530387,22,-3.789553,343.50234,316.547979,437.715846,94.213506,18,2.842167
2022-10-15,"Soft drinks (inc. fizzy and ready to drink fruit drinks), mineral or spring water",4664.374085714286,1285.7045142857144,55637.146771428575,0.21350714285714287,0.058672857142857145,2.5669241428571428,20,28,30,9,5649.728345,4618.665886,10412.868729,0.565944,19,-17.440737,0.21015,0.205601,0.225306,0.015156,30,1.597689,1483.983748,1169.996771,3335.102614,0.057485,28,-13.361281,0.055049,0.049885,0.071721,0.016672,30,6.583087,65043.039427,52897.311257,116022.955314,0.05088,30,-14.461029,2.439413,2.236549,2.64423,0.204817,30,5.227137
2022-10-15,"Sugar, sugar products, jams and marmalades",5499.369414285714,4600.352271428571,947500.1703142857,2.172834,1.817731142857143,374.3718692857143,19,22,19,9,5300.058234,3688.53565,8378.2543,0.530917,20,3.760547,2.154882,2.107335,2.194137,0.047547,17,0.833089,4454.640753,3104.651483,7005.104414,0.172559,22,3.271005,1.811221,1.793978,1.825456,0.017243,23,0.359436,914944.404727,637128.790567,1443213.123371,0.715723,21,3.558223,372.001013,365.721601,377.185269,6.279412,16,0.637325
2022-10-15,"Tea, coffee, cocoa and powdered chocolate",40739.03682857143,43889.60335714286,112203.07457142857,27.067301571428573,29.172121428571426,74.83175514285713,6,8,27,9,39709.720555,28327.34405,54265.222929,3.977795,7,2.592102,26.740506,26.019858,27.627357,0.88685,2,1.222098,42263.378573,30278.014383,59652.770557,1.637153,8,3.847834,28.425734,27.112628,30.299542,1.873808,5,2.625746,99012.963197,64382.544514,171887.487971,0.077454,28,13.3216,66.404043,50.741391,87.517516,21.113474,27,12.691565
2022-10-22,"Baker's yeast, dessert preparations, soups",8480.409071428572,8948.17267142857,1437335.8605714287,2.453292428571429,2.571858857142857,415.5601432857143,17,18,14,9,7985.690448,5158.9966,11109.725871,0.799941,17,6.195064,2.638836,2.399434,3.01519,0.376354,15,-7.031254,10133.984543,7743.733817,12772.186,0.392559,18,-11.701339,3.457694,2.339541,5.233981,1.776287,19,-25.619256,1385906.736596,932849.351929,1911053.4077,1.084137,15,3.710865,459.239816,405.329624,545.753175,86.513359,15,-9.511299
2022-10-22,Beef and Lamb,214539.95618571428,773860.8383428572,3488713.3174285716,91.9714572857143,331.67812014285715,1495.2270248571429,2,1,7,9,207224.686107,139791.837786,342066.711086,20.758075,2,3.530115,90.78412,81.878412,93.473207,8.905708,1,1.307869,762451.264726,511727.556257,1210221.180571,29.535021,1,1.496433,332.544384,330.582466,339.041855,6.497471,1,-0.260496,3446260.019342,2311457.704143,5441731.711429,2.695867,7,1.231866,1502.220715,1486.381377,1554.67736,52.456645,4,-0.465557
2022-10-22,Breads and cereals,32645.31182857143,79665.15458571429,11616524.4683,1.7173344285714285,4.189264428571429,610.8205532857143,8,6,2,9,34676.828332,27259.42595,44667.298843,3.473641,8,-5.858427,1.729168,1.706626,1.753884,0.024716,21,-0.684328,84408.522919,67389.80845,110732.959757,3.269727,6,-5.619537,4.207487,4.155123,4.294658,0.087171,16,-0.433108,12243011.855362,9951514.284967,16090617.298671,9.577201,3,-5.117102,610.467519,604.357677,626.34124,15.87372,12,0.05783
2022-10-22,"Buns, crispbread and biscuits",14390.733971428572,18185.407828571428,1041830.1179999999,4.674529857142857,5.908739142857143,338.39710214285714,10,14,17,9,14641.766396,7038.073033,18824.045329,1.466692,11,-1.714495,4.567265,3.926231,4.713494,0.641034,10,2.348549,18464.739406,8809.09675,23471.154129,0.715267,15,-1.512784,5.761494,4.890149,5.974548,0.871345,12,2.555684,1107429.666344,654959.338583,1873560.941871,0.866296,17,-5.923586,345.52277,336.010497,388.190236,42.667466,17,-2.062286
2022-10-22,Cakes and puddings,11641.940614285715,23526.91917142857,1783792.6516857143,3.755147,7.581695857142857,573.5469031428572,13,11,13,9,12052.166693,9446.5345,27323.8271,1.207288,13,-3.403754,3.866842,3.605168,4.120057,0.261674,12,-2.888526,24195.206302,19153.708186,54549.739343,0.937248,13,-2.762064,7.761808,7.357303,8.090825,0.404506,11,-2.320498,1796396.537273,1442834.604586,4056742.431329,1.405247,13,-0.70162,574.910952,564.979312,581.588772,9.93164,13,-0.237263
2022-10-22,Chocolate,60544.689242857145,104733.79401428571,3204407.2730285716,26.653311857142857,46.106689,1410.6961088571427,5,5,8,9,58315.82945,28150.229133,132547.293257,5.841603,5,3.822049,26.648336,26.635705,26.70231,0.053974,3,0.018672,100886.00487,48669.253133,229294.0415,3.908014,5,3.813997,46.100992,46.086531,46.162786,0.061793,2,0.012357,3087731.596088,1485490.099517,7016207.887686,2.415405,10,3.778686,1410.912515,1408.565066,1411.461877,2.347449,5,-0.015338
2022-10-22,Confectionery products,2369.8368142857144,3760.293257142857,362198.6941142857,3.092523142857143,4.9059294285714286,471.5259715714286,26,24,24,9,2639.015552,1230.34235,3506.494586,0.264355,26,-10.199968,3.375115,3.076151,3.996045,0.620931,13,-8.3728,4173.185967,1949.08865,5594.6689,0.161656,24,-9.893945,5.335199,4.888743,6.384052,1.048852,14,-8.045995,365423.519615,182796.127083,451633.892,0.285856,24,-0.88249,467.73042,451.206086,488.80262,21.0722,14,0.811483
2022-10-22,Dairy alternative,2453.1495142857143,1754.5624,70467.51742857143,0.9801367142857143,0.7010494285714286,28.159315857142854,25,27,29,9,2660.652938,1800.759517,3323.2613,0.266522,25,-7.798966,0.980224,0.980018,0.980467,0.000243,24,-0.008916,1904.762021,1287.6059,2379.9254,0.073785,27,-7.88548,0.701721,0.700136,0.703588,0.001867,27,-0.09566,76719.871596,51670.4985,95957.073143,0.060015,29,-8.149589,28.261161,28.02064,28.544487,0.283326,29,-0.360371
2022-10-22,Dairy products and eggs,216739.48342857143,662555.1703714287,45174121.65162857,4.669645285714286,14.27722257142857,973.3545142857143,1,2,1,9,232477.799758,181843.006267,351065.404543,23.287725,1,-6.769815,4.695567,4.563031,5.229134,0.533567,8,-0.552043,710535.102733,556267.420133,1103935.183871,27.523948,2,-6.752648,14.350037,13.874504,16.437715,2.087678,7,-0.507416,48504478.375397,37951671.559517,74580377.351429,37.943045,1,-6.866081,979.638118,947.127741,1110.38497,130.746852,8,-0.641421
2022-10-22,Dried fruit and nuts,1345.749357142857,7754.220014285714,2080662.3761714287,1.8994332857142857,10.943786000000001,2936.459781714286,28,20,11,9,1354.723428,1038.388929,3492.095486,0.135705,28,-0.662428,1.889388,1.871719,1.912103,0.022716,18,0.531673,7856.897445,6027.1344,20353.999714,0.304352,20,-1.306844,10.957706,10.926228,10.982189,0.031477,9,-0.127032,2111373.829218,1619963.4337,5475933.913743,1.65164,12,-1.454572,2944.647013,2926.133188,2959.04748,18.513825,2,-0.278038
2022-10-22,Edible oils and plant-based spreads,10736.314457142858,29612.89378571429,2000769.0214714285,4.555517285714286,12.576047285714285,850.0077282857144,14,10,12,9,11516.024682,7616.68445,19449.161571,1.153581,14,-6.770654,4.571062,4.524855,4.614628,0.046207,9,-0.340073,32326.766906,21393.85755,58323.040243,1.25224,9,-8.395127,12.826853,12.319996,13.748304,0.921451,8,-1.955318,2159306.817661,1382403.26375,3664321.3365,1.689136,11,-7.342069,859.015758,796.975647,904.810217,62.040111,9,-1.048645
2022-10-22,Fish and fish products,37876.16574285714,21788.02242857143,9825618.209999999,14.195052,8.169540857142858,3683.488738,7,13,4,9,44048.218618,32840.772867,56109.634029,4.41239,6,-14.012037,14.279638,14.164105,14.795633,0.515995,5,-0.592356,25097.448283,17677.2765,30066.8442,0.972198,12,-13.186304,8.135042,7.924591,8.182162,0.210451,10,0.424079,11359882.239798,8182560.301667,13942633.360857,8.886365,4,-13.505985,3682.364329,3675.505187,3683.900114,6.859142,1,0.030535
2022-10-22,"Fresh, chilled or frozen fruit",13653.577142857144,22986.99272857143,2861213.7334714285,0.8592658571428571,1.4482945714285713,180.05208614285715,11,12,10,9,15789.317297,10891.896033,19602.676833,1.581645,10,-13.526488,0.869141,0.801294,0.91134,0.067847,26,-1.136213,26149.090577,18436.855767,31249.10995,1.012935,11,-12.092573,1.440723,1.375786,1.496551,0.064936,24,0.525566,3309952.701717,2308666.66155,4022982.239033,2.589239,9,-13.557262,182.199418,171.490344,193.700603,11.501184,24,-1.178562
2022-10-22,Fruit and vegetable juices,3477.1830142857143,5698.433599999999,845492.7308857143,0.5439701428571428,0.8906902857142857,132.287942,22,21,21,9,3956.552029,3322.8124,6014.348971,0.396335,21,-12.115827,0.549655,0.523444,0.565905,0.026211,27,-1.034322,6420.381727,5507.827633,10098.037914,0.248706,21,-11.244629,0.890925,0.874856,0.907908,0.016983,26,-0.026352,957660.438973,802306.9711,1466231.447171,0.749138,19,-11.712681,133.064152,127.725177,136.908499,5.338975,25,-0.583335
2022-10-22,"Leafy and stem vegetables, including cabbages",3176.509442857143,3083.2118142857144,666782.0133714286,0.524512,0.5083174285714286,110.02501185714286,24,25,22,9,2757.371029,2291.510433,5559.985586,0.276211,24,15.200653,0.52777,0.516959,0.544295,0.016525,28,-0.617315,2803.538455,2332.706917,5906.793629,0.1086,26,9.975728,0.535526,0.508317,0.556186,0.027209,29,-5.080747,582885.201471,490911.0199,1223458.897614,0.455967,23,14.393368,111.33321,109.938657,113.745759,2.412549,26,-1.17503
2022-10-22,Meat alternative,1972.0915857142859,2400.1165285714283,107760.08505714286,3.1901841428571425,3.879577285714286,174.10435942857143,27,26,28,9,2334.920785,1507.460183,3546.6332,0.233893,27,-15.539251,3.203856,3.15683,3.258684,0.054828,14,-0.426734,2935.016621,1767.951217,4661.065671,0.113694,25,-18.224772,4.007139,3.664715,4.363268,0.356129,17,-3.18336,134877.095393,76279.345517,224216.564714,0.105509,27,-20.104978,183.238195,156.950947,211.128878,27.890684,23,-4.984679
2022-10-22,Other Meat,138065.83552857142,298009.56682857143,11409030.76502857,14.329865285714286,31.001710000000003,1181.0008212857142,3,3,3,9,155605.134295,120499.749017,240673.170914,15.58725,3,-11.271671,14.54359,13.440539,15.963764,1.420174,4,-1.469545,346493.577259,242973.5198,463373.103614,13.422097,3,-13.992759,32.476188,26.094584,40.120317,7.644129,4,-4.540183,12871723.378448,10935977.428233,23519542.951257,10.069016,2,-11.363611,1196.865944,1171.617404,1306.265527,109.399583,7,-1.325556
2022-10-22,Other vegetables,20069.71807142857,46684.20377142857,3885984.7518428573,1.3717491428571427,3.197200857142857,265.771863,9,7,6,9,21710.047346,15914.283133,28532.786986,2.174735,9,-7.555623,1.356362,1.328676,1.385649,0.029287,22,1.134444,48418.258862,34800.809067,62979.575171,1.875575,7,-3.581407,3.024343,2.70005,3.328264,0.324293,20,5.715554,4158886.236624,3003937.482633,5335174.981029,3.253324,6,-6.561889,259.81835,251.354083,267.523771,8.464267,21,2.291413
2022-10-22,Pasta products,3626.1916142857144,7875.8871,1347018.2136000001,1.762212,3.8282338571428567,654.4639212857144,21,19,15,9,3786.170854,2469.686283,4294.3287,0.379268,22,-4.225357,1.768948,1.755839,1.788505,0.019556,20,-0.380807,8190.71269,5343.18925,9354.024514,0.317283,19,-3.84369,3.82556,3.819282,3.831063,0.006278,18,0.069896,1402184.256253,917760.774833,1595015.077443,1.096871,14,-3.934293,655.192799,650.769265,663.292973,8.100175,11,-0.111246
2022-10-22,Pastry (savoury),12101.149714285715,30991.878414285715,854760.5564714286,9.177818714285715,23.501354,649.7265594285715,12,9,20,9,12126.324274,10321.05505,19579.955629,1.214716,12,-0.207603,8.741523,6.799252,9.710859,1.942272,7,4.991067,29965.389169,23568.996617,40972.183471,1.160767,10,3.425583,21.659973,14.495135,25.177449,7.164837,6,8.50131,922921.302795,826556.673571,1901873.346986,0.721963,20,-7.385326,662.523247,612.539212,710.974256,49.984035,10,-1.931508
2022-10-22,"Potatoes, root crops, non-starchy bulbs and mushrooms",9002.199771428572,13502.943128571429,967027.1034285715,0.46356185714285714,0.6953057142857143,49.78919057142857,15,16,19,9,9479.581166,7237.189171,19570.309457,0.949587,16,-5.035891,0.46348,0.458367,0.464637,0.005112,29,0.017721,14246.901157,10888.947086,28934.506829,0.551881,16,-5.221894,0.697227,0.679129,0.705335,0.018099,28,-0.27563,1017563.41704,774128.405286,2033935.952857,0.795998,18,-4.966404,49.794536,47.743595,50.189854,2.050941,28,-0.010736
2022-10-22,Preserved fruit and fruit based products,712.0210999999999,1043.9562,150823.81292857142,0.8753148571428572,1.284307,185.51316671428572,29,30,26,9,792.376834,427.837867,909.3098,0.079374,29,-10.141101,0.873013,0.862756,0.878507,0.010257,25,0.263621,1172.190112,623.814667,1352.714314,0.045407,30,-10.939685,1.290893,1.277285,1.314326,0.023434,25,-0.510188,168954.540101,90254.870717,194439.635686,0.132166,25,-10.731128,186.086047,184.937372,188.026297,1.940251,22,-0.307857
2022-10-22,Ready meals,64094.74465714285,208318.0391,7422099.212014286,11.144787857142857,36.20396228571429,1286.930999142857,4,4,5,9,69234.105759,59992.4463,88710.792357,6.935307,4,-7.423164,11.115542,10.328625,11.579405,0.786918,6,0.263104,227633.511184,196833.1531,286054.254,8.817823,4,-8.485338,36.533255,33.59909,38.377942,2.934165,3,-0.901349,8015120.061351,6754268.6726,9946543.391871,6.269897,5,-7.398777,1287.886634,1233.17431,1329.759094,54.712323,6,-0.074202
2022-10-22,Rice,6273.036385714286,3962.6768571428574,3164116.421714286,4.419244285714286,2.791858714285714,2228.9958537142857,18,23,9,9,6693.004805,4764.563817,7877.731471,0.670451,18,-6.274737,4.413957,4.395409,4.435112,0.021155,11,0.119783,4231.196538,3004.00565,4992.0532,0.163904,23,-6.346188,2.790459,2.785549,2.796059,0.0056,21,0.050153,3374950.652558,2405027.938333,3968670.926971,2.640084,8,-6.247032,2225.728891,2214.268126,2238.80079,13.071899,3,0.146782
2022-10-22,"Salt, spices, culinary herbs and other food products",513.5878285714286,1334.5848857142857,155462.73652857143,1.0804575714285714,2.81156,327.417327,30,28,25,9,516.810652,379.375457,1145.614886,0.05177,30,-0.623598,1.074819,0.809817,1.221574,0.265002,23,0.52461,1349.002485,884.187243,3982.261571,0.052256,29,-1.06876,2.758251,1.860042,4.102337,1.344086,22,1.932729,163697.872327,91196.791014,737993.111686,0.128054,26,-5.030692,323.367205,227.575549,684.446814,361.079609,19,1.252484
2022-10-22,"Sauces, condiments",8862.8455,16932.74692857143,1262344.7260285714,2.244369285714286,4.288645428571429,319.685314,16,15,16,9,9741.672716,6612.831643,16390.927014,0.975841,15,-9.021317,2.272242,2.219467,2.334464,0.062222,16,-1.226651,19720.604072,13509.463229,32628.764671,0.763916,14,-14.136774,4.633239,4.137111,5.845381,1.212142,15,-7.437423,1352646.415272,951675.764257,2346649.088014,1.058119,16,-6.675927,315.774797,298.01131,338.335853,22.561056,20,1.238388
2022-10-22,Savoury snacks,3236.6574571428573,10318.468671428573,637443.9421142858,1.792093,5.713048142857143,352.3832252857143,23,17,23,9,3508.406924,2934.376717,6976.290086,0.351444,23,-7.745666,1.778011,1.72737,1.930614,0.152603,19,0.792014,11150.688654,9137.195133,21948.036743,0.431943,17,-7.463395,5.653864,5.480259,6.146643,0.492779,13,1.046785,678020.444067,547013.339467,1387744.531357,0.530387,22,-5.984554,343.50234,316.547979,437.715846,94.213506,18,2.585393
2022-10-22,"Soft drinks (inc. fizzy and ready to drink fruit drinks), mineral or spring water",4650.310128571428,1292.6148857142857,53406.75097142857,0.21430471428571427,0.059530571428571426,2.4726162857142855,20,29,30,9,5649.728345,4618.665886,10412.868729,0.565944,19,-17.689669,0.21015,0.205601,0.225306,0.015156,30,1.977214,1483.983748,1169.996771,3335.102614,0.057485,28,-12.895617,0.055049,0.049885,0.071721,0.016672,30,8.141181,65043.039427,52897.311257,116022.955314,0.05088,30,-17.890136,2.439413,2.236549,2.64423,0.204817,30,1.36113
2022-10-22,"Sugar, sugar products, jams and marmalades",5697.624785714286,4746.628771428572,979996.9393714286,2.1877842857142857,1.8231527142857142,376.34629614285717,19,22,18,9,5300.058234,3688.53565,8378.2543,0.530917,20,7.501173,2.154882,2.107335,2.194137,0.047547,17,1.526876,4454.640753,3104.651483,7005.104414,0.172559,22,6.554693,1.811221,1.793978,1.825456,0.017243,23,0.658768,914944.404727,637128.790567,1443213.123371,0.715723,21,7.109999,372.001013,365.721601,377.185269,6.279412,16,1.168084
2022-10-22,"Tea, coffee, cocoa and powdered chocolate",39894.22631428572,42937.28407142857,109357.37057142858,27.08188457142857,29.150751000000003,74.77417428571428,6,8,27,9,39709.720555,28327.34405,54265.222929,3.977795,7,0.464636,26.740506,26.019858,27.627357,0.88685,2,1.276633,42263.378573,30278.014383,59652.770557,1.637153,8,1.594538,28.425734,27.112628,30.299542,1.873808,5,2.550566,99012.963197,64382.544514,171887.487971,0.077454,28,10.447528,66.404043,50.741391,87.517516,21.113474,27,12.604853
2022-10-29,"Baker's yeast, dessert preparations, soups",8816.830942857143,9501.445657142858,1498514.1075,2.464386142857143,2.631375,418.56404814285713,17,18,14,9,7985.690448,5158.9966,11109.725871,0.799941,17,10.407873,2.638836,2.399434,3.01519,0.376354,15,-6.610853,10133.984543,7743.733817,12772.186,0.392559,18,-6.241759,3.457694,2.339541,5.233981,1.776287,19,-23.89799,1385906.736596,932849.351929,1911053.4077,1.084137,15,8.125177,459.239816,405.329624,545.753175,86.513359,15,-8.857195
2022-10-29,Beef and Lamb,221360.2364142857,796216.6720857143,3588150.9232857144,92.223176,331.49447000000004,1493.744344,2,1,7,9,207224.686107,139791.837786,342066.711086,20.758075,2,6.821364,90.78412,81.878412,93.473207,8.905708,1,1.585141,762451.264726,511727.556257,1210221.180571,29.535021,1,4.428533,332.544384,330.582466,339.041855,6.497471,1,-0.315721,3446260.019342,2311457.704143,5441731.711429,2.695867,7,4.117243,1502.220715,1486.381377,1554.67736,52.456645,4,-0.564256
2022-10-29,Breads and cereals,33958.458385714286,82909.11357142858,12027301.305914285,1.7282612857142856,4.218108428571428,611.8409562857142,8,6,3,9,34676.828332,27259.42595,44667.298843,3.473641,8,-2.071614,1.729168,1.706626,1.753884,0.024716,21,-0.052414,84408.522919,67389.80845,110732.959757,3.269727,6,-1.776372,4.207487,4.155123,4.294658,0.087171,16,0.252432,12243011.855362,9951514.284967,16090617.298671,9.577201,3,-1.761908,610.467519,604.357677,626.34124,15.87372,12,0.224981
2022-10-29,"Buns, crispbread and biscuits",14750.049614285714,18612.71025714286,1085526.8146,4.638352428571428,5.857797571428571,340.8341704285714,10,14,17,9,14641.766396,7038.073033,18824.045329,1.466692,11,0.73955,4.567265,3.926231,4.713494,0.641034,10,1.556447,18464.739406,8809.09675,23471.154129,0.715267,15,0.80137,5.761494,4.890149,5.974548,0.871345,12,1.671511,1107429.666344,654959.338583,1873560.941871,0.866296,17,-1.97781,345.52277,336.010497,388.190236,42.667466,17,-1.356958
2022-10-29,Cakes and puddings,11492.469428571427,23374.06507142857,1797062.101457143,3.6815371428571426,7.488168142857143,575.5227991428571,13,12,13,9,12052.166693,9446.5345,27323.8271,1.207288,13,-4.643956,3.866842,3.605168,4.120057,0.261674,12,-4.792143,24195.206302,19153.708186,54549.739343,0.937248,13,-3.393818,7.761808,7.357303,8.090825,0.404506,11,-3.525471,1796396.537273,1442834.604586,4056742.431329,1.405247,13,0.03705,574.910952,564.979312,581.588772,9.93164,13,0.106425
2022-10-29,Chocolate,58479.560914285714,101167.20477142857,3096062.2786,26.648595,46.101288857142855,1410.901245142857,5,5,9,9,58315.82945,28150.229133,132547.293257,5.841603,5,0.280767,26.648336,26.635705,26.70231,0.053974,3,0.000972,100886.00487,48669.253133,229294.0415,3.908014,5,0.27873,46.100992,46.086531,46.162786,0.061793,2,0.000643,3087731.596088,1485490.099517,7016207.887686,2.415405,10,0.269799,1410.912515,1408.565066,1411.461877,2.347449,5,-0.000799
2022-10-29,Confectionery products,1990.3390571428572,3159.638342857143,305298.0672428571,3.0890117142857143,4.902139714285715,472.0180028571429,27,24,24,9,2639.015552,1230.34235,3506.494586,0.264355,26,-24.580245,3.375115,3.076151,3.996045,0.620931,13,-8.476839,4173.185967,1949.08865,5594.6689,0.161656,24,-24.287143,5.335199,4.888743,6.384052,1.048852,14,-8.117028,365423.519615,182796.127083,451633.892,0.285856,24,-16.453635,467.73042,451.206086,488.80262,21.0722,14,0.916678
2022-10-29,Dairy alternative,2555.8639,1829.0862,73590.98014285715,0.9801954285714285,0.7015002857142857,28.227702857142855,25,27,29,9,2660.652938,1800.759517,3323.2613,0.266522,25,-3.938471,0.980224,0.980018,0.980467,0.000243,24,-0.002926,1904.762021,1287.6059,2379.9254,0.073785,27,-3.97298,0.701721,0.700136,0.703588,0.001867,27,-0.03141,76719.871596,51670.4985,95957.073143,0.060015,29,-4.078332,28.261161,28.02064,28.544487,0.283326,29,-0.118389
2022-10-29,Dairy products and eggs,224136.82964285716,686483.7896571428,46765050.238542855,4.699324428571429,14.398923142857143,980.7123208571429,1,2,1,9,232477.799758,181843.006267,351065.404543,23.287725,1,-3.587857,4.695567,4.563031,5.229134,0.533567,8,0.080024,710535.102733,556267.420133,1103935.183871,27.523948,2,-3.384958,14.350037,13.874504,16.437715,2.087678,7,0.34067,48504478.375397,37951671.559517,74580377.351429,37.943045,1,-3.586119,979.638118,947.127741,1110.38497,130.746852,8,0.109653
2022-10-29,Dried fruit and nuts,1470.1101285714285,8498.230899999999,2282001.779871429,1.8947990000000001,10.950207714285714,2940.2368937142855,28,19,11,9,1354.723428,1038.388929,3492.095486,0.135705,28,8.517362,1.889388,1.871719,1.912103,0.022716,18,0.286393,7856.897445,6027.1344,20353.999714,0.304352,20,8.162681,10.957706,10.926228,10.982189,0.031477,9,-0.068427,2111373.829218,1619963.4337,5475933.913743,1.65164,12,8.081371,2944.647013,2926.133188,2959.04748,18.513825,2,-0.149767
2022-10-29,Edible oils and plant-based spreads,11017.031485714286,30337.92157142857,2052372.7532285713,4.5572479999999995,12.562240571428571,849.6627,14,10,12,9,11516.024682,7616.68445,19449.161571,1.153581,14,-4.333033,4.571062,4.524855,4.614628,0.046207,9,-0.302211,32326.766906,21393.85755,58323.040243,1.25224,9,-6.152317,12.826853,12.319996,13.748304,0.921451,8,-2.062957,2159306.817661,1382403.26375,3664321.3365,1.689136,11,-4.95224,859.015758,796.975647,904.810217,62.040111,9,-1.088811
2022-10-29,Fish and fish products,39384.77377142857,22581.976371428573,10196483.337714287,14.221293142857144,8.158838285714285,3683.139912714286,7,13,4,9,44048.218618,32840.772867,56109.634029,4.41239,6,-10.587136,14.279638,14.164105,14.795633,0.515995,5,-0.40859,25097.448283,17677.2765,30066.8442,0.972198,12,-10.022819,8.135042,7.924591,8.182162,0.210451,10,0.292517,11359882.239798,8182560.301667,13942633.360857,8.886365,4,-10.241294,3682.364329,3675.505187,3683.900114,6.859142,1,0.021062
2022-10-29,"Fresh, chilled or frozen fruit",14151.2544,23907.644785714285,2943871.7338714288,0.8523825714285714,1.4402295714285713,177.44554228571428,11,11,10,9,15789.317297,10891.896033,19602.676833,1.581645,10,-10.374501,0.869141,0.801294,0.91134,0.067847,26,-1.928177,26149.090577,18436.855767,31249.10995,1.012935,11,-8.571793,1.440723,1.375786,1.496551,0.064936,24,-0.034222,3309952.701717,2308666.66155,4022982.239033,2.589239,9,-11.060006,182.199418,171.490344,193.700603,11.501184,24,-2.609161
2022-10-29,Fruit and vegetable juices,3541.095157142857,5750.006857142857,859509.0560285716,0.5470855714285714,0.8882352857142857,132.91802114285716,22,21,21,9,3956.552029,3322.8124,6014.348971,0.396335,21,-10.500478,0.549655,0.523444,0.565905,0.026211,27,-0.467525,6420.381727,5507.827633,10098.037914,0.248706,21,-10.441355,0.890925,0.874856,0.907908,0.016983,26,-0.301908,957660.438973,802306.9711,1466231.447171,0.749138,19,-10.24908,133.064152,127.725177,136.908499,5.338975,25,-0.10982
2022-10-29,"Leafy and stem vegetables, including cabbages",2696.4249142857143,2727.4482428571428,574888.6427999999,0.5227387142857143,0.5295472857142858,111.45413157142858,24,25,23,9,2757.371029,2291.510433,5559.985586,0.276211,24,-2.210298,0.52777,0.516959,0.544295,0.016525,28,-0.953311,2803.538455,2332.706917,5906.793629,0.1086,26,-2.714078,0.535526,0.508317,0.556186,0.027209,29,-1.116448,582885.201471,490911.0199,1223458.897614,0.455967,23,-1.371893,111.33321,109.938657,113.745759,2.412549,26,0.108612
2022-10-29,Meat alternative,2027.2183428571427,2423.959142857143,107312.27094285714,3.1807685714285716,3.8043750000000003,168.45170714285715,26,26,28,9,2334.920785,1507.460183,3546.6332,0.233893,27,-13.178282,3.203856,3.15683,3.258684,0.054828,14,-0.720616,2935.016621,1767.951217,4661.065671,0.113694,25,-17.412422,4.007139,3.664715,4.363268,0.356129,17,-5.060068,134877.095393,76279.345517,224216.564714,0.105509,27,-20.436994,183.238195,156.950947,211.128878,27.890684,23,-8.069544
2022-10-29,Other Meat,148203.0890142857,326190.0819428571,12098078.233628571,14.457517,31.822274714285715,1178.7159117142858,3,3,2,9,155605.134295,120499.749017,240673.170914,15.58725,3,-4.756942,14.54359,13.440539,15.963764,1.420174,4,-0.591827,346493.577259,242973.5198,463373.103614,13.422097,3,-5.859703,32.476188,26.094584,40.120317,7.644129,4,-2.013517,12871723.378448,10935977.428233,23519542.951257,10.069016,2,-6.010424,1196.865944,1171.617404,1306.265527,109.399583,7,-1.516463
2022-10-29,Other vegetables,21026.58427142857,48897.462185714285,4081729.428514286,1.363422,3.1735632857142853,264.68921242857147,9,7,6,9,21710.047346,15914.283133,28532.786986,2.174735,9,-3.148142,1.356362,1.328676,1.385649,0.029287,22,0.520512,48418.258862,34800.809067,62979.575171,1.875575,7,0.989716,3.024343,2.70005,3.328264,0.324293,20,4.933977,4158886.236624,3003937.482633,5335174.981029,3.253324,6,-1.855228,259.81835,251.354083,267.523771,8.464267,21,1.874718
2022-10-29,Pasta products,3631.3938142857146,7852.305985714286,1348773.7285285715,1.7693171428571428,3.824754571428571,657.3210617142857,21,20,15,9,3786.170854,2469.686283,4294.3287,0.379268,22,-4.087957,1.768948,1.755839,1.788505,0.019556,20,0.020853,8190.71269,5343.18925,9354.024514,0.317283,19,-4.13159,3.82556,3.819282,3.831063,0.006278,18,-0.021053,1402184.256253,917760.774833,1595015.077443,1.096871,14,-3.809095,655.192799,650.769265,663.292973,8.100175,11,0.32483
2022-10-29,Pastry (savoury),12023.271114285715,30385.300157142858,871058.6133285714,8.924154285714286,22.58235757142857,644.7215985714286,12,9,20,9,12126.324274,10321.05505,19579.955629,1.214716,12,-0.84983,8.741523,6.799252,9.710859,1.942272,7,2.089234,29965.389169,23568.996617,40972.183471,1.160767,10,1.40132,21.659973,14.495135,25.177449,7.164837,6,4.258477,922921.302795,826556.673571,1901873.346986,0.721963,20,-5.619405,662.523247,612.539212,710.974256,49.984035,10,-2.686947
2022-10-29,"Potatoes, root crops, non-starchy bulbs and mushrooms",9545.079785714286,14310.973199999999,1024876.4747142857,0.4638185714285714,0.6953352857142857,49.777561428571424,15,16,18,9,9479.581166,7237.189171,19570.309457,0.949587,16,0.690944,0.46348,0.458367,0.464637,0.005112,29,0.07311,14246.901157,10888.947086,28934.506829,0.551881,16,0.449726,0.697227,0.679129,0.705335,0.018099,28,-0.271389,1017563.41704,774128.405286,2033935.952857,0.795998,18,0.718683,49.794536,47.743595,50.189854,2.050941,28,-0.03409
2022-10-29,Preserved fruit and fruit based products,715.7907714285714,1050.9889714285714,151783.41531428572,0.8745378571428571,1.286017,185.65339885714283,29,30,26,9,792.376834,427.837867,909.3098,0.079374,29,-9.665359,0.873013,0.862756,0.878507,0.010257,25,0.174618,1172.190112,623.814667,1352.714314,0.045407,30,-10.339717,1.290893,1.277285,1.314326,0.023434,25,-0.377722,168954.540101,90254.870717,194439.635686,0.132166,25,-10.163163,186.086047,184.937372,188.026297,1.940251,22,-0.232499
2022-10-29,Ready meals,66669.9054,218631.6315714286,7646683.904357143,11.159760285714286,36.598289571428566,1280.740955285714,4,4,5,9,69234.105759,59992.4463,88710.792357,6.935307,4,-3.703666,11.115542,10.328625,11.579405,0.786918,6,0.397802,227633.511184,196833.1531,286054.254,8.817823,4,-3.954549,36.533255,33.59909,38.377942,2.934165,3,0.178016,8015120.061351,6754268.6726,9946543.391871,6.269897,5,-4.596764,1287.886634,1233.17431,1329.759094,54.712323,6,-0.554838
2022-10-29,Rice,6758.723685714285,4268.0344428571425,3409545.679714286,4.422200142857142,2.7926412857142857,2230.8223094285713,18,23,8,9,6693.004805,4764.563817,7877.731471,0.670451,18,0.981904,4.413957,4.395409,4.435112,0.021155,11,0.186749,4231.196538,3004.00565,4992.0532,0.163904,23,0.870626,2.790459,2.785549,2.796059,0.0056,21,0.078198,3374950.652558,2405027.938333,3968670.926971,2.640084,8,1.025053,2225.728891,2214.268126,2238.80079,13.071899,3,0.228843
2022-10-29,"Salt, spices, culinary herbs and other food products",506.29637142857143,1273.2192857142857,156802.61615714285,1.0340514285714286,2.5984281428571427,320.0255497142857,30,29,25,9,516.810652,379.375457,1145.614886,0.05177,30,-2.034455,1.074819,0.809817,1.221574,0.265002,23,-3.792967,1349.002485,884.187243,3982.261571,0.052256,29,-5.617721,2.758251,1.860042,4.102337,1.344086,22,-5.794338,163697.872327,91196.791014,737993.111686,0.128054,26,-4.212184,323.367205,227.575549,684.446814,361.079609,19,-1.033393
2022-10-29,"Sauces, condiments",9414.653828571429,18282.502414285715,1330758.4868142859,2.2524725714285716,4.370489428571429,318.3537921428571,16,15,16,9,9741.672716,6612.831643,16390.927014,0.975841,15,-3.356907,2.272242,2.219467,2.334464,0.062222,16,-0.870031,19720.604072,13509.463229,32628.764671,0.763916,14,-7.292381,4.633239,4.137111,5.845381,1.212142,15,-5.670969,1352646.415272,951675.764257,2346649.088014,1.058119,16,-1.618156,315.774797,298.01131,338.335853,22.561056,20,0.81672
2022-10-29,Savoury snacks,3232.7425428571432,10372.969642857144,643715.3529142857,1.7781968571428572,5.707041428571429,354.38234957142856,23,17,22,9,3508.406924,2934.376717,6976.290086,0.351444,23,-7.857252,1.778011,1.72737,1.930614,0.152603,19,0.010458,11150.688654,9137.195133,21948.036743,0.431943,17,-6.974628,5.653864,5.480259,6.146643,0.492779,13,0.940544,678020.444067,547013.339467,1387744.531357,0.530387,22,-5.059595,343.50234,316.547979,437.715846,94.213506,18,3.167376
2022-10-29,"Soft drinks (inc. fizzy and ready to drink fruit drinks), mineral or spring water",4737.8629,1293.5606285714287,53826.33491428571,0.212998,0.05789942857142857,2.4239105714285714,20,28,30,9,5649.728345,4618.665886,10412.868729,0.565944,19,-16.139987,0.21015,0.205601,0.225306,0.015156,30,1.355412,1483.983748,1169.996771,3335.102614,0.057485,28,-12.831887,0.055049,0.049885,0.071721,0.016672,30,5.178103,65043.039427,52897.311257,116022.955314,0.05088,30,-17.24505,2.439413,2.236549,2.64423,0.204817,30,-0.635486
2022-10-29,"Sugar, sugar products, jams and marmalades",5851.4681,4868.4003,1005915.418,2.194137142857143,1.8254562857142855,377.1852691428571,19,22,19,9,5300.058234,3688.53565,8378.2543,0.530917,20,10.403845,2.154882,2.107335,2.194137,0.047547,17,1.821688,4454.640753,3104.651483,7005.104414,0.172559,22,9.288281,1.811221,1.793978,1.825456,0.017243,23,0.785951,914944.404727,637128.790567,1443213.123371,0.715723,21,9.942791,372.001013,365.721601,377.185269,6.279412,16,1.393613
2022-10-29,"Tea, coffee, cocoa and powdered chocolate",42152.394728571424,45734.980157142854,116359.21162857143,26.96979214285714,29.222474428571427,74.48281585714287,6,8,27,9,39709.720555,28327.34405,54265.222929,3.977795,7,6.151326,26.740506,26.019858,27.627357,0.88685,2,0.857447,42263.378573,30278.014383,59652.770557,1.637153,8,8.214207,28.425734,27.112628,30.299542,1.873808,5,2.802885,99012.963197,64382.544514,171887.487971,0.077454,28,17.519169,66.404043,50.741391,87.517516,21.113474,27,12.166086
2022-11-05,"Baker's yeast, dessert preparations, soups",8679.299671428571,9853.434657142858,1487643.7923714283,2.501182285714286,2.820214857142857,428.4317848571428,17,18,14,10,7985.690448,5158.9966,11109.725871,0.799941,17,8.685651,2.638836,2.399434,3.01519,0.376354,15,-5.216444,10133.984543,7743.733817,12772.186,0.392559,18,-2.768406,3.457694,2.339541,5.233981,1.776287,19,-18.436551,1385906.736596,932849.351929,1911053.4077,1.084137,15,7.34083,459.239816,405.329624,545.753175,86.513359,15,-6.708484
2022-11-05,Beef and Lamb,218669.677,784218.6348857143,3532686.1304285713,92.427427,331.34545157142855,1492.5412595714286,2,1,7,10,207224.686107,139791.837786,342066.711086,20.758075,2,5.522986,90.78412,81.878412,93.473207,8.905708,1,1.810127,762451.264726,511727.556257,1210221.180571,29.535021,1,2.85492,332.544384,330.582466,339.041855,6.497471,1,-0.360533,3446260.019342,2311457.704143,5441731.711429,2.695867,7,2.507823,1502.220715,1486.381377,1554.67736,52.456645,4,-0.644343
2022-11-05,Breads and cereals,33238.0405,81194.05967142856,11716135.0317,1.7360550000000001,4.239031571428571,611.4121612857143,8,6,3,10,34676.828332,27259.42595,44667.298843,3.473641,8,-4.149133,1.729168,1.706626,1.753884,0.024716,21,0.398307,84408.522919,67389.80845,110732.959757,3.269727,6,-3.808221,4.207487,4.155123,4.294658,0.087171,16,0.749715,12243011.855362,9951514.284967,16090617.298671,9.577201,3,-4.30349,610.467519,604.357677,626.34124,15.87372,12,0.154741
2022-11-05,"Buns, crispbread and biscuits",14568.529442857145,18288.303385714284,1081371.7078285716,4.5874760000000006,5.760696714285714,340.4276602857143,10,14,17,10,14641.766396,7038.073033,18824.045329,1.466692,11,-0.500192,4.567265,3.926231,4.713494,0.641034,10,0.44251,18464.739406,8809.09675,23471.154129,0.715267,15,-0.955529,5.761494,4.890149,5.974548,0.871345,12,-0.013831,1107429.666344,654959.338583,1873560.941871,0.866296,17,-2.353013,345.52277,336.010497,388.190236,42.667466,17,-1.474609
2022-11-05,Cakes and puddings,11681.944614285716,23782.88257142857,1838959.9870857145,3.6487408571428572,7.431360571428572,574.8779294285714,12,11,13,10,12052.166693,9446.5345,27323.8271,1.207288,13,-3.07183,3.866842,3.605168,4.120057,0.261674,12,-5.640285,24195.206302,19153.708186,54549.739343,0.937248,13,-1.704155,7.761808,7.357303,8.090825,0.404506,11,-4.257357,1796396.537273,1442834.604586,4056742.431329,1.405247,13,2.369379,574.910952,564.979312,581.588772,9.93164,13,-0.005744
2022-11-05,Chocolate,66263.65397142856,114647.52235714287,3510506.7256714287,26.64052571428571,46.09205042857143,1411.2522145714286,5,5,8,10,58315.82945,28150.229133,132547.293257,5.841603,5,13.628932,26.648336,26.635705,26.70231,0.053974,3,-0.029309,100886.00487,48669.253133,229294.0415,3.908014,5,13.640661,46.100992,46.086531,46.162786,0.061793,2,-0.019397,3087731.596088,1485490.099517,7016207.887686,2.415405,10,13.692095,1410.912515,1408.565066,1411.461877,2.347449,5,0.024077
2022-11-05,Confectionery products,2033.3618142857142,3227.8441857142857,310738.1124714286,3.102006857142857,4.921919,471.86262342857145,26,24,24,10,2639.015552,1230.34235,3506.494586,0.264355,26,-22.949987,3.375115,3.076151,3.996045,0.620931,13,-8.091811,4173.185967,1949.08865,5594.6689,0.161656,24,-22.65276,5.335199,4.888743,6.384052,1.048852,14,-7.746296,365423.519615,182796.127083,451633.892,0.285856,24,-14.964939,467.73042,451.206086,488.80262,21.0722,14,0.883458
2022-11-05,Dairy alternative,2431.563757142857,1740.0691000000002,70001.79400000001,0.9801927142857142,0.7014794285714286,28.22453085714286,25,27,29,10,2660.652938,1800.759517,3323.2613,0.266522,25,-8.610262,0.980224,0.980018,0.980467,0.000243,24,-0.003203,1904.762021,1287.6059,2379.9254,0.073785,27,-8.646378,0.701721,0.700136,0.703588,0.001867,27,-0.034383,76719.871596,51670.4985,95957.073143,0.060015,29,-8.756633,28.261161,28.02064,28.544487,0.283326,29,-0.129613
2022-11-05,Dairy products and eggs,219337.43577142857,669777.5082,45666061.088771425,4.631574428571428,14.146843714285714,964.424105,1,2,1,10,232477.799758,181843.006267,351065.404543,23.287725,1,-5.652309,4.695567,4.563031,5.229134,0.533567,8,-1.362826,710535.102733,556267.420133,1103935.183871,27.523948,2,-5.736183,14.350037,13.874504,16.437715,2.087678,7,-1.415977,48504478.375397,37951671.559517,74580377.351429,37.943045,1,-5.851866,979.638118,947.127741,1110.38497,130.746852,8,-1.553024
2022-11-05,Dried fruit and nuts,1574.9284285714286,9078.647114285715,2436282.7489571427,1.8996844285714285,10.943437857142856,2936.2551145714283,28,19,11,10,1354.723428,1038.388929,3492.095486,0.135705,28,16.254609,1.889388,1.871719,1.912103,0.022716,18,0.544965,7856.897445,6027.1344,20353.999714,0.304352,20,15.550027,10.957706,10.926228,10.982189,0.031477,9,-0.130209,2111373.829218,1619963.4337,5475933.913743,1.65164,12,15.388507,2944.647013,2926.133188,2959.04748,18.513825,2,-0.284988
2022-11-05,Edible oils and plant-based spreads,10511.195028571428,28767.457757142856,1934286.215442857,4.550893857142857,12.457463,837.7113727142857,14,9,12,10,11516.024682,7616.68445,19449.161571,1.153581,14,-8.725491,4.571062,4.524855,4.614628,0.046207,9,-0.441219,32326.766906,21393.85755,58323.040243,1.25224,9,-11.010409,12.826853,12.319996,13.748304,0.921451,8,-2.879818,2159306.817661,1382403.26375,3664321.3365,1.689136,11,-10.420965,859.015758,796.975647,904.810217,62.040111,9,-2.480092
2022-11-05,Fish and fish products,38398.57267142857,21941.686628571428,9920403.298714284,14.253119428571429,8.145857571428571,3682.7168441428576,7,13,4,10,44048.218618,32840.772867,56109.634029,4.41239,6,-12.826049,14.279638,14.164105,14.795633,0.515995,5,-0.185711,25097.448283,17677.2765,30066.8442,0.972198,12,-12.574034,8.135042,7.924591,8.182162,0.210451,10,0.132952,11359882.239798,8182560.301667,13942633.360857,8.886365,4,-12.671601,3682.364329,3675.505187,3683.900114,6.859142,1,0.009573
2022-11-05,"Fresh, chilled or frozen fruit",13605.926857142858,23139.568314285716,2816094.8670142856,0.8433954285714286,1.4350222857142858,174.58795057142856,11,12,10,10,15789.317297,10891.896033,19602.676833,1.581645,10,-13.828276,0.869141,0.801294,0.91134,0.067847,26,-2.962203,26149.090577,18436.855767,31249.10995,1.012935,11,-11.50909,1.440723,1.375786,1.496551,0.064936,24,-0.395658,3309952.701717,2308666.66155,4022982.239033,2.589239,9,-14.920389,182.199418,171.490344,193.700603,11.501184,24,-4.177548
2022-11-05,Fruit and vegetable juices,3548.2979,5721.8177857142855,856336.3957142857,0.5522752857142857,0.889407142857143,133.22781528571429,21,21,20,10,3956.552029,3322.8124,6014.348971,0.396335,21,-10.318432,0.549655,0.523444,0.565905,0.026211,27,0.476651,6420.381727,5507.827633,10098.037914,0.248706,21,-10.880411,0.890925,0.874856,0.907908,0.016983,26,-0.170376,957660.438973,802306.9711,1466231.447171,0.749138,19,-10.580373,133.064152,127.725177,136.908499,5.338975,25,0.122996
2022-11-05,"Leafy and stem vegetables, including cabbages",2514.314857142857,2595.373328571429,539400.1014142857,0.5228347142857143,0.5393375714285714,112.083749,24,25,23,10,2757.371029,2291.510433,5559.985586,0.276211,24,-8.814779,0.52777,0.516959,0.544295,0.016525,28,-0.935122,2803.538455,2332.706917,5906.793629,0.1086,26,-7.425085,0.535526,0.508317,0.556186,0.027209,29,0.711714,582885.201471,490911.0199,1223458.897614,0.455967,23,-7.46032,111.33321,109.938657,113.745759,2.412549,26,0.674137
2022-11-05,Meat alternative,1978.058742857143,2381.2396,106719.68954285713,3.1898532857142854,3.8355131428571427,171.81707985714283,27,26,28,10,2334.920785,1507.460183,3546.6332,0.233893,27,-15.283689,3.203856,3.15683,3.258684,0.054828,14,-0.437061,2935.016621,1767.951217,4661.065671,0.113694,25,-18.867935,4.007139,3.664715,4.363268,0.356129,17,-4.283001,134877.095393,76279.345517,224216.564714,0.105509,27,-20.876344,183.238195,156.950947,211.128878,27.890684,23,-6.232933
2022-11-05,Other Meat,145273.1258,313966.95709999994,11936823.077571427,14.28752342857143,30.882808428571426,1171.6174038571428,3,3,2,10,155605.134295,120499.749017,240673.170914,15.58725,3,-6.639889,14.54359,13.440539,15.963764,1.420174,4,-1.760683,346493.577259,242973.5198,463373.103614,13.422097,3,-9.387366,32.476188,26.094584,40.120317,7.644129,4,-4.906302,12871723.378448,10935977.428233,23519542.951257,10.069016,2,-7.26321,1196.865944,1171.617404,1306.265527,109.399583,7,-2.109555
2022-11-05,Other vegetables,20384.651571428574,47714.24122857143,3975595.035385714,1.3717068571428572,3.2097357142857144,267.5237714285714,9,7,6,10,21710.047346,15914.283133,28532.786986,2.174735,9,-6.104988,1.356362,1.328676,1.385649,0.029287,22,1.131327,48418.258862,34800.809067,62979.575171,1.875575,7,-1.454033,3.024343,2.70005,3.328264,0.324293,20,6.13002,4158886.236624,3003937.482633,5335174.981029,3.253324,6,-4.407218,259.81835,251.354083,267.523771,8.464267,21,2.965696
2022-11-05,Pasta products,3535.470457142857,7646.406757142858,1315069.3967857142,1.7680377142857142,3.8250671428571428,657.8007188571428,22,20,16,10,3786.170854,2469.686283,4294.3287,0.379268,22,-6.621476,1.768948,1.755839,1.788505,0.019556,20,-0.051474,8190.71269,5343.18925,9354.024514,0.317283,19,-6.645404,3.82556,3.819282,3.831063,0.006278,18,-0.012882,1402184.256253,917760.774833,1595015.077443,1.096871,14,-6.212797,655.192799,650.769265,663.292973,8.100175,11,0.398039
2022-11-05,Pastry (savoury),11079.341085714286,27489.401471428573,831733.7709285713,8.598986285714286,21.347550428571427,645.0846297142858,13,10,21,10,12126.324274,10321.05505,19579.955629,1.214716,12,-8.63397,8.741523,6.799252,9.710859,1.942272,7,-1.630575,29965.389169,23568.996617,40972.183471,1.160767,10,-8.262825,21.659973,14.495135,25.177449,7.164837,6,-1.442394,922921.302795,826556.673571,1901873.346986,0.721963,20,-9.880315,662.523247,612.539212,710.974256,49.984035,10,-2.632152
2022-11-05,"Potatoes, root crops, non-starchy bulbs and mushrooms",9337.176114285714,13925.027,1001513.7051428573,0.4639594285714286,0.6921039999999999,49.76250671428571,15,16,18,10,9479.581166,7237.189171,19570.309457,0.949587,16,-1.502229,0.46348,0.458367,0.464637,0.005112,29,0.103501,14246.901157,10888.947086,28934.506829,0.551881,16,-2.259257,0.697227,0.679129,0.705335,0.018099,28,-0.734837,1017563.41704,774128.405286,2033935.952857,0.795998,18,-1.577269,49.794536,47.743595,50.189854,2.050941,28,-0.064324
2022-11-05,Preserved fruit and fruit based products,721.5869857142858,1049.1975857142857,151910.37432857143,0.8785065714285715,1.2772848571428572,184.93737185714286,29,30,26,10,792.376834,427.837867,909.3098,0.079374,29,-8.933861,0.873013,0.862756,0.878507,0.010257,25,0.629218,1172.190112,623.814667,1352.714314,0.045407,30,-10.492541,1.290893,1.277285,1.314326,0.023434,25,-1.054164,168954.540101,90254.870717,194439.635686,0.132166,25,-10.088019,186.086047,184.937372,188.026297,1.940251,22,-0.617281
2022-11-05,Ready meals,70236.80394285715,229619.36274285713,7738661.3372142855,11.579404857142858,37.850066857142856,1272.308888142857,4,4,5,10,69234.105759,59992.4463,88710.792357,6.935307,4,1.448272,11.115542,10.328625,11.579405,0.786918,6,4.173097,227633.511184,196833.1531,286054.254,8.817823,4,0.87239,36.533255,33.59909,38.377942,2.934165,3,3.604421,8015120.061351,6754268.6726,9946543.391871,6.269897,5,-3.449215,1287.886634,1233.17431,1329.759094,54.712323,6,-1.209559
2022-11-05,Rice,6751.185085714285,4261.516171428571,3406286.373714286,4.425351,2.793475428571429,2232.769303714286,18,23,9,10,6693.004805,4764.563817,7877.731471,0.670451,18,0.86927,4.413957,4.395409,4.435112,0.021155,11,0.258133,4231.196538,3004.00565,4992.0532,0.163904,23,0.716574,2.790459,2.785549,2.796059,0.0056,21,0.10809,3374950.652558,2405027.938333,3968670.926971,2.640084,8,0.928479,2225.728891,2214.268126,2238.80079,13.071899,3,0.316319
2022-11-05,"Salt, spices, culinary herbs and other food products",510.82302857142855,1322.538857142857,167356.0593,1.0639127142857143,2.759806142857143,352.1973311428572,30,28,25,10,516.810652,379.375457,1145.614886,0.05177,30,-1.158572,1.074819,0.809817,1.221574,0.265002,23,-1.014706,1349.002485,884.187243,3982.261571,0.052256,29,-1.961718,2.758251,1.860042,4.102337,1.344086,22,0.056399,163697.872327,91196.791014,737993.111686,0.128054,26,2.234719,323.367205,227.575549,684.446814,361.079609,19,8.9156
2022-11-05,"Sauces, condiments",9284.343757142857,18137.663228571426,1315237.3870285715,2.2518154285714287,4.397586571428572,319.152917,16,15,15,10,9741.672716,6612.831643,16390.927014,0.975841,15,-4.694563,2.272242,2.219467,2.334464,0.062222,16,-0.898951,19720.604072,13509.463229,32628.764671,0.763916,14,-8.026838,4.633239,4.137111,5.845381,1.212142,15,-5.086127,1352646.415272,951675.764257,2346649.088014,1.058119,16,-2.765618,315.774797,298.01131,338.335853,22.561056,20,1.069788
2022-11-05,Savoury snacks,3186.4543714285714,10297.952142857142,648501.3199285715,1.7559602857142858,5.679117,358.0219117142857,23,17,22,10,3508.406924,2934.376717,6976.290086,0.351444,23,-9.176602,1.778011,1.72737,1.930614,0.152603,19,-1.240185,11150.688654,9137.195133,21948.036743,0.431943,17,-7.647389,5.653864,5.480259,6.146643,0.492779,13,0.446645,678020.444067,547013.339467,1387744.531357,0.530387,22,-4.353722,343.50234,316.547979,437.715846,94.213506,18,4.226921
2022-11-05,"Soft drinks (inc. fizzy and ready to drink fruit drinks), mineral or spring water",4748.432585714285,1269.5353142857143,52897.31125714286,0.2115092857142857,0.056419142857142855,2.371112,20,29,30,10,5649.728345,4618.665886,10412.868729,0.565944,19,-15.952904,0.21015,0.205601,0.225306,0.015156,30,0.647005,1483.983748,1169.996771,3335.102614,0.057485,28,-14.450861,0.055049,0.049885,0.071721,0.016672,30,2.489067,65043.039427,52897.311257,116022.955314,0.05088,30,-18.673371,2.439413,2.236549,2.64423,0.204817,30,-2.799883
2022-11-05,"Sugar, sugar products, jams and marmalades",5663.549585714286,4739.1628,975911.9509571429,2.172475857142857,1.8176014285714286,374.32457828571427,19,22,19,10,5300.058234,3688.53565,8378.2543,0.530917,20,6.858252,2.154882,2.107335,2.194137,0.047547,17,0.816469,4454.640753,3104.651483,7005.104414,0.172559,22,6.387093,1.811221,1.793978,1.825456,0.017243,23,0.352274,914944.404727,637128.790567,1443213.123371,0.715723,21,6.663525,372.001013,365.721601,377.185269,6.279412,16,0.624613
2022-11-05,"Tea, coffee, cocoa and powdered chocolate",42592.373342857136,46692.31902857143,125893.38494285716,27.149677571428573,29.751647,80.06031700000001,6,8,27,10,39709.720555,28327.34405,54265.222929,3.977795,7,7.259313,26.740506,26.019858,27.627357,0.88685,2,1.530155,42263.378573,30278.014383,59652.770557,1.637153,8,10.479381,28.425734,27.112628,30.299542,1.873808,5,4.664482,99012.963197,64382.544514,171887.487971,0.077454,28,27.148386,66.404043,50.741391,87.517516,21.113474,27,20.565426
2022-11-12,"Baker's yeast, dessert preparations, soups",8611.812028571429,9876.969485714286,1478558.3542142857,2.508164142857143,2.8498082857142855,430.01960657142854,17,18,14,10,7985.690448,5158.9966,11109.725871,0.799941,17,7.840544,2.638836,2.399434,3.01519,0.376354,15,-4.951863,10133.984543,7743.733817,12772.186,0.392559,18,-2.53617,3.457694,2.339541,5.233981,1.776287,19,-17.580679,1385906.736596,932849.351929,1911053.4077,1.084137,15,6.685271,459.239816,405.329624,545.753175,86.513359,15,-6.362734
2022-11-12,Beef and Lamb,217849.21541428572,781496.1988857144,3520555.0344285714,92.42763942857142,331.3452967142857,1492.5400094285712,2,1,8,10,207224.686107,139791.837786,342066.711086,20.758075,2,5.127058,90.78412,81.878412,93.473207,8.905708,1,1.810361,762451.264726,511727.556257,1210221.180571,29.535021,1,2.497856,332.544384,330.582466,339.041855,6.497471,1,-0.36058,3446260.019342,2311457.704143,5441731.711429,2.695867,7,2.155816,1502.220715,1486.381377,1554.67736,52.456645,4,-0.644426
2022-11-12,Breads and cereals,33103.23344285714,80892.624,11687762.809342857,1.7337582857142857,4.234253571428572,611.5465645714286,8,6,3,10,34676.828332,27259.42595,44667.298843,3.473641,8,-4.537886,1.729168,1.706626,1.753884,0.024716,21,0.265485,84408.522919,67389.80845,110732.959757,3.269727,6,-4.165336,4.207487,4.155123,4.294658,0.087171,16,0.636156,12243011.855362,9951514.284967,16090617.298671,9.577201,3,-4.535232,610.467519,604.357677,626.34124,15.87372,12,0.176757
2022-11-12,"Buns, crispbread and biscuits",14926.973628571428,18770.283528571428,1114021.6517999999,4.5875765714285714,5.772961428571429,341.9704822857143,10,14,17,10,14641.766396,7038.073033,18824.045329,1.466692,11,1.947902,4.567265,3.926231,4.713494,0.641034,10,0.444712,18464.739406,8809.09675,23471.154129,0.715267,15,1.654744,5.761494,4.890149,5.974548,0.871345,12,0.199043,1107429.666344,654959.338583,1873560.941871,0.866296,17,0.595251,345.52277,336.010497,388.190236,42.667466,17,-1.028091
2022-11-12,Cakes and puddings,11899.317299999999,24300.4575,1890850.6388142856,3.626605285714286,7.404501571428571,575.7587298571428,12,11,13,10,12052.166693,9446.5345,27323.8271,1.207288,13,-1.268232,3.866842,3.605168,4.120057,0.261674,12,-6.212731,24195.206302,19153.708186,54549.739343,0.937248,13,0.435008,7.761808,7.357303,8.090825,0.404506,11,-4.603398,1796396.537273,1442834.604586,4056742.431329,1.405247,13,5.257976,574.910952,564.979312,581.588772,9.93164,13,0.147462
2022-11-12,Chocolate,73008.9066,126320.79102857143,3868320.7710857145,26.637663,46.08877342857143,1411.3767151428572,4,5,7,10,58315.82945,28150.229133,132547.293257,5.841603,5,25.195693,26.648336,26.635705,26.70231,0.053974,3,-0.040051,100886.00487,48669.253133,229294.0415,3.908014,5,25.211412,46.100992,46.086531,46.162786,0.061793,2,-0.026505,3087731.596088,1485490.099517,7016207.887686,2.415405,10,25.280344,1410.912515,1408.565066,1411.461877,2.347449,5,0.032901
2022-11-12,Confectionery products,2444.1915428571424,3885.2471857142855,376861.41357142857,3.0766004285714286,4.890309857142857,474.157284,25,24,24,10,2639.015552,1230.34235,3506.494586,0.264355,26,-7.38245,3.375115,3.076151,3.996045,0.620931,13,-8.844568,4173.185967,1949.08865,5594.6689,0.161656,24,-6.899735,5.335199,4.888743,6.384052,1.048852,14,-8.33876,365423.519615,182796.127083,451633.892,0.285856,24,3.130038,467.73042,451.206086,488.80262,21.0722,14,1.374053
2022-11-12,Dairy alternative,2417.754557142857,1729.2032,69443.64871428571,0.9801302857142857,0.7010007142857143,28.151851142857144,26,27,29,10,2660.652938,1800.759517,3323.2613,0.266522,25,-9.129277,0.980224,0.980018,0.980467,0.000243,24,-0.009572,1904.762021,1287.6059,2379.9254,0.073785,27,-9.216838,0.701721,0.700136,0.703588,0.001867,27,-0.102603,76719.871596,51670.4985,95957.073143,0.060015,29,-9.484144,28.261161,28.02064,28.544487,0.283326,29,-0.386785
2022-11-12,Dairy products and eggs,219777.56735714286,670224.2262857143,45710484.295742854,4.649166714285714,14.185528857142858,967.2740548571429,1,2,1,10,232477.799758,181843.006267,351065.404543,23.287725,1,-5.462987,4.695567,4.563031,5.229134,0.533567,8,-0.988169,710535.102733,556267.420133,1103935.183871,27.523948,2,-5.673312,14.350037,13.874504,16.437715,2.087678,7,-1.146395,48504478.375397,37951671.559517,74580377.351429,37.943045,1,-5.760281,979.638118,947.127741,1110.38497,130.746852,8,-1.262105
2022-11-12,Dried fruit and nuts,1624.3909428571428,9393.513542857141,2522621.418785714,1.8941052857142857,10.951168714285714,2940.802174142857,28,19,11,10,1354.723428,1038.388929,3492.095486,0.135705,28,19.905725,1.889388,1.871719,1.912103,0.022716,18,0.249677,7856.897445,6027.1344,20353.999714,0.304352,20,19.557543,10.957706,10.926228,10.982189,0.031477,9,-0.059657,2111373.829218,1619963.4337,5475933.913743,1.65164,12,19.477725,2944.647013,2926.133188,2959.04748,18.513825,2,-0.13057
2022-11-12,Edible oils and plant-based spreads,10315.360085714286,28353.73577142857,1915926.4143714285,4.578686714285714,12.597103571428573,851.9392195714287,14,9,12,10,11516.024682,7616.68445,19449.161571,1.153581,14,-10.426034,4.571062,4.524855,4.614628,0.046207,9,0.166799,32326.766906,21393.85755,58323.040243,1.25224,9,-12.290221,12.826853,12.319996,13.748304,0.921451,8,-1.79116,2159306.817661,1382403.26375,3664321.3365,1.689136,11,-11.271228,859.015758,796.975647,904.810217,62.040111,9,-0.823796
2022-11-12,Fish and fish products,38206.28948571429,21857.26397142857,9877786.431,14.239814714285714,8.151284,3682.8937074285714,7,13,4,10,44048.218618,32840.772867,56109.634029,4.41239,6,-13.262578,14.279638,14.164105,14.795633,0.515995,5,-0.278884,25097.448283,17677.2765,30066.8442,0.972198,12,-12.910413,8.135042,7.924591,8.182162,0.210451,10,0.199656,11359882.239798,8182560.301667,13942633.360857,8.886365,4,-13.046753,3682.364329,3675.505187,3683.900114,6.859142,1,0.014376
2022-11-12,"Fresh, chilled or frozen fruit",13808.138971428572,23515.677785714284,2875216.8923,0.8464047142857142,1.4417708571428574,176.22391757142856,11,12,10,10,15789.317297,10891.896033,19602.676833,1.581645,10,-12.547587,0.869141,0.801294,0.91134,0.067847,26,-2.615966,26149.090577,18436.855767,31249.10995,1.012935,11,-10.070762,1.440723,1.375786,1.496551,0.064936,24,0.072758,3309952.701717,2308666.66155,4022982.239033,2.589239,9,-13.1342,182.199418,171.490344,193.700603,11.501184,24,-3.279649
2022-11-12,Fruit and vegetable juices,3488.3355714285717,5641.944885714285,844446.5849142857,0.5496368571428571,0.8883728571428572,133.07375942857144,21,21,20,10,3956.552029,3322.8124,6014.348971,0.396335,21,-11.833952,0.549655,0.523444,0.565905,0.026211,27,-0.003364,6420.381727,5507.827633,10098.037914,0.248706,21,-12.124464,0.890925,0.874856,0.907908,0.016983,26,-0.286467,957660.438973,802306.9711,1466231.447171,0.749138,19,-11.82192,133.064152,127.725177,136.908499,5.338975,25,0.00722
2022-11-12,"Leafy and stem vegetables, including cabbages",2527.0804,2603.835714285714,542739.5028857143,0.5217011428571429,0.537173,111.962638,24,25,23,10,2757.371029,2291.510433,5559.985586,0.276211,24,-8.351819,0.52777,0.516959,0.544295,0.016525,28,-1.149907,2803.538455,2332.706917,5906.793629,0.1086,26,-7.123239,0.535526,0.508317,0.556186,0.027209,29,0.307518,582885.201471,490911.0199,1223458.897614,0.455967,23,-6.887411,111.33321,109.938657,113.745759,2.412549,26,0.565355
2022-11-12,Meat alternative,1963.1311285714287,2366.4566,104910.39455714286,3.1815411428571427,3.833923,170.09431114285715,27,26,28,10,2334.920785,1507.460183,3546.6332,0.233893,27,-15.923009,3.203856,3.15683,3.258684,0.054828,14,-0.696502,2935.016621,1767.951217,4661.065671,0.113694,25,-19.371612,4.007139,3.664715,4.363268,0.356129,17,-4.322684,134877.095393,76279.345517,224216.564714,0.105509,27,-22.217783,183.238195,156.950947,211.128878,27.890684,23,-7.173113
2022-11-12,Other Meat,142926.69285714286,304240.21514285717,11862460.990914285,14.154523142857142,30.16847157142857,1172.909228142857,3,3,2,10,155605.134295,120499.749017,240673.170914,15.58725,3,-8.14783,14.54359,13.440539,15.963764,1.420174,4,-2.675177,346493.577259,242973.5198,463373.103614,13.422097,3,-12.194559,32.476188,26.094584,40.120317,7.644129,4,-7.105873,12871723.378448,10935977.428233,23519542.951257,10.069016,2,-7.840927,1196.865944,1171.617404,1306.265527,109.399583,7,-2.001621
2022-11-12,Other vegetables,19866.0514,46270.18525714286,3870713.158514286,1.3713164285714288,3.195759142857143,267.28387814285713,9,7,6,10,21710.047346,15914.283133,28532.786986,2.174735,9,-8.493744,1.356362,1.328676,1.385649,0.029287,22,1.102542,48418.258862,34800.809067,62979.575171,1.875575,7,-4.436495,3.024343,2.70005,3.328264,0.324293,20,5.667884,4158886.236624,3003937.482633,5335174.981029,3.253324,6,-6.929093,259.81835,251.354083,267.523771,8.464267,21,2.873364
2022-11-12,Pasta products,3468.664528571429,7502.315242857143,1290083.4621571428,1.7684665714285717,3.824897142857143,657.8453534285715,22,20,16,10,3786.170854,2469.686283,4294.3287,0.379268,22,-8.385948,1.768948,1.755839,1.788505,0.019556,20,-0.027231,8190.71269,5343.18925,9354.024514,0.317283,19,-8.40461,3.82556,3.819282,3.831063,0.006278,18,-0.017326,1402184.256253,917760.774833,1595015.077443,1.096871,14,-7.994726,655.192799,650.769265,663.292973,8.100175,11,0.404851
2022-11-12,Pastry (savoury),11207.5584,27920.88347142857,831616.4911571428,8.689588285714285,21.670524285714286,643.7759021428571,13,10,21,10,12126.324274,10321.05505,19579.955629,1.214716,12,-7.576623,8.741523,6.799252,9.710859,1.942272,7,-0.59412,29965.389169,23568.996617,40972.183471,1.160767,10,-6.822891,21.659973,14.495135,25.177449,7.164837,6,0.048715,922921.302795,826556.673571,1901873.346986,0.721963,20,-9.893022,662.523247,612.539212,710.974256,49.984035,10,-2.829689
2022-11-12,"Potatoes, root crops, non-starchy bulbs and mushrooms",9191.694371428572,13729.501114285713,988260.3887142857,0.46391057142857145,0.692759,49.85103742857143,15,16,18,10,9479.581166,7237.189171,19570.309457,0.949587,16,-3.036915,0.46348,0.458367,0.464637,0.005112,29,0.09296,14246.901157,10888.947086,28934.506829,0.551881,16,-3.631667,0.697227,0.679129,0.705335,0.018099,28,-0.640893,1017563.41704,774128.405286,2033935.952857,0.795998,18,-2.879725,49.794536,47.743595,50.189854,2.050941,28,0.113468
2022-11-12,Preserved fruit and fruit based products,699.9082,1023.3526571428571,147953.75515714285,0.8762268571428571,1.282301142857143,185.34866985714285,29,30,26,10,792.376834,427.837867,909.3098,0.079374,29,-11.66978,0.873013,0.862756,0.878507,0.010257,25,0.368086,1172.190112,623.814667,1352.714314,0.045407,30,-12.697382,1.290893,1.277285,1.314326,0.023434,25,-0.665573,168954.540101,90254.870717,194439.635686,0.132166,25,-12.429844,186.086047,184.937372,188.026297,1.940251,22,-0.396256
2022-11-12,Ready meals,69296.18658571428,225857.24377142856,7686298.176014285,11.468756857142859,37.402075,1268.6506482857144,5,4,5,10,69234.105759,59992.4463,88710.792357,6.935307,4,0.089668,11.115542,10.328625,11.579405,0.786918,6,3.177662,227633.511184,196833.1531,286054.254,8.817823,4,-0.780319,36.533255,33.59909,38.377942,2.934165,3,2.378163,8015120.061351,6754268.6726,9946543.391871,6.269897,5,-4.10252,1287.886634,1233.17431,1329.759094,54.712323,6,-1.493609
2022-11-12,Rice,6616.9364428571425,4177.292971428572,3338391.5142857144,4.423852857142857,2.793078571428571,2231.8435904285716,18,23,9,10,6693.004805,4764.563817,7877.731471,0.670451,18,-1.136535,4.413957,4.395409,4.435112,0.021155,11,0.224192,4231.196538,3004.00565,4992.0532,0.163904,23,-1.273956,2.790459,2.785549,2.796059,0.0056,21,0.093868,3374950.652558,2405027.938333,3968670.926971,2.640084,8,-1.08325,2225.728891,2214.268126,2238.80079,13.071899,3,0.274728
2022-11-12,"Salt, spices, culinary herbs and other food products",592.7326571428572,1673.4922857142858,217287.99718571428,1.1468952857142856,3.2167434285714287,419.76518671428573,30,28,25,10,516.810652,379.375457,1145.614886,0.05177,30,14.690488,1.074819,0.809817,1.221574,0.265002,23,6.705904,1349.002485,884.187243,3982.261571,0.052256,29,24.054055,2.758251,1.860042,4.102337,1.344086,22,16.622599,163697.872327,91196.791014,737993.111686,0.128054,26,32.737215,323.367205,227.575549,684.446814,361.079609,19,29.810686
2022-11-12,"Sauces, condiments",9184.704385714285,17874.8889,1300595.5823714286,2.249558142857143,4.380193428571429,318.43643357142855,16,15,15,10,9741.672716,6612.831643,16390.927014,0.975841,15,-5.717379,2.272242,2.219467,2.334464,0.062222,16,-0.998293,19720.604072,13509.463229,32628.764671,0.763916,14,-9.359324,4.633239,4.137111,5.845381,1.212142,15,-5.461526,1352646.415272,951675.764257,2346649.088014,1.058119,16,-3.848074,315.774797,298.01131,338.335853,22.561056,20,0.842891
2022-11-12,Savoury snacks,3187.4539714285715,10271.767442857144,651431.6968,1.7862865714285714,5.760279714285715,365.9481528571428,23,17,22,10,3508.406924,2934.376717,6976.290086,0.351444,23,-9.148111,1.778011,1.72737,1.930614,0.152603,19,0.465445,11150.688654,9137.195133,21948.036743,0.431943,17,-7.882215,5.653864,5.480259,6.146643,0.492779,13,1.882171,678020.444067,547013.339467,1387744.531357,0.530387,22,-3.921526,343.50234,316.547979,437.715846,94.213506,18,6.534399
2022-11-12,"Soft drinks (inc. fizzy and ready to drink fruit drinks), mineral or spring water",4788.480871428571,1272.2118285714284,54015.516285714286,0.2109757142857143,0.055819,2.3825674285714284,20,29,30,10,5649.728345,4618.665886,10412.868729,0.565944,19,-15.244051,0.21015,0.205601,0.225306,0.015156,30,0.393105,1483.983748,1169.996771,3335.102614,0.057485,28,-14.270501,0.055049,0.049885,0.071721,0.016672,30,1.398869,65043.039427,52897.311257,116022.955314,0.05088,30,-16.954194,2.439413,2.236549,2.64423,0.204817,30,-2.330285
2022-11-12,"Sugar, sugar products, jams and marmalades",5604.641157142857,4688.852385714286,965674.8655000001,2.1715801428571426,1.8172762857142857,374.20624499999997,19,22,19,10,5300.058234,3688.53565,8378.2543,0.530917,20,5.746784,2.154882,2.107335,2.194137,0.047547,17,0.774902,4454.640753,3104.651483,7005.104414,0.172559,22,5.2577,1.811221,1.793978,1.825456,0.017243,23,0.334322,914944.404727,637128.790567,1443213.123371,0.715723,21,5.54465,372.001013,365.721601,377.185269,6.279412,16,0.592803
2022-11-12,"Tea, coffee, cocoa and powdered chocolate",41887.8755,45531.09228571429,120612.74262857143,27.159766714285716,29.51528014285714,78.26304785714285,6,8,27,10,39709.720555,28327.34405,54265.222929,3.977795,7,5.485193,26.740506,26.019858,27.627357,0.88685,2,1.567885,42263.378573,30278.014383,59652.770557,1.637153,8,7.731785,28.425734,27.112628,30.299542,1.873808,5,3.832958,99012.963197,64382.544514,171887.487971,0.077454,28,21.815103,66.404043,50.741391,87.517516,21.113474,27,17.85886
2022-11-19,"Baker's yeast, dessert preparations, soups",8999.453885714285,9644.677371428572,1537852.0190428572,2.451742857142857,2.605457285714286,418.6935117142857,17,19,14,10,7985.690448,5158.9966,11109.725871,0.799941,17,12.69475,2.638836,2.399434,3.01519,0.376354,15,-7.089976,10133.984543,7743.733817,12772.186,0.392559,18,-4.828379,3.457694,2.339541,5.233981,1.776287,19,-24.647556,1385906.736596,932849.351929,1911053.4077,1.084137,15,10.963601,459.239816,405.329624,545.753175,86.513359,15,-8.829005
2022-11-19,Beef and Lamb,221002.5237571429,831867.0786857142,3771026.7691428578,89.07176328571428,333.79369342857143,1512.3068822857144,2,1,8,10,207224.686107,139791.837786,342066.711086,20.758075,2,6.648743,90.78412,81.878412,93.473207,8.905708,1,-1.886185,762451.264726,511727.556257,1210221.180571,29.535021,1,9.104295,332.544384,330.582466,339.041855,6.497471,1,0.375682,3446260.019342,2311457.704143,5441731.711429,2.695867,7,9.423745,1502.220715,1486.381377,1554.67736,52.456645,4,0.671417
2022-11-19,Breads and cereals,32957.66944285714,80613.81257142857,11690855.749414286,1.7268652857142857,4.22116,611.7936885714286,8,6,3,10,34676.828332,27259.42595,44667.298843,3.473641,8,-4.957659,1.729168,1.706626,1.753884,0.024716,21,-0.133147,84408.522919,67389.80845,110732.959757,3.269727,6,-4.495648,4.207487,4.155123,4.294658,0.087171,16,0.324959,12243011.855362,9951514.284967,16090617.298671,9.577201,3,-4.50997,610.467519,604.357677,626.34124,15.87372,12,0.217238
2022-11-19,"Buns, crispbread and biscuits",15435.781428571428,19406.55325714286,1157349.6283857143,4.572497,5.750678571428572,342.92124457142853,10,14,17,10,14641.766396,7038.073033,18824.045329,1.466692,11,5.422946,4.567265,3.926231,4.713494,0.641034,10,0.114546,18464.739406,8809.09675,23471.154129,0.715267,15,5.100607,5.761494,4.890149,5.974548,0.871345,12,-0.187712,1107429.666344,654959.338583,1873560.941871,0.866296,17,4.507732,345.52277,336.010497,388.190236,42.667466,17,-0.752924
2022-11-19,Cakes and puddings,12959.157885714285,26445.045257142858,2064678.1182142857,3.605168142857143,7.357302714285715,574.0387037142857,12,11,13,10,12052.166693,9446.5345,27323.8271,1.207288,13,7.525545,3.866842,3.605168,4.120057,0.261674,12,-6.767114,24195.206302,19153.708186,54549.739343,0.937248,13,9.298697,7.761808,7.357303,8.090825,0.404506,11,-5.211489,1796396.537273,1442834.604586,4056742.431329,1.405247,13,14.93443,574.910952,564.979312,581.588772,9.93164,13,-0.151719
2022-11-19,Chocolate,105624.77707142857,182753.2586142857,5596470.6324,26.63865142857143,46.089905,1411.333720857143,4,5,6,10,58315.82945,28150.229133,132547.293257,5.841603,5,81.125396,26.648336,26.635705,26.70231,0.053974,3,-0.036342,100886.00487,48669.253133,229294.0415,3.908014,5,81.148276,46.100992,46.086531,46.162786,0.061793,2,-0.02405,3087731.596088,1485490.099517,7016207.887686,2.415405,10,81.248611,1410.912515,1408.565066,1411.461877,2.347449,5,0.029853
2022-11-19,Confectionery products,2585.539,4099.081728571428,387650.3001857143,3.1404937142857143,4.979355857142857,470.9119332857143,24,23,24,10,2639.015552,1230.34235,3506.494586,0.264355,26,-2.026383,3.375115,3.076151,3.996045,0.620931,13,-6.951498,4173.185967,1949.08865,5594.6689,0.161656,24,-1.775723,5.335199,4.888743,6.384052,1.048852,14,-6.669731,365423.519615,182796.127083,451633.892,0.285856,24,6.082471,467.73042,451.206086,488.80262,21.0722,14,0.680202
2022-11-19,Dairy alternative,2495.022157142857,1784.7027,71701.63157142857,0.9801428571428571,0.7010967142857142,28.16646042857143,25,28,29,10,2660.652938,1800.759517,3323.2613,0.266522,25,-6.225193,0.980224,0.980018,0.980467,0.000243,24,-0.00829,1904.762021,1287.6059,2379.9254,0.073785,27,-6.303114,0.701721,0.700136,0.703588,0.001867,27,-0.088922,76719.871596,51670.4985,95957.073143,0.060015,29,-6.540991,28.261161,28.02064,28.544487,0.283326,29,-0.335091
2022-11-19,Dairy products and eggs,221432.03165714283,678391.9218142858,46196912.533857144,4.699175142857143,14.393924,980.2181068571429,1,2,1,10,232477.799758,181843.006267,351065.404543,23.287725,1,-4.751322,4.695567,4.563031,5.229134,0.533567,8,0.076845,710535.102733,556267.420133,1103935.183871,27.523948,2,-4.523799,14.350037,13.874504,16.437715,2.087678,7,0.305833,48504478.375397,37951671.559517,74580377.351429,37.943045,1,-4.757428,979.638118,947.127741,1110.38497,130.746852,8,0.059204
2022-11-19,Dried fruit and nuts,1752.4566285714286,10176.195885714285,2735411.618228571,1.886609142857143,10.961556,2946.9116044285715,28,18,11,10,1354.723428,1038.388929,3492.095486,0.135705,28,29.358996,1.889388,1.871719,1.912103,0.022716,18,-0.147073,7856.897445,6027.1344,20353.999714,0.304352,20,29.519266,10.957706,10.926228,10.982189,0.031477,9,0.035137,2111373.829218,1619963.4337,5475933.913743,1.65164,12,29.556007,2944.647013,2926.133188,2959.04748,18.513825,2,0.076905
2022-11-19,Edible oils and plant-based spreads,11297.828914285714,30959.09987142857,2080653.8104142859,4.556671142857143,12.509457428571428,838.7041849999999,14,9,12,10,11516.024682,7616.68445,19449.161571,1.153581,14,-1.894714,4.571062,4.524855,4.614628,0.046207,9,-0.31483,32326.766906,21393.85755,58323.040243,1.25224,9,-4.230757,12.826853,12.319996,13.748304,0.921451,8,-2.474462,2159306.817661,1382403.26375,3664321.3365,1.689136,11,-3.642512,859.015758,796.975647,904.810217,62.040111,9,-2.364517
2022-11-19,Fish and fish products,38866.744614285715,22202.76274285714,10039568.936142858,14.249298857142858,8.147416142857143,3682.767631714286,7,13,4,10,44048.218618,32840.772867,56109.634029,4.41239,6,-11.763186,14.279638,14.164105,14.795633,0.515995,5,-0.212466,25097.448283,17677.2765,30066.8442,0.972198,12,-11.533784,8.135042,7.924591,8.182162,0.210451,10,0.15211,11359882.239798,8182560.301667,13942633.360857,8.886365,4,-11.622597,3682.364329,3675.505187,3683.900114,6.859142,1,0.010952
2022-11-19,"Fresh, chilled or frozen fruit",13806.8834,23472.213871428572,2881139.9503285713,0.8508598571428571,1.4474594285714286,177.57458814285715,11,12,10,10,15789.317297,10891.896033,19602.676833,1.581645,10,-12.555539,0.869141,0.801294,0.91134,0.067847,26,-2.103375,26149.090577,18436.855767,31249.10995,1.012935,11,-10.236978,1.440723,1.375786,1.496551,0.064936,24,0.467599,3309952.701717,2308666.66155,4022982.239033,2.589239,9,-12.955253,182.199418,171.490344,193.700603,11.501184,24,-2.538334
2022-11-19,Fruit and vegetable juices,3460.770657142857,5639.187,834777.2851714286,0.5432097142857143,0.883572,131.03020942857142,22,21,21,10,3956.552029,3322.8124,6014.348971,0.396335,21,-12.530642,0.549655,0.523444,0.565905,0.026211,27,-1.172668,6420.381727,5507.827633,10098.037914,0.248706,21,-12.167419,0.890925,0.874856,0.907908,0.016983,26,-0.825329,957660.438973,802306.9711,1466231.447171,0.749138,19,-12.8316,133.064152,127.725177,136.908499,5.338975,25,-1.528543
2022-11-19,"Leafy and stem vegetables, including cabbages",2449.123957142857,2513.8938428571428,526752.3214142857,0.5203077142857143,0.5333115714285714,111.79349328571428,26,25,23,10,2757.371029,2291.510433,5559.985586,0.276211,24,-11.17902,0.52777,0.516959,0.544295,0.016525,28,-1.413929,2803.538455,2332.706917,5906.793629,0.1086,26,-10.331394,0.535526,0.508317,0.556186,0.027209,29,-0.413535,582885.201471,490911.0199,1223458.897614,0.455967,23,-9.630178,111.33321,109.938657,113.745759,2.412549,26,0.413428
2022-11-19,Meat alternative,1923.701557142857,2287.1038285714285,100318.47682857142,3.1738324285714286,3.7741037142857143,165.55457614285714,27,26,28,10,2334.920785,1507.460183,3546.6332,0.233893,27,-17.611699,3.203856,3.15683,3.258684,0.054828,14,-0.93711,2935.016621,1767.951217,4661.065671,0.113694,25,-22.075268,4.007139,3.664715,4.363268,0.356129,17,-5.815502,134877.095393,76279.345517,224216.564714,0.105509,27,-25.622303,183.238195,156.950947,211.128878,27.890684,23,-9.650618
2022-11-19,Other Meat,144127.99185714286,306675.7652285714,12037169.207871428,14.182038285714286,30.251828142857143,1181.673267142857,3,3,2,10,155605.134295,120499.749017,240673.170914,15.58725,3,-7.375812,14.54359,13.440539,15.963764,1.420174,4,-2.485986,346493.577259,242973.5198,463373.103614,13.422097,3,-11.491645,32.476188,26.094584,40.120317,7.644129,4,-6.849203,12871723.378448,10935977.428233,23519542.951257,10.069016,2,-6.483624,1196.865944,1171.617404,1306.265527,109.399583,7,-1.269372
2022-11-19,Other vegetables,20119.92325714286,47055.73734285714,3902746.4441714287,1.369014142857143,3.2038968571428574,265.5998704285714,9,7,7,10,21710.047346,15914.283133,28532.786986,2.174735,9,-7.32437,1.356362,1.328676,1.385649,0.029287,22,0.932802,48418.258862,34800.809067,62979.575171,1.875575,7,-2.814066,3.024343,2.70005,3.328264,0.324293,20,5.936958,4158886.236624,3003937.482633,5335174.981029,3.253324,6,-6.158855,259.81835,251.354083,267.523771,8.464267,21,2.225216
2022-11-19,Pasta products,3462.347142857143,7498.192742857143,1289361.6121285714,1.7669984285714284,3.8253724285714283,658.027201142857,21,20,16,10,3786.170854,2469.686283,4294.3287,0.379268,22,-8.552802,1.768948,1.755839,1.788505,0.019556,20,-0.110226,8190.71269,5343.18925,9354.024514,0.317283,19,-8.454941,3.82556,3.819282,3.831063,0.006278,18,-0.004902,1402184.256253,917760.774833,1595015.077443,1.096871,14,-8.046207,655.192799,650.769265,663.292973,8.100175,11,0.432606
2022-11-19,Pastry (savoury),11874.370642857144,29767.26715714286,867651.1453428572,8.666788428571428,21.73722957142857,632.6869842857143,13,10,20,10,12126.324274,10321.05505,19579.955629,1.214716,12,-2.077741,8.741523,6.799252,9.710859,1.942272,7,-0.854942,29965.389169,23568.996617,40972.183471,1.160767,10,-0.661169,21.659973,14.495135,25.177449,7.164837,6,0.356681,922921.302795,826556.673571,1901873.346986,0.721963,20,-5.98861,662.523247,612.539212,710.974256,49.984035,10,-4.503429
2022-11-19,"Potatoes, root crops, non-starchy bulbs and mushrooms",9440.266699999998,14194.413771428572,1016592.4167142856,0.4634467142857143,0.6965361428571429,49.88418371428571,15,16,18,10,9479.581166,7237.189171,19570.309457,0.949587,16,-0.414728,0.46348,0.458367,0.464637,0.005112,29,-0.007122,14246.901157,10888.947086,28934.506829,0.551881,16,-0.368413,0.697227,0.679129,0.705335,0.018099,28,-0.099156,1017563.41704,774128.405286,2033935.952857,0.795998,18,-0.095424,49.794536,47.743595,50.189854,2.050941,28,0.180035
2022-11-19,Preserved fruit and fruit based products,695.7847142857144,1018.2454285714285,147180.72388571428,0.8761155714285714,1.2825452857142856,185.36872100000002,29,30,26,10,792.376834,427.837867,909.3098,0.079374,29,-12.190175,0.873013,0.862756,0.878507,0.010257,25,0.355339,1172.190112,623.814667,1352.714314,0.045407,30,-13.133082,1.290893,1.277285,1.314326,0.023434,25,-0.646661,168954.540101,90254.870717,194439.635686,0.132166,25,-12.887382,186.086047,184.937372,188.026297,1.940251,22,-0.385481
2022-11-19,Ready meals,68185.56567142857,222892.2758,7692607.536171429,11.284110142857143,36.89112528571429,1267.261675,5,4,5,10,69234.105759,59992.4463,88710.792357,6.935307,4,-1.514485,11.115542,10.328625,11.579405,0.786918,6,1.516504,227633.511184,196833.1531,286054.254,8.817823,4,-2.082837,36.533255,33.59909,38.377942,2.934165,3,0.979575,8015120.061351,6754268.6726,9946543.391871,6.269897,5,-4.023802,1287.886634,1233.17431,1329.759094,54.712323,6,-1.601458
2022-11-19,Rice,6387.205757142858,4032.924785714286,3222282.661428571,4.423291285714286,2.7929302857142857,2231.4964652857143,18,24,9,10,6693.004805,4764.563817,7877.731471,0.670451,18,-4.568935,4.413957,4.395409,4.435112,0.021155,11,0.21147,4231.196538,3004.00565,4992.0532,0.163904,23,-4.68595,2.790459,2.785549,2.796059,0.0056,21,0.088554,3374950.652558,2405027.938333,3968670.926971,2.640084,8,-4.523562,2225.728891,2214.268126,2238.80079,13.071899,3,0.259132
2022-11-19,"Salt, spices, culinary herbs and other food products",598.8338714285716,1902.8768285714286,296635.9537142857,1.1427064285714288,3.614411142857143,561.2626702857143,30,27,25,10,516.810652,379.375457,1145.614886,0.05177,30,15.871039,1.074819,0.809817,1.221574,0.265002,23,6.316177,1349.002485,884.187243,3982.261571,0.052256,29,41.058067,2.758251,1.860042,4.102337,1.344086,22,31.039988,163697.872327,91196.791014,737993.111686,0.128054,26,81.209413,323.367205,227.575549,684.446814,361.079609,19,73.56821
2022-11-19,"Sauces, condiments",9112.845857142858,17387.3893,1293462.5103142858,2.2367435714285713,4.267111,317.61128685714283,16,15,15,10,9741.672716,6612.831643,16390.927014,0.975841,15,-6.455019,2.272242,2.219467,2.334464,0.062222,16,-1.562254,19720.604072,13509.463229,32628.764671,0.763916,14,-11.831355,4.633239,4.137111,5.845381,1.212142,15,-7.902204,1352646.415272,951675.764257,2346649.088014,1.058119,16,-4.375416,315.774797,298.01131,338.335853,22.561056,20,0.581582
2022-11-19,Savoury snacks,3396.764371428571,10920.798314285714,706426.7025428572,1.8058155714285715,5.817760571428572,378.2529011428572,23,17,22,10,3508.406924,2934.376717,6976.290086,0.351444,23,-3.182144,1.778011,1.72737,1.930614,0.152603,19,1.563807,11150.688654,9137.195133,21948.036743,0.431943,17,-2.061669,5.653864,5.480259,6.146643,0.492779,13,2.898836,678020.444067,547013.339467,1387744.531357,0.530387,22,4.189587,343.50234,316.547979,437.715846,94.213506,18,10.116543
2022-11-19,"Soft drinks (inc. fizzy and ready to drink fruit drinks), mineral or spring water",5058.3218,1381.743257142857,58658.750428571424,0.21285285714285715,0.058036285714285714,2.477185857142857,20,29,30,10,5649.728345,4618.665886,10412.868729,0.565944,19,-10.467876,0.21015,0.205601,0.225306,0.015156,30,1.286346,1483.983748,1169.996771,3335.102614,0.057485,28,-6.889596,0.055049,0.049885,0.071721,0.016672,30,5.426713,65043.039427,52897.311257,116022.955314,0.05088,30,-9.815484,2.439413,2.236549,2.64423,0.204817,30,1.548453
2022-11-19,"Sugar, sugar products, jams and marmalades",5698.705171428571,4785.5299,983408.5626,2.1576591428571428,1.8122281428571427,372.3677907142857,19,22,19,10,5300.058234,3688.53565,8378.2543,0.530917,20,7.521558,2.154882,2.107335,2.194137,0.047547,17,0.12888,4454.640753,3104.651483,7005.104414,0.172559,22,7.427965,1.811221,1.793978,1.825456,0.017243,23,0.055607,914944.404727,637128.790567,1443213.123371,0.715723,21,7.482876,372.001013,365.721601,377.185269,6.279412,16,0.098596
2022-11-19,"Tea, coffee, cocoa and powdered chocolate",42240.236014285714,45798.219900000004,124184.83414285714,27.32437057142857,29.63729257142857,80.49396371428573,6,8,27,10,39709.720555,28327.34405,54265.222929,3.977795,7,6.372534,26.740506,26.019858,27.627357,0.88685,2,2.183445,42263.378573,30278.014383,59652.770557,1.637153,8,8.36384,28.425734,27.112628,30.299542,1.873808,5,4.26219,99012.963197,64382.544514,171887.487971,0.077454,28,25.422803,66.404043,50.741391,87.517516,21.113474,27,21.218469
2022-11-26,"Baker's yeast, dessert preparations, soups",9247.299771428572,9658.380314285716,1579130.269042857,2.433111,2.5218737142857144,415.2032557142857,17,19,14,10,7985.690448,5158.9966,11109.725871,0.799941,17,15.798375,2.638836,2.399434,3.01519,0.376354,15,-7.79604,10133.984543,7743.733817,12772.186,0.392559,18,-4.693161,3.457694,2.339541,5.233981,1.776287,19,-27.064877,1385906.736596,932849.351929,1911053.4077,1.084137,15,13.94203,459.239816,405.329624,545.753175,86.513359,15,-9.589012
2022-11-26,Beef and Lamb,239737.02408571428,989377.9080571429,4535058.187428571,82.44137914285714,338.6311222857143,1551.3613537142858,1,1,7,10,207224.686107,139791.837786,342066.711086,20.758075,2,15.689414,90.78412,81.878412,93.473207,8.905708,1,-9.189647,762451.264726,511727.556257,1210221.180571,29.535021,1,29.762774,332.544384,330.582466,339.041855,6.497471,1,1.830354,3446260.019342,2311457.704143,5441731.711429,2.695867,7,31.593616,1502.220715,1486.381377,1554.67736,52.456645,4,3.2712
2022-11-26,Breads and cereals,33131.27542857143,81207.44128571429,11787356.282485714,1.7227215714285715,4.2206275714285715,612.4685625714285,8,6,3,10,34676.828332,27259.42595,44667.298843,3.473641,8,-4.457019,1.729168,1.706626,1.753884,0.024716,21,-0.372783,84408.522919,67389.80845,110732.959757,3.269727,6,-3.792368,4.207487,4.155123,4.294658,0.087171,16,0.312304,12243011.855362,9951514.284967,16090617.298671,9.577201,3,-3.72176,610.467519,604.357677,626.34124,15.87372,12,0.327789
2022-11-26,"Buns, crispbread and biscuits",16086.609299999998,20213.457371428573,1214651.8339857142,4.559104714285715,5.73203,343.4909325714286,10,14,17,10,14641.766396,7038.073033,18824.045329,1.466692,11,9.867955,4.567265,3.926231,4.713494,0.641034,10,-0.178677,18464.739406,8809.09675,23471.154129,0.715267,15,9.47058,5.761494,4.890149,5.974548,0.871345,12,-0.511388,1107429.666344,654959.338583,1873560.941871,0.866296,17,9.682075,345.52277,336.010497,388.190236,42.667466,17,-0.588047
2022-11-26,Cakes and puddings,14415.261742857143,29353.295557142857,2278515.008542857,3.6358937142857144,7.402969857142857,574.079889,11,11,12,10,12052.166693,9446.5345,27323.8271,1.207288,13,19.607222,3.866842,3.605168,4.120057,0.261674,12,-5.972523,24195.206302,19153.708186,54549.739343,0.937248,13,21.318641,7.761808,7.357303,8.090825,0.404506,11,-4.623132,1796396.537273,1442834.604586,4056742.431329,1.405247,13,26.838087,574.910952,564.979312,581.588772,9.93164,13,-0.144555
2022-11-26,Chocolate,114236.31552857142,197658.92441428572,6053717.079942858,26.635704857142855,46.08653142857143,1411.4618771428572,4,5,6,10,58315.82945,28150.229133,132547.293257,5.841603,5,95.892465,26.648336,26.635705,26.70231,0.053974,3,-0.0474,100886.00487,48669.253133,229294.0415,3.908014,5,95.923037,46.100992,46.086531,46.162786,0.061793,2,-0.031368,3087731.596088,1485490.099517,7016207.887686,2.415405,10,96.057102,1410.912515,1408.565066,1411.461877,2.347449,5,0.038937
2022-11-26,Confectionery products,2578.039842857143,4097.6575,398030.4075285714,3.0761508571428573,4.888742571428572,473.9263784285714,24,23,24,10,2639.015552,1230.34235,3506.494586,0.264355,26,-2.310548,3.375115,3.076151,3.996045,0.620931,13,-8.857889,4173.185967,1949.08865,5594.6689,0.161656,24,-1.809851,5.335199,4.888743,6.384052,1.048852,14,-8.368136,365423.519615,182796.127083,451633.892,0.285856,24,8.92304,467.73042,451.206086,488.80262,21.0722,14,1.324686
2022-11-26,Dairy alternative,2559.2327,1831.3383,73662.06271428571,0.9801898571428571,0.7014581428571428,28.221306285714288,25,28,29,10,2660.652938,1800.759517,3323.2613,0.266522,25,-3.811855,0.980224,0.980018,0.980467,0.000243,24,-0.003495,1904.762021,1287.6059,2379.9254,0.073785,27,-3.854745,0.701721,0.700136,0.703588,0.001867,27,-0.037416,76719.871596,51670.4985,95957.073143,0.060015,29,-3.98568,28.261161,28.02064,28.544487,0.283326,29,-0.141023
2022-11-26,Dairy products and eggs,226612.11028571427,698591.3102,47480196.19942857,4.7867312857142865,14.759613571428572,1003.0473662857142,2,2,1,10,232477.799758,181843.006267,351065.404543,23.287725,1,-2.523118,4.695567,4.563031,5.229134,0.533567,8,1.9415,710535.102733,556267.420133,1103935.183871,27.523948,2,-1.680957,14.350037,13.874504,16.437715,2.087678,7,2.854186,48504478.375397,37951671.559517,74580377.351429,37.943045,1,-2.111727,979.638118,947.127741,1110.38497,130.746852,8,2.389581
2022-11-26,Dried fruit and nuts,1947.0723285714287,11383.356285714286,3064643.9113714285,1.8777425714285714,10.973843142857143,2954.138438428571,27,18,10,10,1354.723428,1038.388929,3492.095486,0.135705,28,43.724711,1.889388,1.871719,1.912103,0.022716,18,-0.616356,7856.897445,6027.1344,20353.999714,0.304352,20,44.883605,10.957706,10.926228,10.982189,0.031477,9,0.14727,2111373.829218,1619963.4337,5475933.913743,1.65164,12,45.14928,2944.647013,2926.133188,2959.04748,18.513825,2,0.322328
2022-11-26,Edible oils and plant-based spreads,11676.127999999999,32018.823285714287,2175073.6412714287,4.563141285714286,12.530336,852.3989601428572,14,10,13,10,11516.024682,7616.68445,19449.161571,1.153581,14,1.390266,4.571062,4.524855,4.614628,0.046207,9,-0.173285,32326.766906,21393.85755,58323.040243,1.25224,9,-0.952596,12.826853,12.319996,13.748304,0.921451,8,-2.31169,2159306.817661,1382403.26375,3664321.3365,1.689136,11,0.73018,859.015758,796.975647,904.810217,62.040111,9,-0.770277
2022-11-26,Fish and fish products,40193.9155,22960.839,10382366.296428572,14.254145714285714,8.145439142857143,3682.7032028571425,7,12,4,10,44048.218618,32840.772867,56109.634029,4.41239,6,-8.750191,14.279638,14.164105,14.795633,0.515995,5,-0.178524,25097.448283,17677.2765,30066.8442,0.972198,12,-8.513253,8.135042,7.924591,8.182162,0.210451,10,0.127808,11359882.239798,8182560.301667,13942633.360857,8.886365,4,-8.604983,3682.364329,3675.505187,3683.900114,6.859142,1,0.009203
2022-11-26,"Fresh, chilled or frozen fruit",13338.540514285714,22576.370814285714,2796132.644971429,0.8457192857142858,1.4328011428571428,177.12111642857144,12,13,11,10,15789.317297,10891.896033,19602.676833,1.581645,10,-15.52174,0.869141,0.801294,0.91134,0.067847,26,-2.694829,26149.090577,18436.855767,31249.10995,1.012935,11,-13.662883,1.440723,1.375786,1.496551,0.064936,24,-0.549827,3309952.701717,2308666.66155,4022982.239033,2.589239,9,-15.523486,182.199418,171.490344,193.700603,11.501184,24,-2.787222
2022-11-26,Fruit and vegetable juices,3495.164928571429,5717.635128571428,841192.7094285714,0.5420318571428572,0.8861071428571429,130.5739935714286,23,21,21,10,3956.552029,3322.8124,6014.348971,0.396335,21,-11.661343,0.549655,0.523444,0.565905,0.026211,27,-1.386958,6420.381727,5507.827633,10098.037914,0.248706,21,-10.945558,0.890925,0.874856,0.907908,0.016983,26,-0.540777,957660.438973,802306.9711,1466231.447171,0.749138,19,-12.161694,133.064152,127.725177,136.908499,5.338975,25,-1.871397
2022-11-26,"Leafy and stem vegetables, including cabbages",2474.459428571429,2542.453557142857,532903.3607714286,0.5196764285714286,0.5334485714285714,111.85523714285715,26,25,23,10,2757.371029,2291.510433,5559.985586,0.276211,24,-10.260193,0.52777,0.516959,0.544295,0.016525,28,-1.533542,2803.538455,2332.706917,5906.793629,0.1086,26,-9.312692,0.535526,0.508317,0.556186,0.027209,29,-0.387953,582885.201471,490911.0199,1223458.897614,0.455967,23,-8.574903,111.33321,109.938657,113.745759,2.412549,26,0.468887
2022-11-26,Meat alternative,1853.055157142857,2165.1896857142856,93123.24831428572,3.1605045714285716,3.688906428571429,158.6248622857143,28,27,28,10,2334.920785,1507.460183,3546.6332,0.233893,27,-20.637344,3.203856,3.15683,3.258684,0.054828,14,-1.353104,2935.016621,1767.951217,4661.065671,0.113694,25,-26.229049,4.007139,3.664715,4.363268,0.356129,17,-7.941639,134877.095393,76279.345517,224216.564714,0.105509,27,-30.956959,183.238195,156.950947,211.128878,27.890684,23,-13.432425
2022-11-26,Other Meat,152485.3669857143,330465.6179857143,12760707.727185713,14.32501542857143,31.090764714285715,1196.3416775714286,3,3,2,10,155605.134295,120499.749017,240673.170914,15.58725,3,-2.004926,14.54359,13.440539,15.963764,1.420174,4,-1.502892,346493.577259,242973.5198,463373.103614,13.422097,3,-4.625759,32.476188,26.094584,40.120317,7.644129,4,-4.265967,12871723.378448,10935977.428233,23519542.951257,10.069016,2,-0.862477,1196.865944,1171.617404,1306.265527,109.399583,7,-0.043803
2022-11-26,Other vegetables,20130.432442857145,47448.37092857143,3887427.3252571425,1.3671989999999998,3.221873714285714,264.09364014285717,9,7,8,10,21710.047346,15914.283133,28532.786986,2.174735,9,-7.275962,1.356362,1.328676,1.385649,0.029287,22,0.798978,48418.258862,34800.809067,62979.575171,1.875575,7,-2.003145,3.024343,2.70005,3.328264,0.324293,20,6.531363,4158886.236624,3003937.482633,5335174.981029,3.253324,6,-6.527202,259.81835,251.354083,267.523771,8.464267,21,1.645492
2022-11-26,Pasta products,3555.364971428571,7671.499671428572,1316131.4469285714,1.7720778571428573,3.8241084285714284,656.194485,22,20,16,10,3786.170854,2469.686283,4294.3287,0.379268,22,-6.096024,1.768948,1.755839,1.788505,0.019556,20,0.176918,8190.71269,5343.18925,9354.024514,0.317283,19,-6.339046,3.82556,3.819282,3.831063,0.006278,18,-0.037943,1402184.256253,917760.774833,1595015.077443,1.096871,14,-6.137054,655.192799,650.769265,663.292973,8.100175,11,0.152884
2022-11-26,Pastry (savoury),12902.066371428573,32281.384314285715,944968.7216285715,8.582232000000001,21.494169571428568,627.3576521428571,13,9,20,10,12126.324274,10321.05505,19579.955629,1.214716,12,6.397174,8.741523,6.799252,9.710859,1.942272,7,-1.822238,29965.389169,23568.996617,40972.183471,1.160767,10,7.728901,21.659973,14.495135,25.177449,7.164837,6,-0.765481,922921.302795,826556.673571,1901873.346986,0.721963,20,2.388873,662.523247,612.539212,710.974256,49.984035,10,-5.307828
2022-11-26,"Potatoes, root crops, non-starchy bulbs and mushrooms",9510.119842857142,14436.991114285715,1030798.5637142857,0.4632124285714285,0.7032387142857143,50.18985414285714,15,16,18,10,9479.581166,7237.189171,19570.309457,0.949587,16,0.322152,0.46348,0.458367,0.464637,0.005112,29,-0.057671,14246.901157,10888.947086,28934.506829,0.551881,16,1.334255,0.697227,0.679129,0.705335,0.018099,28,0.862162,1017563.41704,774128.405286,2033935.952857,0.795998,18,1.30067,49.794536,47.743595,50.189854,2.050941,28,0.793898
2022-11-26,Preserved fruit and fruit based products,705.3326428571428,1032.299885714286,149209.1481857143,0.8762794285714285,1.2821845714285713,185.33913585714285,29,30,26,10,792.376834,427.837867,909.3098,0.079374,29,-10.985201,0.873013,0.862756,0.878507,0.010257,25,0.374108,1172.190112,623.814667,1352.714314,0.045407,30,-11.93409,1.290893,1.277285,1.314326,0.023434,25,-0.674604,168954.540101,90254.870717,194439.635686,0.132166,25,-11.686808,186.086047,184.937372,188.026297,1.940251,22,-0.401379
2022-11-26,Ready meals,67838.20374285713,222127.7805714286,7835073.363100001,10.98314357142857,36.004504857142855,1269.0392015714285,5,4,5,10,69234.105759,59992.4463,88710.792357,6.935307,4,-2.016206,11.115542,10.328625,11.579405,0.786918,6,-1.191115,227633.511184,196833.1531,286054.254,8.817823,4,-2.418682,36.533255,33.59909,38.377942,2.934165,3,-1.447311,8015120.061351,6754268.6726,9946543.391871,6.269897,5,-2.246338,1287.886634,1233.17431,1329.759094,54.712323,6,-1.463439
2022-11-26,Rice,6270.832785714286,3960.427242857143,3163270.196285714,4.421172,2.7923687142857143,2230.186958,18,24,9,10,6693.004805,4764.563817,7877.731471,0.670451,18,-6.30766,4.413957,4.395409,4.435112,0.021155,11,0.163456,4231.196538,3004.00565,4992.0532,0.163904,23,-6.399355,2.790459,2.785549,2.796059,0.0056,21,0.06843,3374950.652558,2405027.938333,3968670.926971,2.640084,8,-6.272105,2225.728891,2214.268126,2238.80079,13.071899,3,0.200297
2022-11-26,"Salt, spices, culinary herbs and other food products",659.0075857142857,2233.3045714285713,371542.8611428571,1.2063288571428572,4.102336857142857,681.6296887142856,30,26,25,10,516.810652,379.375457,1145.614886,0.05177,30,27.514319,1.074819,0.809817,1.221574,0.265002,23,12.235539,1349.002485,884.187243,3982.261571,0.052256,29,65.552295,2.758251,1.860042,4.102337,1.344086,22,48.729669,163697.872327,91196.791014,737993.111686,0.128054,26,126.968656,323.367205,227.575549,684.446814,361.079609,19,110.791224
2022-11-26,"Sauces, condiments",9439.774442857144,17645.862157142856,1339108.4775714285,2.2299121428571427,4.173179857142857,316.39961714285715,16,15,15,10,9741.672716,6612.831643,16390.927014,0.975841,15,-3.099039,2.272242,2.219467,2.334464,0.062222,16,-1.862902,19720.604072,13509.463229,32628.764671,0.763916,14,-10.520681,4.633239,4.137111,5.845381,1.212142,15,-9.929536,1352646.415272,951675.764257,2346649.088014,1.058119,16,-1.000848,315.774797,298.01131,338.335853,22.561056,20,0.197869
2022-11-26,Savoury snacks,3768.3733714285713,12049.831857142857,783942.8932714286,1.8400494285714284,5.884290714285714,383.0487685714285,21,17,22,10,3508.406924,2934.376717,6976.290086,0.351444,23,7.409815,1.778011,1.72737,1.930614,0.152603,19,3.489209,11150.688654,9137.195133,21948.036743,0.431943,17,8.063567,5.653864,5.480259,6.146643,0.492779,13,4.075556,678020.444067,547013.339467,1387744.531357,0.530387,22,15.622309,343.50234,316.547979,437.715846,94.213506,18,11.51271
2022-11-26,"Soft drinks (inc. fizzy and ready to drink fruit drinks), mineral or spring water",5499.070242857143,1511.2763285714286,63900.954771428565,0.21291685714285716,0.058176285714285715,2.471762857142857,20,29,30,10,5649.728345,4618.665886,10412.868729,0.565944,19,-2.666643,0.21015,0.205601,0.225306,0.015156,30,1.3168,1483.983748,1169.996771,3335.102614,0.057485,28,1.839143,0.055049,0.049885,0.071721,0.016672,30,5.681032,65043.039427,52897.311257,116022.955314,0.05088,30,-1.755891,2.439413,2.236549,2.64423,0.204817,30,1.326145
2022-11-26,"Sugar, sugar products, jams and marmalades",5802.539328571429,4871.892128571429,1001256.1787714286,2.1574275714285713,1.8121442857142858,372.3372057142857,19,22,19,10,5300.058234,3688.53565,8378.2543,0.530917,20,9.480671,2.154882,2.107335,2.194137,0.047547,17,0.118134,4454.640753,3104.651483,7005.104414,0.172559,22,9.366667,1.811221,1.793978,1.825456,0.017243,23,0.050977,914944.404727,637128.790567,1443213.123371,0.715723,21,9.433554,372.001013,365.721601,377.185269,6.279412,16,0.090374
2022-11-26,"Tea, coffee, cocoa and powdered chocolate",42311.36295714286,45529.7352,122149.63591428571,27.373218142857144,29.460204285714287,79.46429214285715,6,8,27,10,39709.720555,28327.34405,54265.222929,3.977795,7,6.551651,26.740506,26.019858,27.627357,0.88685,2,2.366117,42263.378573,30278.014383,59652.770557,1.637153,8,7.728574,28.425734,27.112628,30.299542,1.873808,5,3.639204,99012.963197,64382.544514,171887.487971,0.077454,28,23.367317,66.404043,50.741391,87.517516,21.113474,27,19.667853
2022-12-03,"Baker's yeast, dessert preparations, soups",9781.731171428572,10031.791685714286,1668036.9004714286,2.4229995714285715,2.472692857142857,412.7440782857143,15,19,14,11,7985.690448,5158.9966,11109.725871,0.799941,17,22.490738,2.638836,2.399434,3.01519,0.376354,15,-8.179217,10133.984543,7743.733817,12772.186,0.392559,18,-1.008417,3.457694,2.339541,5.233981,1.776287,19,-28.487237,1385906.736596,932849.351929,1911053.4077,1.084137,15,20.357081,459.239816,405.329624,545.753175,86.513359,15,-10.124501
2022-12-03,Beef and Lamb,240031.8872857143,996476.7310857143,4570680.965428571,82.00334071428571,338.95070857142855,1553.9415007142857,1,1,7,11,207224.686107,139791.837786,342066.711086,20.758075,2,15.831705,90.78412,81.878412,93.473207,8.905708,1,-9.672153,762451.264726,511727.556257,1210221.180571,29.535021,1,30.693826,332.544384,330.582466,339.041855,6.497471,1,1.926457,3446260.019342,2311457.704143,5441731.711429,2.695867,7,32.627281,1502.220715,1486.381377,1554.67736,52.456645,4,3.442955
2022-12-03,Breads and cereals,33908.41677142857,83183.41727142858,12067096.725828571,1.7227767142857142,4.224508857142857,612.5417465714287,8,6,3,11,34676.828332,27259.42595,44667.298843,3.473641,8,-2.215922,1.729168,1.706626,1.753884,0.024716,21,-0.369594,84408.522919,67389.80845,110732.959757,3.269727,6,-1.4514,4.207487,4.155123,4.294658,0.087171,16,0.404552,12243011.855362,9951514.284967,16090617.298671,9.577201,3,-1.436862,610.467519,604.357677,626.34124,15.87372,12,0.339777
2022-12-03,"Buns, crispbread and biscuits",16583.336057142857,20814.115357142855,1281442.6688,4.499063571428572,5.648214142857142,347.43570585714286,10,14,17,11,14641.766396,7038.073033,18824.045329,1.466692,11,13.260488,4.567265,3.926231,4.713494,0.641034,10,-1.493274,18464.739406,8809.09675,23471.154129,0.715267,15,12.72358,5.761494,4.890149,5.974548,0.871345,12,-1.966147,1107429.666344,654959.338583,1873560.941871,0.866296,17,15.713233,345.52277,336.010497,388.190236,42.667466,17,0.553635
2022-12-03,Cakes and puddings,15755.363671428571,32023.14757142857,2479838.1232714285,3.6432342857142856,7.405295714285714,573.3928682857143,11,11,12,11,12052.166693,9446.5345,27323.8271,1.207288,13,30.7264,3.866842,3.605168,4.120057,0.261674,12,-5.78269,24195.206302,19153.708186,54549.739343,0.937248,13,32.353274,7.761808,7.357303,8.090825,0.404506,11,-4.593166,1796396.537273,1442834.604586,4056742.431329,1.405247,13,38.04514,574.910952,564.979312,581.588772,9.93164,13,-0.264056
2022-12-03,Chocolate,95858.21017142858,165856.5758857143,5079249.648842857,26.63664071428571,46.087603,1411.421167,4,5,6,11,58315.82945,28150.229133,132547.293257,5.841603,5,64.377685,26.648336,26.635705,26.70231,0.053974,3,-0.043888,100886.00487,48669.253133,229294.0415,3.908014,5,64.399984,46.100992,46.086531,46.162786,0.061793,2,-0.029044,3087731.596088,1485490.099517,7016207.887686,2.415405,10,64.497771,1410.912515,1408.565066,1411.461877,2.347449,5,0.036051
2022-12-03,Confectionery products,2773.5257142857145,4392.0103714285715,411685.5256285714,3.1595055714285714,5.003591428571428,469.28702528571426,24,23,24,11,2639.015552,1230.34235,3506.494586,0.264355,26,5.096983,3.375115,3.076151,3.996045,0.620931,13,-6.388203,4173.185967,1949.08865,5594.6689,0.161656,24,5.243581,5.335199,4.888743,6.384052,1.048852,14,-6.215473,365423.519615,182796.127083,451633.892,0.285856,24,12.659833,467.73042,451.206086,488.80262,21.0722,14,0.3328
2022-12-03,Dairy alternative,2562.300014285714,1832.9896,73661.60971428572,0.9801535714285714,0.7011791428571428,28.179004428571428,25,28,29,11,2660.652938,1800.759517,3323.2613,0.266522,25,-3.696571,0.980224,0.980018,0.980467,0.000243,24,-0.007197,1904.762021,1287.6059,2379.9254,0.073785,27,-3.768052,0.701721,0.700136,0.703588,0.001867,27,-0.077175,76719.871596,51670.4985,95957.073143,0.060015,29,-3.986271,28.261161,28.02064,28.544487,0.283326,29,-0.290705
2022-12-03,Dairy products and eggs,232026.9850142857,716889.5950285714,48675730.28102857,4.836353571428572,14.9456,1014.7000741428571,2,2,1,11,232477.799758,181843.006267,351065.404543,23.287725,1,-0.193917,4.695567,4.563031,5.229134,0.533567,8,2.99829,710535.102733,556267.420133,1103935.183871,27.523948,2,0.894325,14.350037,13.874504,16.437715,2.087678,7,4.150255,48504478.375397,37951671.559517,74580377.351429,37.943045,1,0.353064,979.638118,947.127741,1110.38497,130.746852,8,3.579072
2022-12-03,Dried fruit and nuts,2184.0898857142856,12691.273557142858,3412009.868214286,1.8864541428571429,10.961771142857144,2947.0380932857142,27,18,9,11,1354.723428,1038.388929,3492.095486,0.135705,28,61.220352,1.889388,1.871719,1.912103,0.022716,18,-0.155277,7856.897445,6027.1344,20353.999714,0.304352,20,61.530345,10.957706,10.926228,10.982189,0.031477,9,0.037101,2111373.829218,1619963.4337,5475933.913743,1.65164,12,61.60141,2944.647013,2926.133188,2959.04748,18.513825,2,0.081201
2022-12-03,Edible oils and plant-based spreads,11851.417757142857,32515.878014285718,2187702.113157143,4.555562428571428,12.503040714285715,841.3001955714286,14,10,13,11,11516.024682,7616.68445,19449.161571,1.153581,14,2.912403,4.571062,4.524855,4.614628,0.046207,9,-0.339086,32326.766906,21393.85755,58323.040243,1.25224,9,0.584999,12.826853,12.319996,13.748304,0.921451,8,-2.524487,2159306.817661,1382403.26375,3664321.3365,1.689136,11,1.315019,859.015758,796.975647,904.810217,62.040111,9,-2.062309
2022-12-03,Fish and fish products,40365.02041428571,23086.053085714288,10434183.989857143,14.245798714285714,8.148843571428571,3682.8141607142857,7,12,4,11,44048.218618,32840.772867,56109.634029,4.41239,6,-8.361742,14.279638,14.164105,14.795633,0.515995,5,-0.236978,25097.448283,17677.2765,30066.8442,0.972198,12,-8.014341,8.135042,7.924591,8.182162,0.210451,10,0.169657,11359882.239798,8182560.301667,13942633.360857,8.886365,4,-8.148837,3682.364329,3675.505187,3683.900114,6.859142,1,0.012216
2022-12-03,"Fresh, chilled or frozen fruit",12899.509985714287,21864.528571428575,2723650.518871429,0.8303678571428571,1.404752,175.71063085714286,13,13,11,11,15789.317297,10891.896033,19602.676833,1.581645,10,-18.302294,0.869141,0.801294,0.91134,0.067847,26,-4.461105,26149.090577,18436.855767,31249.10995,1.012935,11,-16.385128,1.440723,1.375786,1.496551,0.064936,24,-2.496707,3309952.701717,2308666.66155,4022982.239033,2.589239,9,-17.71331,182.199418,171.490344,193.700603,11.501184,24,-3.561366
2022-12-03,Fruit and vegetable juices,3606.410314285714,5941.329157142857,873718.4454,0.5411278571428572,0.8900082857142857,131.08756,23,21,21,11,3956.552029,3322.8124,6014.348971,0.396335,21,-8.849668,0.549655,0.523444,0.565905,0.026211,27,-1.551425,6420.381727,5507.827633,10098.037914,0.248706,21,-7.461434,0.890925,0.874856,0.907908,0.016983,26,-0.102902,957660.438973,802306.9711,1466231.447171,0.749138,19,-8.765319,133.064152,127.725177,136.908499,5.338975,25,-1.485443
2022-12-03,"Leafy and stem vegetables, including cabbages",2421.6591999999996,2492.4370000000004,522324.5538,0.5194035714285714,0.5339822857142857,111.94252571428571,26,25,23,11,2757.371029,2291.510433,5559.985586,0.276211,24,-12.175069,0.52777,0.516959,0.544295,0.016525,28,-1.585242,2803.538455,2332.706917,5906.793629,0.1086,26,-11.096743,0.535526,0.508317,0.556186,0.027209,29,-0.288291,582885.201471,490911.0199,1223458.897614,0.455967,23,-10.389807,111.33321,109.938657,113.745759,2.412549,26,0.54729
2022-12-03,Meat alternative,1908.4526714285714,2220.144842857143,94919.50111428571,3.1568298571428572,3.670112,156.9509472857143,28,27,28,11,2334.920785,1507.460183,3546.6332,0.233893,27,-18.264779,3.203856,3.15683,3.258684,0.054828,14,-1.467801,2935.016621,1767.951217,4661.065671,0.113694,25,-24.356652,4.007139,3.664715,4.363268,0.356129,17,-8.410663,134877.095393,76279.345517,224216.564714,0.105509,27,-29.625189,183.238195,156.950947,211.128878,27.890684,23,-14.345943
2022-12-03,Other Meat,157794.1248857143,340055.84311428573,13466599.1553,14.280697428571429,30.810919857142856,1216.899152,3,3,2,11,155605.134295,120499.749017,240673.170914,15.58725,3,1.40676,14.54359,13.440539,15.963764,1.420174,4,-1.807617,346493.577259,242973.5198,463373.103614,13.422097,3,-1.857966,32.476188,26.094584,40.120317,7.644129,4,-5.12766,12871723.378448,10935977.428233,23519542.951257,10.069016,2,4.621571,1196.865944,1171.617404,1306.265527,109.399583,7,1.673805
2022-12-03,Other vegetables,20528.3672,48991.8294,3964849.2788428576,1.3758072857142858,3.2862395714285713,265.70969857142853,9,7,8,11,21710.047346,15914.283133,28532.786986,2.174735,9,-5.44301,1.356362,1.328676,1.385649,0.029287,22,1.433638,48418.258862,34800.809067,62979.575171,1.875575,7,1.184616,3.024343,2.70005,3.328264,0.324293,20,8.659622,4158886.236624,3003937.482633,5335174.981029,3.253324,6,-4.665599,259.81835,251.354083,267.523771,8.464267,21,2.267487
2022-12-03,Pasta products,3650.2250142857147,7910.819457142857,1356685.9573571428,1.7653308571428572,3.8266197142857146,655.9929232857143,22,20,16,11,3786.170854,2469.686283,4294.3287,0.379268,22,-3.590589,1.768948,1.755839,1.788505,0.019556,20,-0.204495,8190.71269,5343.18925,9354.024514,0.317283,19,-3.417202,3.82556,3.819282,3.831063,0.006278,18,0.027702,1402184.256253,917760.774833,1595015.077443,1.096871,14,-3.244816,655.192799,650.769265,663.292973,8.100175,11,0.12212
2022-12-03,Pastry (savoury),13367.861585714287,33306.718114285715,980078.9899285715,8.464240857142856,21.083214857142856,620.7080988571428,12,9,20,11,12126.324274,10321.05505,19579.955629,1.214716,12,10.238365,8.741523,6.799252,9.710859,1.942272,7,-3.172016,29965.389169,23568.996617,40972.183471,1.160767,10,11.150628,21.659973,14.495135,25.177449,7.164837,6,-2.662781,922921.302795,826556.673571,1901873.346986,0.721963,20,6.193127,662.523247,612.539212,710.974256,49.984035,10,-6.311499
2022-12-03,"Potatoes, root crops, non-starchy bulbs and mushrooms",9572.1949,14479.073942857141,1033517.9644285714,0.4630004285714286,0.7006174285714286,49.98799757142857,17,16,19,11,9479.581166,7237.189171,19570.309457,0.949587,16,0.976981,0.46348,0.458367,0.464637,0.005112,29,-0.103412,14246.901157,10888.947086,28934.506829,0.551881,16,1.629637,0.697227,0.679129,0.705335,0.018099,28,0.486204,1017563.41704,774128.405286,2033935.952857,0.795998,18,1.567917,49.794536,47.743595,50.189854,2.050941,28,0.388519
2022-12-03,Preserved fruit and fruit based products,702.9350571428571,1022.5062571428571,148029.5791285714,0.8784412857142857,1.2774292857142857,184.94919685714285,29,30,26,11,792.376834,427.837867,909.3098,0.079374,29,-11.287783,0.873013,0.862756,0.878507,0.010257,25,0.62174,1172.190112,623.814667,1352.714314,0.045407,30,-12.769589,1.290893,1.277285,1.314326,0.023434,25,-1.042976,168954.540101,90254.870717,194439.635686,0.132166,25,-12.384965,186.086047,184.937372,188.026297,1.940251,22,-0.610927
2022-12-03,Ready meals,70089.08327142856,229779.44011428574,8014561.4463,11.081308142857143,36.347918285714286,1265.0531171428572,5,4,5,11,69234.105759,59992.4463,88710.792357,6.935307,4,1.234908,11.115542,10.328625,11.579405,0.786918,6,-0.307986,227633.511184,196833.1531,286054.254,8.817823,4,0.942712,36.533255,33.59909,38.377942,2.934165,3,-0.507308,8015120.061351,6754268.6726,9946543.391871,6.269897,5,-0.00697,1287.886634,1233.17431,1329.759094,54.712323,6,-1.772945
2022-12-03,Rice,6567.474385714287,4144.440157142857,3313940.1071428573,4.427343571428572,2.7940025714285714,2234.000425857143,18,24,10,11,6693.004805,4764.563817,7877.731471,0.670451,18,-1.875547,4.413957,4.395409,4.435112,0.021155,11,0.303276,4231.196538,3004.00565,4992.0532,0.163904,23,-2.050398,2.790459,2.785549,2.796059,0.0056,21,0.126981,3374950.652558,2405027.938333,3968670.926971,2.640084,8,-1.807746,2225.728891,2214.268126,2238.80079,13.071899,3,0.371633
2022-12-03,"Salt, spices, culinary herbs and other food products",662.1902571428571,2325.9243142857144,402580.7560714286,1.1022288571428571,3.874895714285714,674.0426901428572,30,26,25,11,516.810652,379.375457,1145.614886,0.05177,30,28.130149,1.074819,0.809817,1.221574,0.265002,23,2.550187,1349.002485,884.187243,3982.261571,0.052256,29,72.41809,2.758251,1.860042,4.102337,1.344086,22,40.483821,163697.872327,91196.791014,737993.111686,0.128054,26,145.929132,323.367205,227.575549,684.446814,361.079609,19,108.444975
2022-12-03,"Sauces, condiments",9733.1679,18110.05325714286,1380009.3357571426,2.2234477142857143,4.137110857142857,315.24350428571427,16,15,15,11,9741.672716,6612.831643,16390.927014,0.975841,15,-0.087303,2.272242,2.219467,2.334464,0.062222,16,-2.147397,19720.604072,13509.463229,32628.764671,0.763916,14,-8.166843,4.633239,4.137111,5.845381,1.212142,15,-10.70802,1352646.415272,951675.764257,2346649.088014,1.058119,16,2.022917,315.774797,298.01131,338.335853,22.561056,20,-0.16825
2022-12-03,Savoury snacks,4057.5131857142856,13016.725728571428,873415.2760857142,1.8552108571428572,5.949098857142857,397.843973,21,17,22,11,3508.406924,2934.376717,6976.290086,0.351444,23,15.651157,1.778011,1.72737,1.930614,0.152603,19,4.341928,11150.688654,9137.195133,21948.036743,0.431943,17,16.734725,5.653864,5.480259,6.146643,0.492779,13,5.221819,678020.444067,547013.339467,1387744.531357,0.530387,22,28.818428,343.50234,316.547979,437.715846,94.213506,18,15.819873
2022-12-03,"Soft drinks (inc. fizzy and ready to drink fruit drinks), mineral or spring water",5635.678528571429,1598.6151285714284,66123.45948571428,0.21515957142857142,0.06098771428571429,2.5331832857142857,20,29,30,11,5649.728345,4618.665886,10412.868729,0.565944,19,-0.248681,0.21015,0.205601,0.225306,0.015156,30,2.383999,1483.983748,1169.996771,3335.102614,0.057485,28,7.724571,0.055049,0.049885,0.071721,0.016672,30,10.788176,65043.039427,52897.311257,116022.955314,0.05088,30,1.661085,2.439413,2.236549,2.64423,0.204817,30,3.843982
2022-12-03,"Sugar, sugar products, jams and marmalades",6134.431600000001,5139.315385714285,1057571.819142857,2.1666454285714285,1.8154868571428573,373.55454814285713,19,22,18,11,5300.058234,3688.53565,8378.2543,0.530917,20,15.742721,2.154882,2.107335,2.194137,0.047547,17,0.5459,4454.640753,3104.651483,7005.104414,0.172559,22,15.369918,1.811221,1.793978,1.825456,0.017243,23,0.235525,914944.404727,637128.790567,1443213.123371,0.715723,21,15.588643,372.001013,365.721601,377.185269,6.279412,16,0.417616
2022-12-03,"Tea, coffee, cocoa and powdered chocolate",44571.2931,48178.024314285714,130308.10648571429,27.33263685714286,29.524093285714287,79.65958471428573,6,8,27,11,39709.720555,28327.34405,54265.222929,3.977795,7,12.242777,26.740506,26.019858,27.627357,0.88685,2,2.214358,42263.378573,30278.014383,59652.770557,1.637153,8,13.99473,28.425734,27.112628,30.299542,1.873808,5,3.863962,99012.963197,64382.544514,171887.487971,0.077454,28,31.607117,66.404043,50.741391,87.517516,21.113474,27,19.96195
2022-12-10,"Baker's yeast, dessert preparations, soups",10548.367171428572,10361.1583,1783303.8908999998,2.3994342857142854,2.339540714285714,405.32962428571426,15,19,14,11,7985.690448,5158.9966,11109.725871,0.799941,17,32.09086,2.638836,2.399434,3.01519,0.376354,15,-9.072236,10133.984543,7743.733817,12772.186,0.392559,18,2.241702,3.457694,2.339541,5.233981,1.776287,19,-32.338131,1385906.736596,932849.351929,1911053.4077,1.084137,15,28.674163,459.239816,405.329624,545.753175,86.513359,15,-11.739006
2022-12-10,Beef and Lamb,275549.60628571425,1055852.7042285714,4797129.758285714,86.99495042857143,335.308905,1524.5397842857144,1,1,7,11,207224.686107,139791.837786,342066.711086,20.758075,2,32.971419,90.78412,81.878412,93.473207,8.905708,1,-4.173824,762451.264726,511727.556257,1210221.180571,29.535021,1,38.481337,332.544384,330.582466,339.041855,6.497471,1,0.831324,3446260.019342,2311457.704143,5441731.711429,2.695867,7,39.198137,1502.220715,1486.381377,1554.67736,52.456645,4,1.485738
2022-12-10,Breads and cereals,34632.56561428572,85265.16348571428,12309023.302942857,1.727762142857143,4.251533857142857,613.5429391428571,8,6,3,11,34676.828332,27259.42595,44667.298843,3.473641,8,-0.127643,1.729168,1.706626,1.753884,0.024716,21,-0.08128,84408.522919,67389.80845,110732.959757,3.269727,6,1.014874,4.207487,4.155123,4.294658,0.087171,16,1.046859,12243011.855362,9951514.284967,16090617.298671,9.577201,3,0.539177,610.467519,604.357677,626.34124,15.87372,12,0.503781
2022-12-10,"Buns, crispbread and biscuits",16425.944914285712,20464.640671428573,1388898.0442285712,4.283386571428571,5.340832142857143,359.6988027142857,11,14,16,11,14641.766396,7038.073033,18824.045329,1.466692,11,12.185541,4.567265,3.926231,4.713494,0.641034,10,-6.215509,18464.739406,8809.09675,23471.154129,0.715267,15,10.830921,5.761494,4.890149,5.974548,0.871345,12,-7.301257,1107429.666344,654959.338583,1873560.941871,0.866296,17,25.416366,345.52277,336.010497,388.190236,42.667466,17,4.102778
2022-12-10,Cakes and puddings,18017.449557142856,36348.7301,2765637.5149,3.7239338571428573,7.516520999999999,572.243729,10,9,11,11,12052.166693,9446.5345,27323.8271,1.207288,13,49.495522,3.866842,3.605168,4.120057,0.261674,12,-3.695726,24195.206302,19153.708186,54549.739343,0.937248,13,50.231123,7.761808,7.357303,8.090825,0.404506,11,-3.160185,1796396.537273,1442834.604586,4056742.431329,1.405247,13,53.954734,574.910952,564.979312,581.588772,9.93164,13,-0.463937
2022-12-10,Chocolate,114364.52434285714,197844.51865714285,6054538.227542857,26.648794142857145,46.101516714285715,1410.892601,4,5,6,11,58315.82945,28150.229133,132547.293257,5.841603,5,96.112317,26.648336,26.635705,26.70231,0.053974,3,0.001719,100886.00487,48669.253133,229294.0415,3.908014,5,96.107001,46.100992,46.086531,46.162786,0.061793,2,0.001137,3087731.596088,1485490.099517,7016207.887686,2.415405,10,96.083696,1410.912515,1408.565066,1411.461877,2.347449,5,-0.001411
2022-12-10,Confectionery products,2791.1728857142853,4431.867342857143,426298.70145714283,3.0989961428571426,4.919991714285715,472.56759542857145,24,23,25,11,2639.015552,1230.34235,3506.494586,0.264355,26,5.765685,3.375115,3.076151,3.996045,0.620931,13,-8.181014,4173.185967,1949.08865,5594.6689,0.161656,24,6.198654,5.335199,4.888743,6.384052,1.048852,14,-7.78242,365423.519615,182796.127083,451633.892,0.285856,24,16.658802,467.73042,451.206086,488.80262,21.0722,14,1.03418
2022-12-10,Dairy alternative,2529.233742857143,1808.7540999999999,72616.184,0.9801155714285714,0.7008858571428572,28.134463,25,29,30,11,2660.652938,1800.759517,3323.2613,0.266522,25,-4.939359,0.980224,0.980018,0.980467,0.000243,24,-0.011073,1904.762021,1287.6059,2379.9254,0.073785,27,-5.040416,0.701721,0.700136,0.703588,0.001867,27,-0.118971,76719.871596,51670.4985,95957.073143,0.060015,29,-5.348924,28.261161,28.02064,28.544487,0.283326,29,-0.448311
2022-12-10,Dairy products and eggs,244683.88771428572,761540.9928,51568316.90384286,5.0030211428571425,15.568829857142857,1054.299473142857,2,2,1,11,232477.799758,181843.006267,351065.404543,23.287725,1,5.250432,4.695567,4.563031,5.229134,0.533567,8,6.547757,710535.102733,556267.420133,1103935.183871,27.523948,2,7.178518,14.350037,13.874504,16.437715,2.087678,7,8.493309,48504478.375397,37951671.559517,74580377.351429,37.943045,1,6.31661,979.638118,947.127741,1110.38497,130.746852,8,7.62132
2022-12-10,Dried fruit and nuts,2445.8881571428574,14259.667428571429,3836566.2605,1.8812687142857143,10.96895642857143,2951.264334857143,27,18,9,11,1354.723428,1038.388929,3492.095486,0.135705,28,80.545203,1.889388,1.871719,1.912103,0.022716,18,-0.429727,7856.897445,6027.1344,20353.999714,0.304352,20,81.492345,10.957706,10.926228,10.982189,0.031477,9,0.102674,2111373.829218,1619963.4337,5475933.913743,1.65164,12,81.709473,2944.647013,2926.133188,2959.04748,18.513825,2,0.224724
2022-12-10,Edible oils and plant-based spreads,11949.064928571428,32847.735857142856,2189041.224685714,4.552186571428572,12.518803,833.3397082857143,14,11,13,11,11516.024682,7616.68445,19449.161571,1.153581,14,3.760328,4.571062,4.524855,4.614628,0.046207,9,-0.412938,32326.766906,21393.85755,58323.040243,1.25224,9,1.611571,12.826853,12.319996,13.748304,0.921451,8,-2.401602,2159306.817661,1382403.26375,3664321.3365,1.689136,11,1.377035,859.015758,796.975647,904.810217,62.040111,9,-2.989008
2022-12-10,Fish and fish products,40603.03264285715,23015.259599999998,10438310.299714284,14.310075142857142,8.122628,3681.9597288571426,7,12,4,11,44048.218618,32840.772867,56109.634029,4.41239,6,-7.821397,14.279638,14.164105,14.795633,0.515995,5,0.213149,25097.448283,17677.2765,30066.8442,0.972198,12,-8.296416,8.135042,7.924591,8.182162,0.210451,10,-0.152598,11359882.239798,8182560.301667,13942633.360857,8.886365,4,-8.112513,3682.364329,3675.505187,3683.900114,6.859142,1,-0.010987
2022-12-10,"Fresh, chilled or frozen fruit",13016.5952,22490.0483,2738934.1919428566,0.815144,1.4083315714285713,171.49034414285714,13,13,12,11,15789.317297,10891.896033,19602.676833,1.581645,10,-17.560747,0.869141,0.801294,0.91134,0.067847,26,-6.212702,26149.090577,18436.855767,31249.10995,1.012935,11,-13.993,1.440723,1.375786,1.496551,0.064936,24,-2.24825,3309952.701717,2308666.66155,4022982.239033,2.589239,9,-17.251561,182.199418,171.490344,193.700603,11.501184,24,-5.877667
2022-12-10,Fruit and vegetable juices,3738.0992857142855,6152.2186571428565,906231.0281142857,0.535732,0.8802781428571429,129.88406014285715,22,21,22,11,3956.552029,3322.8124,6014.348971,0.396335,21,-5.521291,0.549655,0.523444,0.565905,0.026211,27,-2.533105,6420.381727,5507.827633,10098.037914,0.248706,21,-4.176747,0.890925,0.874856,0.907908,0.016983,26,-1.195041,957660.438973,802306.9711,1466231.447171,0.749138,19,-5.370318,133.064152,127.725177,136.908499,5.338975,25,-2.389894
2022-12-10,"Leafy and stem vegetables, including cabbages",2470.7922714285714,2566.7194571428577,535135.1180142857,0.5189828571428572,0.5385604285714286,112.33336642857144,26,25,23,11,2757.371029,2291.510433,5559.985586,0.276211,24,-10.393188,0.52777,0.516959,0.544295,0.016525,28,-1.664958,2803.538455,2332.706917,5906.793629,0.1086,26,-8.447146,0.535526,0.508317,0.556186,0.027209,29,0.566596,582885.201471,490911.0199,1223458.897614,0.455967,23,-8.192022,111.33321,109.938657,113.745759,2.412549,26,0.898345
2022-12-10,Meat alternative,2028.2830285714285,2355.8197142857143,100937.61894285714,3.1583455714285718,3.6665237142857143,157.06958942857142,28,27,28,11,2334.920785,1507.460183,3546.6332,0.233893,27,-13.132683,3.203856,3.15683,3.258684,0.054828,14,-1.420492,2935.016621,1767.951217,4661.065671,0.113694,25,-19.734025,4.007139,3.664715,4.363268,0.356129,17,-8.50021,134877.095393,76279.345517,224216.564714,0.105509,27,-25.163262,183.238195,156.950947,211.128878,27.890684,23,-14.281196
2022-12-10,Other Meat,170848.67182857145,360740.85354285716,15437674.86802857,14.196310428571428,30.060166857142857,1276.2439267142856,3,3,2,11,155605.134295,120499.749017,240673.170914,15.58725,3,9.796295,14.54359,13.440539,15.963764,1.420174,4,-2.387852,346493.577259,242973.5198,463373.103614,13.422097,3,4.111844,32.476188,26.094584,40.120317,7.644129,4,-7.439363,12871723.378448,10935977.428233,23519542.951257,10.069016,2,19.934794,1196.865944,1171.617404,1306.265527,109.399583,7,6.632153
2022-12-10,Other vegetables,20810.4486,50352.05144285714,4012322.032385714,1.3753017142857142,3.3282638571428573,265.20063442857145,9,8,8,11,21710.047346,15914.283133,28532.786986,2.174735,9,-4.143698,1.356362,1.328676,1.385649,0.029287,22,1.396364,48418.258862,34800.809067,62979.575171,1.875575,7,3.993933,3.024343,2.70005,3.328264,0.324293,20,10.049157,4158886.236624,3003937.482633,5335174.981029,3.253324,6,-3.524122,259.81835,251.354083,267.523771,8.464267,21,2.071557
2022-12-10,Pasta products,3614.4668714285717,7823.123528571429,1340976.2660142856,1.7681182857142856,3.825504571428571,656.321581,23,20,17,11,3786.170854,2469.686283,4294.3287,0.379268,22,-4.53503,1.768948,1.755839,1.788505,0.019556,20,-0.04692,8190.71269,5343.18925,9354.024514,0.317283,19,-4.487878,3.82556,3.819282,3.831063,0.006278,18,-0.001448,1402184.256253,917760.774833,1595015.077443,1.096871,14,-4.365189,655.192799,650.769265,663.292973,8.100175,11,0.172282
2022-12-10,Pastry (savoury),14018.5184,33925.12018571429,1081375.9527999999,7.974691,19.343761285714287,612.5392115714286,12,10,19,11,12126.324274,10321.05505,19579.955629,1.214716,12,15.604021,8.741523,6.799252,9.710859,1.942272,7,-8.772297,29965.389169,23568.996617,40972.183471,1.160767,10,13.214349,21.659973,14.495135,25.177449,7.164837,6,-10.69351,922921.302795,826556.673571,1901873.346986,0.721963,20,17.168815,662.523247,612.539212,710.974256,49.984035,10,-7.544495
2022-12-10,"Potatoes, root crops, non-starchy bulbs and mushrooms",10094.846785714286,15300.680042857142,1081286.8507142856,0.4626657142857143,0.701352,49.57713628571428,17,16,20,11,9479.581166,7237.189171,19570.309457,0.949587,16,6.49043,0.46348,0.458367,0.464637,0.005112,29,-0.17563,14246.901157,10888.947086,28934.506829,0.551881,16,7.396548,0.697227,0.679129,0.705335,0.018099,28,0.59156,1017563.41704,774128.405286,2033935.952857,0.795998,18,6.262355,49.794536,47.743595,50.189854,2.050941,28,-0.436594
2022-12-10,Preserved fruit and fruit based products,683.2396,1000.7522571428572,144619.66737142857,0.8758127142857143,1.283212142857143,185.423403,30,30,27,11,792.376834,427.837867,909.3098,0.079374,29,-13.7734,0.873013,0.862756,0.878507,0.010257,25,0.320648,1172.190112,623.814667,1352.714314,0.045407,30,-14.625431,1.290893,1.277285,1.314326,0.023434,25,-0.595002,168954.540101,90254.870717,194439.635686,0.132166,25,-14.403207,186.086047,184.937372,188.026297,1.940251,22,-0.356095
2022-12-10,Ready meals,72423.96604285714,236725.44475714283,8190114.377857143,11.178096142857143,36.52555671428571,1263.3642041428573,5,4,5,11,69234.105759,59992.4463,88710.792357,6.935307,4,4.607354,11.115542,10.328625,11.579405,0.786918,6,0.562759,227633.511184,196833.1531,286054.254,8.817823,4,3.99411,36.533255,33.59909,38.377942,2.934165,3,-0.021071,8015120.061351,6754268.6726,9946543.391871,6.269897,5,2.183302,1287.886634,1233.17431,1329.759094,54.712323,6,-1.904083
2022-12-10,Rice,6284.910585714286,3965.438857142857,3171571.4857142856,4.428768,2.7943797142857143,2234.880598,19,24,10,11,6693.004805,4764.563817,7877.731471,0.670451,18,-6.097324,4.413957,4.395409,4.435112,0.021155,11,0.335547,4231.196538,3004.00565,4992.0532,0.163904,23,-6.280911,2.790459,2.785549,2.796059,0.0056,21,0.140497,3374950.652558,2405027.938333,3968670.926971,2.640084,8,-6.026137,2225.728891,2214.268126,2238.80079,13.071899,3,0.411178
2022-12-10,"Salt, spices, culinary herbs and other food products",715.2322,2450.1093857142855,437835.3787428572,1.0021081428571428,3.4321292857142858,614.767004,29,26,24,11,516.810652,379.375457,1145.614886,0.05177,30,38.393471,1.074819,0.809817,1.221574,0.265002,23,-6.764936,1349.002485,884.187243,3982.261571,0.052256,29,81.623786,2.758251,1.860042,4.102337,1.344086,22,24.431384,163697.872327,91196.791014,737993.111686,0.128054,26,167.465528,323.367205,227.575549,684.446814,361.079609,19,90.114209
2022-12-10,"Sauces, condiments",10483.647557142856,19660.439000000002,1489750.6240857143,2.2375217142857142,4.189822857142857,317.93654585714285,16,15,15,11,9741.672716,6612.831643,16390.927014,0.975841,15,7.616503,2.272242,2.219467,2.334464,0.062222,16,-1.528009,19720.604072,13509.463229,32628.764671,0.763916,14,-0.305087,4.633239,4.137111,5.845381,1.212142,15,-9.570327,1352646.415272,951675.764257,2346649.088014,1.058119,16,10.135998,315.774797,298.01131,338.335853,22.561056,20,0.684586
2022-12-10,Savoury snacks,4601.064,14699.872614285714,990406.534,1.870777285714286,5.9839,405.162507,21,17,21,11,3508.406924,2934.376717,6976.290086,0.351444,23,31.143966,1.778011,1.72737,1.930614,0.152603,19,5.217425,11150.688654,9137.195133,21948.036743,0.431943,17,31.82928,5.653864,5.480259,6.146643,0.492779,13,5.837347,678020.444067,547013.339467,1387744.531357,0.530387,22,46.073255,343.50234,316.547979,437.715846,94.213506,18,17.950436
2022-12-10,"Soft drinks (inc. fizzy and ready to drink fruit drinks), mineral or spring water",6263.714942857143,1894.1843714285715,74316.79387142857,0.21998414285714288,0.06640728571428571,2.6117411428571424,20,28,29,11,5649.728345,4618.665886,10412.868729,0.565944,19,10.867542,0.21015,0.205601,0.225306,0.015156,30,4.679779,1483.983748,1169.996771,3335.102614,0.057485,28,27.641854,0.055049,0.049885,0.071721,0.016672,30,20.633183,65043.039427,52897.311257,116022.955314,0.05088,30,14.257874,2.439413,2.236549,2.64423,0.204817,30,7.064341
2022-12-10,"Sugar, sugar products, jams and marmalades",6472.111528571429,5418.312214285715,1115456.0945571428,2.1695987142857143,1.8165578571428571,373.9445991428571,18,22,18,11,5300.058234,3688.53565,8378.2543,0.530917,20,22.11397,2.154882,2.107335,2.194137,0.047547,17,0.682951,4454.640753,3104.651483,7005.104414,0.172559,22,21.632978,1.811221,1.793978,1.825456,0.017243,23,0.294657,914944.404727,637128.790567,1443213.123371,0.715723,21,21.915177,372.001013,365.721601,377.185269,6.279412,16,0.522468
2022-12-10,"Tea, coffee, cocoa and powdered chocolate",47528.4408,51915.635571428575,148570.51811428572,27.627356571428574,30.166174428571427,87.01386014285715,6,7,26,11,39709.720555,28327.34405,54265.222929,3.977795,7,19.689688,26.740506,26.019858,27.627357,0.88685,2,3.316505,42263.378573,30278.014383,59652.770557,1.637153,8,22.838347,28.425734,27.112628,30.299542,1.873808,5,6.122764,99012.963197,64382.544514,171887.487971,0.077454,28,50.051582,66.404043,50.741391,87.517516,21.113474,27,31.036992
2022-12-17,"Baker's yeast, dessert preparations, soups",11010.345285714286,12772.186,1884911.3580428571,2.519289142857143,2.885559,430.6343688571429,17,19,17,11,7985.690448,5158.9966,11109.725871,0.799941,17,37.875934,2.638836,2.399434,3.01519,0.376354,15,-4.530276,10133.984543,7743.733817,12772.186,0.392559,18,26.03321,3.457694,2.339541,5.233981,1.776287,19,-16.546733,1385906.736596,932849.351929,1911053.4077,1.084137,15,36.005642,459.239816,405.329624,545.753175,86.513359,15,-6.228869
2022-12-17,Beef and Lamb,342066.7110857143,1210221.1805714287,5441731.711428572,93.473207,330.58246599999995,1486.3813774285716,2,1,8,11,207224.686107,139791.837786,342066.711086,20.758075,2,65.070445,90.78412,81.878412,93.473207,8.905708,1,2.962068,762451.264726,511727.556257,1210221.180571,29.535021,1,58.727677,332.544384,330.582466,339.041855,6.497471,1,-0.589972,3446260.019342,2311457.704143,5441731.711429,2.695867,7,57.902529,1502.220715,1486.381377,1554.67736,52.456645,4,-1.054395
2022-12-17,Breads and cereals,44667.29884285714,110732.95975714286,16090617.298671428,1.7346871428571429,4.294658142857143,623.4820071428572,8,6,3,11,34676.828332,27259.42595,44667.298843,3.473641,8,28.81022,1.729168,1.706626,1.753884,0.024716,21,0.319202,84408.522919,67389.80845,110732.959757,3.269727,6,31.186942,4.207487,4.155123,4.294658,0.087171,16,2.0718,12243011.855362,9951514.284967,16090617.298671,9.577201,3,31.426952,610.467519,604.357677,626.34124,15.87372,12,2.131889
2022-12-17,"Buns, crispbread and biscuits",18824.04532857143,23471.154128571427,1873560.9418714286,3.926231285714286,4.890149,388.19023571428573,13,16,18,11,14641.766396,7038.073033,18824.045329,1.466692,11,28.564033,4.567265,3.926231,4.713494,0.641034,10,-14.035403,18464.739406,8809.09675,23471.154129,0.715267,15,27.113379,5.761494,4.890149,5.974548,0.871345,12,-15.123588,1107429.666344,654959.338583,1873560.941871,0.866296,17,69.181032,345.52277,336.010497,388.190236,42.667466,17,12.34867
2022-12-17,Cakes and puddings,27323.827100000002,54549.739342857145,4056742.4313285714,3.8531785714285713,7.688791285714286,570.3076297142858,10,9,10,11,12052.166693,9446.5345,27323.8271,1.207288,13,126.712987,3.866842,3.605168,4.120057,0.261674,12,-0.353342,24195.206302,19153.708186,54549.739343,0.937248,13,125.456806,7.761808,7.357303,8.090825,0.404506,11,-0.940724,1796396.537273,1442834.604586,4056742.431329,1.405247,13,125.826667,574.910952,564.979312,581.588772,9.93164,13,-0.800702
2022-12-17,Chocolate,125384.73232857142,216869.86717142857,6631524.228671429,26.663209285714284,46.11802,1410.265660142857,4,5,6,11,58315.82945,28150.229133,132547.293257,5.841603,5,115.009773,26.648336,26.635705,26.70231,0.053974,3,0.055813,100886.00487,48669.253133,229294.0415,3.908014,5,114.965264,46.100992,46.086531,46.162786,0.061793,2,0.036935,3087731.596088,1485490.099517,7016207.887686,2.415405,10,114.7701,1410.912515,1408.565066,1411.461877,2.347449,5,-0.045847
2022-12-17,Confectionery products,2949.011,4683.78907142857,451633.892,3.0890467142857143,4.906435285714286,473.16134300000004,27,24,25,11,2639.015552,1230.34235,3506.494586,0.264355,26,11.746632,3.375115,3.076151,3.996045,0.620931,13,-8.475802,4173.185967,1949.08865,5594.6689,0.161656,24,12.235331,5.335199,4.888743,6.384052,1.048852,14,-8.036514,365423.519615,182796.127083,451633.892,0.285856,24,23.591906,467.73042,451.206086,488.80262,21.0722,14,1.161122
2022-12-17,Dairy alternative,3008.9979857142857,2152.7534,86537.66814285715,0.9801672857142858,0.7012848571428572,28.19500185714286,26,29,30,11,2660.652938,1800.759517,3323.2613,0.266522,25,13.092465,0.980224,0.980018,0.980467,0.000243,24,-0.005798,1904.762021,1287.6059,2379.9254,0.073785,27,13.019547,0.701721,0.700136,0.703588,0.001867,27,-0.06211,76719.871596,51670.4985,95957.073143,0.060015,29,12.796941,28.261161,28.02064,28.544487,0.283326,29,-0.234099
2022-12-17,Dairy products and eggs,351065.40454285714,1103935.1838714287,74580377.35142858,5.229134285714286,16.437715285714287,1110.3849695714287,1,2,1,11,232477.799758,181843.006267,351065.404543,23.287725,1,51.010292,4.695567,4.563031,5.229134,0.533567,8,11.363217,710535.102733,556267.420133,1103935.183871,27.523948,2,55.366734,14.350037,13.874504,16.437715,2.087678,7,14.548244,48504478.375397,37951671.559517,74580377.351429,37.943045,1,53.759776,979.638118,947.127741,1110.38497,130.746852,8,13.346444
2022-12-17,Dried fruit and nuts,3492.0954857142856,20353.999714285714,5475933.913742857,1.8802597142857143,10.970354571428572,2952.086659285714,25,18,7,11,1354.723428,1038.388929,3492.095486,0.135705,28,157.771838,1.889388,1.871719,1.912103,0.022716,18,-0.483131,7856.897445,6027.1344,20353.999714,0.304352,20,159.058997,10.957706,10.926228,10.982189,0.031477,9,0.115433,2111373.829218,1619963.4337,5475933.913743,1.65164,12,159.354068,2944.647013,2926.133188,2959.04748,18.513825,2,0.25265
2022-12-17,Edible oils and plant-based spreads,15245.155614285713,42855.014885714285,2757206.0739142857,4.555671571428571,12.784088428571428,823.8587255714285,16,10,13,11,11516.024682,7616.68445,19449.161571,1.153581,14,32.382103,4.571062,4.524855,4.614628,0.046207,9,-0.336698,32326.766906,21393.85755,58323.040243,1.25224,9,32.568206,12.826853,12.319996,13.748304,0.921451,8,-0.333399,2159306.817661,1382403.26375,3664321.3365,1.689136,11,27.689407,859.015758,796.975647,904.810217,62.040111,9,-4.092711
2022-12-17,Fish and fish products,56109.634028571425,30066.8442,13942633.360857142,14.733924857142856,7.949758857142856,3676.3254717142854,6,14,4,11,44048.218618,32840.772867,56109.634029,4.41239,6,27.3823,14.279638,14.164105,14.795633,0.515995,5,3.181359,25097.448283,17677.2765,30066.8442,0.972198,12,19.800403,8.135042,7.924591,8.182162,0.210451,10,-2.277592,11359882.239798,8182560.301667,13942633.360857,8.886365,4,22.735721,3682.364329,3675.505187,3683.900114,6.859142,1,-0.163994
2022-12-17,"Fresh, chilled or frozen fruit",17969.3019,30769.585671428573,3862353.572057143,0.8012938571428572,1.3757864285714285,171.77940814285714,14,13,11,11,15789.317297,10891.896033,19602.676833,1.581645,10,13.806706,0.869141,0.801294,0.91134,0.067847,26,-7.806246,26149.090577,18436.855767,31249.10995,1.012935,11,17.669812,1.440723,1.375786,1.496551,0.064936,24,-4.507196,3309952.701717,2308666.66155,4022982.239033,2.589239,9,16.689087,182.199418,171.490344,193.700603,11.501184,24,-5.719014
2022-12-17,Fruit and vegetable juices,6014.348971428572,10098.037914285715,1466231.4471714287,0.5234438571428571,0.8748555714285714,127.72517685714286,22,20,20,11,3956.552029,3322.8124,6014.348971,0.396335,21,52.009854,0.549655,0.523444,0.565905,0.026211,27,-4.768714,6420.381727,5507.827633,10098.037914,0.248706,21,57.280958,0.890925,0.874856,0.907908,0.016983,26,-1.803686,957660.438973,802306.9711,1466231.447171,0.749138,19,53.105567,133.064152,127.725177,136.908499,5.338975,25,-4.012332
2022-12-17,"Leafy and stem vegetables, including cabbages",5559.985585714285,5906.793628571429,1223458.8976142858,0.5169587142857143,0.5496895714285713,113.74575942857143,23,23,23,11,2757.371029,2291.510433,5559.985586,0.276211,24,101.640821,0.52777,0.516959,0.544295,0.016525,28,-2.048485,2803.538455,2332.706917,5906.793629,0.1086,26,110.690658,0.535526,0.508317,0.556186,0.027209,29,2.644766,582885.201471,490911.0199,1223458.897614,0.455967,23,109.897059,111.33321,109.938657,113.745759,2.412549,26,2.166963
2022-12-17,Meat alternative,2780.771342857143,3225.7311285714286,138788.33484285715,3.1617712857142855,3.664715285714286,157.6553972857143,28,28,28,11,2334.920785,1507.460183,3546.6332,0.233893,27,19.09489,3.203856,3.15683,3.258684,0.054828,14,-1.313567,2935.016621,1767.951217,4661.065671,0.113694,25,9.905038,4.007139,3.664715,4.363268,0.356129,17,-8.545341,134877.095393,76279.345517,224216.564714,0.105509,27,2.899854,183.238195,156.950947,211.128878,27.890684,23,-13.961498
2022-12-17,Other Meat,240673.17091428567,463373.1036142857,23519542.951257143,13.440539285714285,26.094584285714287,1306.2655274285714,3,3,2,11,155605.134295,120499.749017,240673.170914,15.58725,3,54.669171,14.54359,13.440539,15.963764,1.420174,4,-7.584445,346493.577259,242973.5198,463373.103614,13.422097,3,33.73209,32.476188,26.094584,40.120317,7.644129,4,-19.650102,12871723.378448,10935977.428233,23519542.951257,10.069016,2,82.722564,1196.865944,1171.617404,1306.265527,109.399583,7,9.140504
2022-12-17,Other vegetables,28532.786985714287,62979.575171428565,5335174.981028572,1.351426857142857,3.022936285714285,253.79657471428573,9,7,9,11,21710.047346,15914.283133,28532.786986,2.174735,9,31.426646,1.356362,1.328676,1.385649,0.029287,22,-0.363849,48418.258862,34800.809067,62979.575171,1.875575,7,30.074019,3.024343,2.70005,3.328264,0.324293,20,-0.04651,4158886.236624,3003937.482633,5335174.981029,3.253324,6,28.283744,259.81835,251.354083,267.523771,8.464267,21,-2.317687
2022-12-17,Pasta products,4132.171557142857,8877.329628571428,1535473.856285714,1.7786332857142857,3.820249142857143,660.8860402857143,24,21,19,11,3786.170854,2469.686283,4294.3287,0.379268,22,9.138539,1.768948,1.755839,1.788505,0.019556,20,0.547501,8190.71269,5343.18925,9354.024514,0.317283,19,8.382872,3.82556,3.819282,3.831063,0.006278,18,-0.138824,1402184.256253,917760.774833,1595015.077443,1.096871,14,9.505855,655.192799,650.769265,663.292973,8.100175,11,0.868941
2022-12-17,Pastry (savoury),19579.955628571428,40972.18347142857,1901873.3469857143,6.799251857142857,14.495135142857142,642.8278128571428,11,11,16,11,12126.324274,10321.05505,19579.955629,1.214716,12,61.466535,8.741523,6.799252,9.710859,1.942272,7,-22.218914,29965.389169,23568.996617,40972.183471,1.160767,10,36.731691,21.659973,14.495135,25.177449,7.164837,6,-33.0787,922921.302795,826556.673571,1901873.346986,0.721963,20,106.07102,662.523247,612.539212,710.974256,49.984035,10,-2.972791
2022-12-17,"Potatoes, root crops, non-starchy bulbs and mushrooms",19570.30945714286,28934.50682857143,2033935.9528571428,0.4583672857142857,0.6791285714285714,47.743595000000006,12,15,15,11,9479.581166,7237.189171,19570.309457,0.949587,16,106.446984,0.46348,0.458367,0.464637,0.005112,29,-1.103055,14246.901157,10888.947086,28934.506829,0.551881,16,103.093336,0.697227,0.679129,0.705335,0.018099,28,-2.59584,1017563.41704,774128.405286,2033935.952857,0.795998,18,99.882967,49.794536,47.743595,50.189854,2.050941,28,-4.118808
2022-12-17,Preserved fruit and fruit based products,806.9463428571428,1183.8010285714286,171002.6588142857,0.8751385714285714,1.284695,185.54497971428572,30,30,27,11,792.376834,427.837867,909.3098,0.079374,29,1.83871,0.873013,0.862756,0.878507,0.010257,25,0.243428,1172.190112,623.814667,1352.714314,0.045407,30,0.990532,1.290893,1.277285,1.314326,0.023434,25,-0.480131,168954.540101,90254.870717,194439.635686,0.132166,25,1.212231,186.086047,184.937372,188.026297,1.940251,22,-0.290762
2022-12-17,Ready meals,88710.79235714285,286054.254,9946543.391871428,10.997124571428571,35.601324999999996,1233.1743101428572,5,4,5,11,69234.105759,59992.4463,88710.792357,6.935307,4,28.131636,11.115542,10.328625,11.579405,0.786918,6,-1.065336,227633.511184,196833.1531,286054.254,8.817823,4,25.664386,36.533255,33.59909,38.377942,2.934165,3,-2.550907,8015120.061351,6754268.6726,9946543.391871,6.269897,5,24.097248,1287.886634,1233.17431,1329.759094,54.712323,6,-4.248225
2022-12-17,Rice,7011.981285714285,4423.766928571428,3538603.248285714,4.429842714285714,2.794664142857143,2235.544597,20,25,12,11,6693.004805,4764.563817,7877.731471,0.670451,18,4.765819,4.413957,4.395409,4.435112,0.021155,11,0.359895,4231.196538,3004.00565,4992.0532,0.163904,23,4.551204,2.790459,2.785549,2.796059,0.0056,21,0.150689,3374950.652558,2405027.938333,3968670.926971,2.640084,8,4.849037,2225.728891,2214.268126,2238.80079,13.071899,3,0.441011
2022-12-17,"Salt, spices, culinary herbs and other food products",1145.6148857142857,3982.261571428571,737993.1116857143,1.072183142857143,3.718404857142857,684.4468144285714,29,26,24,11,516.810652,379.375457,1145.614886,0.05177,30,121.670138,1.074819,0.809817,1.221574,0.265002,23,-0.245234,1349.002485,884.187243,3982.261571,0.052256,29,195.200462,2.758251,1.860042,4.102337,1.344086,22,34.810267,163697.872327,91196.791014,737993.111686,0.128054,26,350.826331,323.367205,227.575549,684.446814,361.079609,19,111.662408
2022-12-17,"Sauces, condiments",16390.927014285717,32628.76467142857,2346649.0880142855,2.253694142857143,4.442901714285714,322.7806777142857,15,12,14,11,9741.672716,6612.831643,16390.927014,0.975841,15,68.255776,2.272242,2.219467,2.334464,0.062222,16,-0.81627,19720.604072,13509.463229,32628.764671,0.763916,14,65.455199,4.633239,4.137111,5.845381,1.212142,15,-4.108083,1352646.415272,951675.764257,2346649.088014,1.058119,16,73.485773,315.774797,298.01131,338.335853,22.561056,20,2.218632
2022-12-17,Savoury snacks,6976.290085714286,21948.03674285714,1387744.5313571428,1.8854341428571428,5.935342857142857,377.17663871428573,21,17,22,11,3508.406924,2934.376717,6976.290086,0.351444,23,98.844953,1.778011,1.72737,1.930614,0.152603,19,6.041765,11150.688654,9137.195133,21948.036743,0.431943,17,96.831222,5.653864,5.480259,6.146643,0.492779,13,4.978516,678020.444067,547013.339467,1387744.531357,0.530387,22,104.675913,343.50234,316.547979,437.715846,94.213506,18,9.803223
2022-12-17,"Soft drinks (inc. fizzy and ready to drink fruit drinks), mineral or spring water",10412.868728571428,3335.1026142857145,116022.95531428572,0.225306,0.07172057142857144,2.5624525714285715,18,27,29,11,5649.728345,4618.665886,10412.868729,0.565944,19,84.307423,0.21015,0.205601,0.225306,0.015156,30,7.212192,1483.983748,1169.996771,3335.102614,0.057485,28,124.739834,0.055049,0.049885,0.071721,0.016672,30,30.285114,65043.039427,52897.311257,116022.955314,0.05088,30,78.378742,2.439413,2.236549,2.64423,0.204817,30,5.043831
2022-12-17,"Sugar, sugar products, jams and marmalades",8378.2543,7005.104414285714,1443213.1233714286,2.177200857142857,1.8193145714285717,374.9485755714286,19,22,21,11,5300.058234,3688.53565,8378.2543,0.530917,20,58.078533,2.154882,2.107335,2.194137,0.047547,17,1.035738,4454.640753,3104.651483,7005.104414,0.172559,22,57.254082,1.811221,1.793978,1.825456,0.017243,23,0.446859,914944.404727,637128.790567,1443213.123371,0.715723,21,57.737794,372.001013,365.721601,377.185269,6.279412,16,0.792353
2022-12-17,"Tea, coffee, cocoa and powdered chocolate",54265.222928571435,59652.77055714286,171887.48797142858,27.555150857142856,30.299541714285713,87.51751614285715,7,8,26,11,39709.720555,28327.34405,54265.222929,3.977795,7,36.654759,26.740506,26.019858,27.627357,0.88685,2,3.046481,42263.378573,30278.014383,59652.770557,1.637153,8,41.145295,28.425734,27.112628,30.299542,1.873808,5,6.591942,99012.963197,64382.544514,171887.487971,0.077454,28,73.600994,66.404043,50.741391,87.517516,21.113474,27,31.795464
2022-12-24,"Baker's yeast, dessert preparations, soups",6722.3691,7743.733816666667,1159736.8730666668,2.531806,2.9753258333333332,436.5804028333334,16,18,14,11,7985.690448,5158.9966,11109.725871,0.799941,17,-15.819814,2.638836,2.399434,3.01519,0.376354,15,-4.055943,10133.984543,7743.733817,12772.186,0.392559,18,-23.586485,3.457694,2.339541,5.233981,1.776287,19,-13.950586,1385906.736596,932849.351929,1911053.4077,1.084137,15,-16.31927,459.239816,405.329624,545.753175,86.513359,15,-4.934113
2022-12-24,Beef and Lamb,231172.21948333332,832943.4862,3754522.7643333334,92.60565000000001,331.2154225,1491.4914848333335,1,1,6,11,207224.686107,139791.837786,342066.711086,20.758075,2,11.556313,90.78412,81.878412,93.473207,8.905708,1,2.006442,762451.264726,511727.556257,1210221.180571,29.535021,1,9.245472,332.544384,330.582466,339.041855,6.497471,1,-0.399634,3446260.019342,2311457.704143,5441731.711429,2.695867,7,8.944849,1502.220715,1486.381377,1554.67736,52.456645,4,-0.714225
2022-12-24,Breads and cereals,27259.42595,67389.80845,9951514.284966668,1.7078608333333332,4.227791333333333,626.3412396666666,8,5,3,11,34676.828332,27259.42595,44667.298843,3.473641,8,-21.390083,1.729168,1.706626,1.753884,0.024716,21,-1.232199,84408.522919,67389.80845,110732.959757,3.269727,6,-20.162318,4.207487,4.155123,4.294658,0.087171,16,0.482567,12243011.855362,9951514.284967,16090617.298671,9.577201,3,-18.71678,610.467519,604.357677,626.34124,15.87372,12,2.600256
2022-12-24,"Buns, crispbread and biscuits",7038.073033333333,8809.096749999999,654959.3385833333,4.039866,5.046824833333333,379.7908763333333,15,17,20,11,14641.766396,7038.073033,18824.045329,1.466692,11,-51.93153,4.567265,3.926231,4.713494,0.641034,10,-11.547377,18464.739406,8809.09675,23471.154129,0.715267,15,-52.292331,5.761494,4.890149,5.974548,0.871345,12,-12.404227,1107429.666344,654959.338583,1873560.941871,0.866296,17,-40.857703,345.52277,336.010497,388.190236,42.667466,17,9.917756
2022-12-24,Cakes and puddings,9593.00885,19491.478466666667,1487965.5322,3.706655666666667,7.5404548333333326,578.1883681666667,12,11,11,11,12052.166693,9446.5345,27323.8271,1.207288,13,-20.40428,3.866842,3.605168,4.120057,0.261674,12,-4.142556,24195.206302,19153.708186,54549.739343,0.937248,13,-19.440743,7.761808,7.357303,8.090825,0.404506,11,-2.851831,1796396.537273,1442834.604586,4056742.431329,1.405247,13,-17.169428,574.910952,564.979312,581.588772,9.93164,13,0.570074
2022-12-24,Chocolate,28150.22913333333,48669.253133333325,1485490.0995166667,26.702309833333334,46.162785500000005,1408.5650658333334,7,6,12,11,58315.82945,28150.229133,132547.293257,5.841603,5,-51.72798,26.648336,26.635705,26.70231,0.053974,3,0.202541,100886.00487,48669.253133,229294.0415,3.908014,5,-51.758172,46.100992,46.086531,46.162786,0.061793,2,0.134038,3087731.596088,1485490.099517,7016207.887686,2.415405,10,-51.890569,1410.912515,1408.565066,1411.461877,2.347449,5,-0.166378
2022-12-24,Confectionery products,1230.3423500000001,1949.08865,182796.12708333333,3.1778926666666667,5.030728333333333,468.53773283333334,27,25,25,11,2639.015552,1230.34235,3506.494586,0.264355,26,-53.378738,3.375115,3.076151,3.996045,0.620931,13,-5.843419,4173.185967,1949.08865,5594.6689,0.161656,24,-53.294949,5.335199,4.888743,6.384052,1.048852,14,-5.706834,365423.519615,182796.127083,451633.892,0.285856,24,-49.976912,467.73042,451.206086,488.80262,21.0722,14,0.172602
2022-12-24,Dairy alternative,1800.7595166666667,1287.6059,51670.498499999994,0.9800955,0.7007341666666665,28.1114105,25,29,30,11,2660.652938,1800.759517,3323.2613,0.266522,25,-32.318887,0.980224,0.980018,0.980467,0.000243,24,-0.013121,1904.762021,1287.6059,2379.9254,0.073785,27,-32.400694,0.701721,0.700136,0.703588,0.001867,27,-0.140587,76719.871596,51670.4985,95957.073143,0.060015,29,-32.650437,28.261161,28.02064,28.544487,0.283326,29,-0.529881
2022-12-24,Dairy products and eggs,181843.00626666666,556267.4201333333,37951671.55951667,4.644140666666666,14.2419875,971.5814353333334,2,2,1,11,232477.799758,181843.006267,351065.404543,23.287725,1,-21.780486,4.695567,4.563031,5.229134,0.533567,8,-1.095207,710535.102733,556267.420133,1103935.183871,27.523948,2,-21.711479,14.350037,13.874504,16.437715,2.087678,7,-0.752956,48504478.375397,37951671.559517,74580377.351429,37.943045,1,-21.756356,979.638118,947.127741,1110.38497,130.746852,8,-0.822414
2022-12-24,Dried fruit and nuts,1159.7746333333332,6726.9850166666665,1807778.1909,1.8917973333333336,10.954367166666666,2942.6832818333332,28,19,10,11,1354.723428,1038.388929,3492.095486,0.135705,28,-14.390302,1.889388,1.871719,1.912103,0.022716,18,0.127523,7856.897445,6027.1344,20353.999714,0.304352,20,-14.381153,10.957706,10.926228,10.982189,0.031477,9,-0.030468,2111373.829218,1619963.4337,5475933.913743,1.65164,12,-14.379057,2944.647013,2926.133188,2959.04748,18.513825,2,-0.066688
2022-12-24,Edible oils and plant-based spreads,7616.68445,21393.85755,1382403.26375,4.548981333333333,12.765695333333333,820.3810838333333,14,10,13,11,11516.024682,7616.68445,19449.161571,1.153581,14,-33.860124,4.571062,4.524855,4.614628,0.046207,9,-0.483059,32326.766906,21393.85755,58323.040243,1.25224,9,-33.81999,12.826853,12.319996,13.748304,0.921451,8,-0.476794,2159306.817661,1382403.26375,3664321.3365,1.689136,11,-35.979304,859.015758,796.975647,904.810217,62.040111,9,-4.497551
2022-12-24,Fish and fish products,32840.772866666666,17677.2765,8182560.301666667,14.795633,7.924590833333333,3675.505187,5,13,4,11,44048.218618,32840.772867,56109.634029,4.41239,6,-25.443585,14.279638,14.164105,14.795633,0.515995,5,3.6135,25097.448283,17677.2765,30066.8442,0.972198,12,-29.565443,8.135042,7.924591,8.182162,0.210451,10,-2.58697,11359882.239798,8182560.301667,13942633.360857,8.886365,4,-27.969673,3682.364329,3675.505187,3683.900114,6.859142,1,-0.18627
2022-12-24,"Fresh, chilled or frozen fruit",10891.896033333333,18436.855766666664,2308666.66155,0.850765,1.4390853333333335,180.36603716666664,10,12,9,11,15789.317297,10891.896033,19602.676833,1.581645,10,-31.017309,0.869141,0.801294,0.91134,0.067847,26,-2.114289,26149.090577,18436.855767,31249.10995,1.012935,11,-29.493319,1.440723,1.375786,1.496551,0.064936,24,-0.113643,3309952.701717,2308666.66155,4022982.239033,2.589239,9,-30.250766,182.199418,171.490344,193.700603,11.501184,24,-1.00625
2022-12-24,Fruit and vegetable juices,3322.8124000000003,5507.827633333333,802306.9711000001,0.5322918333333333,0.8809903333333334,128.1912575,21,20,19,11,3956.552029,3322.8124,6014.348971,0.396335,21,-16.017472,0.549655,0.523444,0.565905,0.026211,27,-3.158982,6420.381727,5507.827633,10098.037914,0.248706,21,-14.213393,0.890925,0.874856,0.907908,0.016983,26,-1.115103,957660.438973,802306.9711,1466231.447171,0.749138,19,-16.222187,133.064152,127.725177,136.908499,5.338975,25,-3.662064
2022-12-24,"Leafy and stem vegetables, including cabbages",2291.5104333333334,2332.7069166666665,490911.01989999996,0.5204713333333334,0.5260518333333334,110.88893783333333,24,24,23,11,2757.371029,2291.510433,5559.985586,0.276211,24,-16.8951,0.52777,0.516959,0.544295,0.016525,28,-1.382927,2803.538455,2332.706917,5906.793629,0.1086,26,-16.794189,0.535526,0.508317,0.556186,0.027209,29,-1.769162,582885.201471,490911.0199,1223458.897614,0.455967,23,-15.779124,111.33321,109.938657,113.745759,2.412549,26,-0.399048
2022-12-24,Meat alternative,1507.4601833333334,1767.9512166666666,76279.34551666667,3.1635465000000003,3.7211595,160.85220566666666,26,26,27,11,2334.920785,1507.460183,3546.6332,0.233893,27,-35.438487,3.203856,3.15683,3.258684,0.054828,14,-1.258158,2935.016621,1767.951217,4661.065671,0.113694,25,-39.763502,4.007139,3.664715,4.363268,0.356129,17,-7.136749,134877.095393,76279.345517,224216.564714,0.105509,27,-43.445293,183.238195,156.950947,211.128878,27.890684,23,-12.216879
2022-12-24,Other Meat,120499.74901666667,242973.5198,10935977.428233333,13.492076833333334,26.63549516666667,1231.4357343333334,3,3,2,11,155605.134295,120499.749017,240673.170914,15.58725,3,-22.560557,14.54359,13.440539,15.963764,1.420174,4,-7.230079,346493.577259,242973.5198,463373.103614,13.422097,3,-29.876472,32.476188,26.094584,40.120317,7.644129,4,-17.98454,12871723.378448,10935977.428233,23519542.951257,10.069016,2,-15.038747,1196.865944,1171.617404,1306.265527,109.399583,7,2.888359
2022-12-24,Other vegetables,15914.283133333332,34800.80906666667,3003937.4826333337,1.3451955,2.8892656666666667,251.8354161666667,9,7,7,11,21710.047346,15914.283133,28532.786986,2.174735,9,-26.69623,1.356362,1.328676,1.385649,0.029287,22,-0.823266,48418.258862,34800.809067,62979.575171,1.875575,7,-28.124617,3.024343,2.70005,3.328264,0.324293,20,-4.466333,4158886.236624,3003937.482633,5335174.981029,3.253324,6,-27.770626,259.81835,251.354083,267.523771,8.464267,21,-3.072506
2022-12-24,Pasta products,2469.6862833333334,5343.18925,917760.7748333333,1.7742588333333333,3.8229466666666667,657.3682985,23,21,16,11,3786.170854,2469.686283,4294.3287,0.379268,22,-34.770871,1.768948,1.755839,1.788505,0.019556,20,0.30021,8190.71269,5343.18925,9354.024514,0.317283,19,-34.765271,3.82556,3.819282,3.831063,0.006278,18,-0.068311,1402184.256253,917760.774833,1595015.077443,1.096871,14,-34.547776,655.192799,650.769265,663.292973,8.100175,11,0.33204
2022-12-24,Pastry (savoury),10321.05505,23568.996616666667,891462.4366499999,7.473305,16.911920833333333,657.6648201666667,11,9,17,11,12126.324274,10321.05505,19579.955629,1.214716,12,-14.887192,8.741523,6.799252,9.710859,1.942272,7,-14.507979,29965.389169,23568.996617,40972.183471,1.160767,10,-21.345935,21.659973,14.495135,25.177449,7.164837,6,-21.920857,922921.302795,826556.673571,1901873.346986,0.721963,20,-3.408618,662.523247,612.539212,710.974256,49.984035,10,-0.733322
2022-12-24,"Potatoes, root crops, non-starchy bulbs and mushrooms",7812.934883333332,11693.152416666666,834143.2458333332,0.4627515,0.6979726666666667,49.66518366666667,13,15,18,11,9479.581166,7237.189171,19570.309457,0.949587,16,-17.581434,0.46348,0.458367,0.464637,0.005112,29,-0.15712,14246.901157,10888.947086,28934.506829,0.551881,16,-17.924942,0.697227,0.679129,0.705335,0.018099,28,0.106878,1017563.41704,774128.405286,2033935.952857,0.795998,18,-18.025429,49.794536,47.743595,50.189854,2.050941,28,-0.259773
2022-12-24,Preserved fruit and fruit based products,427.8378666666667,623.8146666666667,90254.87071666667,0.8772568333333334,1.2800355,185.162866,30,30,26,11,792.376834,427.837867,909.3098,0.079374,29,-46.005758,0.873013,0.862756,0.878507,0.010257,25,0.486066,1172.190112,623.814667,1352.714314,0.045407,30,-46.782125,1.290893,1.277285,1.314326,0.023434,25,-0.841083,168954.540101,90254.870717,194439.635686,0.132166,25,-46.580382,186.086047,184.937372,188.026297,1.940251,22,-0.496104
2022-12-24,Ready meals,62260.468916666665,204493.59308333334,6754268.6726,11.385987,37.203007,1241.8756745,4,4,5,11,69234.105759,59992.4463,88710.792357,6.935307,4,-10.072546,11.115542,10.328625,11.579405,0.786918,6,2.433031,227633.511184,196833.1531,286054.254,8.817823,4,-10.165427,36.533255,33.59909,38.377942,2.934165,3,1.833268,8015120.061351,6754268.6726,9946543.391871,6.269897,5,-15.730911,1287.886634,1233.17431,1329.759094,54.712323,6,-3.572594
2022-12-24,Rice,4764.563816666667,3004.0056500000005,2405027.938333333,4.435112166666666,2.796059,2238.800789666667,19,23,8,11,6693.004805,4764.563817,7877.731471,0.670451,18,-28.812784,4.413957,4.395409,4.435112,0.021155,11,0.479276,4231.196538,3004.00565,4992.0532,0.163904,23,-29.003401,2.790459,2.785549,2.796059,0.0056,21,0.200676,3374950.652558,2405027.938333,3968670.926971,2.640084,8,-28.738871,2225.728891,2214.268126,2238.80079,13.071899,3,0.587309
2022-12-24,"Salt, spices, culinary herbs and other food products",466.9999,1479.0401333333332,234229.56058333334,1.1062108333333334,3.5197418333333332,564.7254154999999,29,27,24,11,516.810652,379.375457,1145.614886,0.05177,30,-9.638105,1.074819,0.809817,1.221574,0.265002,23,2.920666,1349.002485,884.187243,3982.261571,0.052256,29,9.639541,2.758251,1.860042,4.102337,1.344086,22,27.607765,163697.872327,91196.791014,737993.111686,0.128054,26,43.086503,323.367205,227.575549,684.446814,361.079609,19,74.63905
2022-12-24,"Sauces, condiments",6612.8316428571425,13509.463228571429,951675.7642571429,2.2194674285714284,5.845381428571429,338.335853,17,14,15,11,9741.672716,6612.831643,16390.927014,0.975841,15,-32.118109,2.272242,2.219467,2.334464,0.062222,16,-2.322567,19720.604072,13509.463229,32628.764671,0.763916,14,-31.495693,4.633239,4.137111,5.845381,1.212142,15,26.16188,1352646.415272,951675.764257,2346649.088014,1.058119,16,-29.643419,315.774797,298.01131,338.335853,22.561056,20,7.144666
2022-12-24,Savoury snacks,2934.376716666667,9137.195133333333,547013.3394666667,1.8322503333333333,5.695875,340.4002565,22,16,22,11,3508.406924,2934.376717,6976.290086,0.351444,23,-16.361563,1.778011,1.72737,1.930614,0.152603,19,3.050568,11150.688654,9137.195133,21948.036743,0.431943,17,-18.057123,5.653864,5.480259,6.146643,0.492779,13,0.743044,678020.444067,547013.339467,1387744.531357,0.530387,22,-19.321999,343.50234,316.547979,437.715846,94.213506,18,-0.903075
2022-12-24,"Soft drinks (inc. fizzy and ready to drink fruit drinks), mineral or spring water",4922.153416666667,1469.0313666666668,57178.11805,0.22016733333333335,0.0664585,2.6442296666666665,18,28,29,11,5649.728345,4618.665886,10412.868729,0.565944,19,-12.878052,0.21015,0.205601,0.225306,0.015156,30,4.76695,1483.983748,1169.996771,3335.102614,0.057485,28,-1.007584,0.055049,0.049885,0.071721,0.016672,30,20.726217,65043.039427,52897.311257,116022.955314,0.05088,30,-12.091872,2.439413,2.236549,2.64423,0.204817,30,8.396159
2022-12-24,"Sugar, sugar products, jams and marmalades",3688.53565,3104.6514833333335,637128.7905666666,2.150165,1.8095100000000002,371.3780246666667,20,22,21,11,5300.058234,3688.53565,8378.2543,0.530917,20,-30.405752,2.154882,2.107335,2.194137,0.047547,17,-0.218895,4454.640753,3104.651483,7005.104414,0.172559,22,-30.305233,1.811221,1.793978,1.825456,0.017243,23,-0.094465,914944.404727,637128.790567,1443213.123371,0.715723,21,-30.364207,372.001013,365.721601,377.185269,6.279412,16,-0.16747
2022-12-24,"Tea, coffee, cocoa and powdered chocolate",28327.34405,30278.01438333333,73556.36986666666,26.968097333333333,28.898834500000003,71.90291466666666,6,8,28,11,39709.720555,28327.34405,54265.222929,3.977795,7,-28.663955,26.740506,26.019858,27.627357,0.88685,2,0.851109,42263.378573,30278.014383,59652.770557,1.637153,8,-28.358746,28.425734,27.112628,30.299542,1.873808,5,1.66434,99012.963197,64382.544514,171887.487971,0.077454,28,-25.710364,66.404043,50.741391,87.517516,21.113474,27,8.28093
